seed,n_samples,noise_level,split_type,model,target_index,variable,test_r2
0,1200,0.3,random,rf_baseline,0,elevation,0.42492461019376015
0,1200,0.3,random,rf_baseline,1,slope,0.4618633745528573
0,1200,0.3,random,rf_baseline,2,aspect,0.3366629495628024
0,1200,0.3,random,rf_baseline,3,flow_accumulation,0.10286459348998789
0,1200,0.3,random,rf_baseline,4,clay_fraction,0.44801704894168537
0,1200,0.3,random,rf_baseline,5,organic_carbon,0.3883617839795691
0,1200,0.3,random,rf_baseline,6,soil_ph,0.21348706475072998
0,1200,0.3,random,rf_baseline,7,water_capacity,0.3585974135430027
0,1200,0.3,random,rf_baseline,8,ndvi_mean,0.8900149011616509
0,1200,0.3,random,rf_baseline,9,ndvi_max,0.8144793212190913
0,1200,0.3,random,rf_baseline,10,evi_mean,0.6382014777854376
0,1200,0.3,random,rf_baseline,11,lai_mean,0.40651795822495285
0,1200,0.3,random,rf_baseline,12,tree_cover,0.48275341753645096
0,1200,0.3,random,rf_baseline,13,albedo,0.1473924713474788
0,1200,0.3,random,rf_baseline,14,lst_daytime,0.697848394273588
0,1200,0.3,random,rf_baseline,15,lst_nighttime,0.6799784704968079
0,1200,0.3,random,rf_baseline,16,air_temp_mean,0.6804217673858873
0,1200,0.3,random,rf_baseline,17,dew_point_temp,0.6097515066418563
0,1200,0.3,random,rf_baseline,18,annual_precip,0.7619213693373403
0,1200,0.3,random,rf_baseline,19,max_monthly_precip,0.6410428545369665
0,1200,0.3,random,rf_baseline,20,soil_moisture,0.7906876006792831
0,1200,0.3,random,rf_baseline,21,annual_runoff,0.7790384419993485
0,1200,0.3,random,rf_baseline,22,annual_et,0.6479120849167443
0,1200,0.3,random,rf_baseline,23,impervious_surface,0.3646794922603408
0,1200,0.3,random,rf_baseline,24,nighttime_lights,0.4979841152775102
0,1200,0.3,random,rf_baseline,25,population_density,0.43764204443290233
0,1200,0.3,random,et_random_thresholds,0,elevation,0.4713735682260495
0,1200,0.3,random,et_random_thresholds,1,slope,0.44661953926574127
0,1200,0.3,random,et_random_thresholds,2,aspect,0.3780455441894296
0,1200,0.3,random,et_random_thresholds,3,flow_accumulation,0.11776969113699942
0,1200,0.3,random,et_random_thresholds,4,clay_fraction,0.4436713088234203
0,1200,0.3,random,et_random_thresholds,5,organic_carbon,0.3813110224736065
0,1200,0.3,random,et_random_thresholds,6,soil_ph,0.2517061530607033
0,1200,0.3,random,et_random_thresholds,7,water_capacity,0.37864851650826115
0,1200,0.3,random,et_random_thresholds,8,ndvi_mean,0.897825196109023
0,1200,0.3,random,et_random_thresholds,9,ndvi_max,0.8222101031123958
0,1200,0.3,random,et_random_thresholds,10,evi_mean,0.6317864882024024
0,1200,0.3,random,et_random_thresholds,11,lai_mean,0.44136242638008116
0,1200,0.3,random,et_random_thresholds,12,tree_cover,0.49977749054857035
0,1200,0.3,random,et_random_thresholds,13,albedo,0.11548333852627113
0,1200,0.3,random,et_random_thresholds,14,lst_daytime,0.6966588549973782
0,1200,0.3,random,et_random_thresholds,15,lst_nighttime,0.6924310930461486
0,1200,0.3,random,et_random_thresholds,16,air_temp_mean,0.7071857649149593
0,1200,0.3,random,et_random_thresholds,17,dew_point_temp,0.6337521502209751
0,1200,0.3,random,et_random_thresholds,18,annual_precip,0.7715322855905331
0,1200,0.3,random,et_random_thresholds,19,max_monthly_precip,0.6544325235498638
0,1200,0.3,random,et_random_thresholds,20,soil_moisture,0.7925131365105147
0,1200,0.3,random,et_random_thresholds,21,annual_runoff,0.791528442199209
0,1200,0.3,random,et_random_thresholds,22,annual_et,0.6609822121428498
0,1200,0.3,random,et_random_thresholds,23,impervious_surface,0.49261412507321556
0,1200,0.3,random,et_random_thresholds,24,nighttime_lights,0.5333289090608184
0,1200,0.3,random,et_random_thresholds,25,population_density,0.5260645748664474
0,1200,0.3,random,et_more_trees,0,elevation,0.4877816767065921
0,1200,0.3,random,et_more_trees,1,slope,0.45916657018573037
0,1200,0.3,random,et_more_trees,2,aspect,0.3912333236091373
0,1200,0.3,random,et_more_trees,3,flow_accumulation,0.13864152795046258
0,1200,0.3,random,et_more_trees,4,clay_fraction,0.4419411783433733
0,1200,0.3,random,et_more_trees,5,organic_carbon,0.38700267072455297
0,1200,0.3,random,et_more_trees,6,soil_ph,0.2553430974358528
0,1200,0.3,random,et_more_trees,7,water_capacity,0.39462464759891636
0,1200,0.3,random,et_more_trees,8,ndvi_mean,0.898589256795598
0,1200,0.3,random,et_more_trees,9,ndvi_max,0.826912482724302
0,1200,0.3,random,et_more_trees,10,evi_mean,0.6446963738157494
0,1200,0.3,random,et_more_trees,11,lai_mean,0.450116106035083
0,1200,0.3,random,et_more_trees,12,tree_cover,0.5060418946113552
0,1200,0.3,random,et_more_trees,13,albedo,0.1462541818733355
0,1200,0.3,random,et_more_trees,14,lst_daytime,0.6999712363703785
0,1200,0.3,random,et_more_trees,15,lst_nighttime,0.6996984980006914
0,1200,0.3,random,et_more_trees,16,air_temp_mean,0.7102254665982313
0,1200,0.3,random,et_more_trees,17,dew_point_temp,0.6362798349856276
0,1200,0.3,random,et_more_trees,18,annual_precip,0.7699935526117911
0,1200,0.3,random,et_more_trees,19,max_monthly_precip,0.661142657391388
0,1200,0.3,random,et_more_trees,20,soil_moisture,0.7939254167041578
0,1200,0.3,random,et_more_trees,21,annual_runoff,0.7925081200103175
0,1200,0.3,random,et_more_trees,22,annual_et,0.6659416384739579
0,1200,0.3,random,et_more_trees,23,impervious_surface,0.4816570037464749
0,1200,0.3,random,et_more_trees,24,nighttime_lights,0.5321875728231951
0,1200,0.3,random,et_more_trees,25,population_density,0.5415550406184813
0,1200,0.3,random,et_feature_subsample,0,elevation,0.48581418570548274
0,1200,0.3,random,et_feature_subsample,1,slope,0.46107971053849184
0,1200,0.3,random,et_feature_subsample,2,aspect,0.38511018185426016
0,1200,0.3,random,et_feature_subsample,3,flow_accumulation,0.12390000085101427
0,1200,0.3,random,et_feature_subsample,4,clay_fraction,0.4416014168348652
0,1200,0.3,random,et_feature_subsample,5,organic_carbon,0.3838172341625843
0,1200,0.3,random,et_feature_subsample,6,soil_ph,0.24334551382046732
0,1200,0.3,random,et_feature_subsample,7,water_capacity,0.38393742985433266
0,1200,0.3,random,et_feature_subsample,8,ndvi_mean,0.8989254044138297
0,1200,0.3,random,et_feature_subsample,9,ndvi_max,0.8270657210058272
0,1200,0.3,random,et_feature_subsample,10,evi_mean,0.6499717675348882
0,1200,0.3,random,et_feature_subsample,11,lai_mean,0.4544910098640583
0,1200,0.3,random,et_feature_subsample,12,tree_cover,0.5034538239909319
0,1200,0.3,random,et_feature_subsample,13,albedo,0.1472632051088375
0,1200,0.3,random,et_feature_subsample,14,lst_daytime,0.7001410588973281
0,1200,0.3,random,et_feature_subsample,15,lst_nighttime,0.6985306020589066
0,1200,0.3,random,et_feature_subsample,16,air_temp_mean,0.7232248288507526
0,1200,0.3,random,et_feature_subsample,17,dew_point_temp,0.6235953803132352
0,1200,0.3,random,et_feature_subsample,18,annual_precip,0.7705522395821415
0,1200,0.3,random,et_feature_subsample,19,max_monthly_precip,0.6671861752480556
0,1200,0.3,random,et_feature_subsample,20,soil_moisture,0.8035491103108534
0,1200,0.3,random,et_feature_subsample,21,annual_runoff,0.7936072421127385
0,1200,0.3,random,et_feature_subsample,22,annual_et,0.6615995771516825
0,1200,0.3,random,et_feature_subsample,23,impervious_surface,0.4466241812149807
0,1200,0.3,random,et_feature_subsample,24,nighttime_lights,0.5407963809571948
0,1200,0.3,random,et_feature_subsample,25,population_density,0.5518658286767788
0,1200,0.3,random,et_full,0,elevation,0.48762010148060375
0,1200,0.3,random,et_full,1,slope,0.46569650416229647
0,1200,0.3,random,et_full,2,aspect,0.39376132729529834
0,1200,0.3,random,et_full,3,flow_accumulation,0.12632632461443793
0,1200,0.3,random,et_full,4,clay_fraction,0.4365819876521124
0,1200,0.3,random,et_full,5,organic_carbon,0.3927680534793625
0,1200,0.3,random,et_full,6,soil_ph,0.2599471432677296
0,1200,0.3,random,et_full,7,water_capacity,0.3896431260328558
0,1200,0.3,random,et_full,8,ndvi_mean,0.9022493015774884
0,1200,0.3,random,et_full,9,ndvi_max,0.8300528909296752
0,1200,0.3,random,et_full,10,evi_mean,0.650547519350062
0,1200,0.3,random,et_full,11,lai_mean,0.4498515420453547
0,1200,0.3,random,et_full,12,tree_cover,0.5074120910752653
0,1200,0.3,random,et_full,13,albedo,0.15106118391615975
0,1200,0.3,random,et_full,14,lst_daytime,0.7080215230011866
0,1200,0.3,random,et_full,15,lst_nighttime,0.7043135560789621
0,1200,0.3,random,et_full,16,air_temp_mean,0.7198616645171667
0,1200,0.3,random,et_full,17,dew_point_temp,0.6323818683824707
0,1200,0.3,random,et_full,18,annual_precip,0.7744041866660665
0,1200,0.3,random,et_full,19,max_monthly_precip,0.6747276650933494
0,1200,0.3,random,et_full,20,soil_moisture,0.8024259906300014
0,1200,0.3,random,et_full,21,annual_runoff,0.8010875288980532
0,1200,0.3,random,et_full,22,annual_et,0.6662304647849078
0,1200,0.3,random,et_full,23,impervious_surface,0.45726659858393315
0,1200,0.3,random,et_full,24,nighttime_lights,0.542453762994759
0,1200,0.3,random,et_full,25,population_density,0.5540300688265163
0,1200,0.3,spatial,rf_baseline,0,elevation,0.4255492198449736
0,1200,0.3,spatial,rf_baseline,1,slope,0.5427124779835839
0,1200,0.3,spatial,rf_baseline,2,aspect,0.3102943318374517
0,1200,0.3,spatial,rf_baseline,3,flow_accumulation,0.18460580586058917
0,1200,0.3,spatial,rf_baseline,4,clay_fraction,0.4226616801811083
0,1200,0.3,spatial,rf_baseline,5,organic_carbon,0.4377444544712892
0,1200,0.3,spatial,rf_baseline,6,soil_ph,0.19839805566407698
0,1200,0.3,spatial,rf_baseline,7,water_capacity,0.36831808246964937
0,1200,0.3,spatial,rf_baseline,8,ndvi_mean,0.8840056375252278
0,1200,0.3,spatial,rf_baseline,9,ndvi_max,0.840435656906
0,1200,0.3,spatial,rf_baseline,10,evi_mean,0.6633137581962083
0,1200,0.3,spatial,rf_baseline,11,lai_mean,0.4691103016562099
0,1200,0.3,spatial,rf_baseline,12,tree_cover,0.5107143169408883
0,1200,0.3,spatial,rf_baseline,13,albedo,0.17593521133883916
0,1200,0.3,spatial,rf_baseline,14,lst_daytime,0.6993070050089437
0,1200,0.3,spatial,rf_baseline,15,lst_nighttime,0.709267516158714
0,1200,0.3,spatial,rf_baseline,16,air_temp_mean,0.7204956611756518
0,1200,0.3,spatial,rf_baseline,17,dew_point_temp,0.6694739245798351
0,1200,0.3,spatial,rf_baseline,18,annual_precip,0.7111274010938884
0,1200,0.3,spatial,rf_baseline,19,max_monthly_precip,0.5883047017912215
0,1200,0.3,spatial,rf_baseline,20,soil_moisture,0.7980251923881772
0,1200,0.3,spatial,rf_baseline,21,annual_runoff,0.7329218990772659
0,1200,0.3,spatial,rf_baseline,22,annual_et,0.6622723967408819
0,1200,0.3,spatial,rf_baseline,23,impervious_surface,0.3215939002668051
0,1200,0.3,spatial,rf_baseline,24,nighttime_lights,0.29646146691796704
0,1200,0.3,spatial,rf_baseline,25,population_density,0.31672472508819616
0,1200,0.3,spatial,et_full,0,elevation,0.4494499996746629
0,1200,0.3,spatial,et_full,1,slope,0.5789585421643667
0,1200,0.3,spatial,et_full,2,aspect,0.32439656255837457
0,1200,0.3,spatial,et_full,3,flow_accumulation,0.20762397732594506
0,1200,0.3,spatial,et_full,4,clay_fraction,0.410587658380825
0,1200,0.3,spatial,et_full,5,organic_carbon,0.4367469155776016
0,1200,0.3,spatial,et_full,6,soil_ph,0.20979435447774142
0,1200,0.3,spatial,et_full,7,water_capacity,0.3787878483888074
0,1200,0.3,spatial,et_full,8,ndvi_mean,0.8906263321377793
0,1200,0.3,spatial,et_full,9,ndvi_max,0.8430303897872811
0,1200,0.3,spatial,et_full,10,evi_mean,0.6687120278138655
0,1200,0.3,spatial,et_full,11,lai_mean,0.4655616126460995
0,1200,0.3,spatial,et_full,12,tree_cover,0.5248597878529194
0,1200,0.3,spatial,et_full,13,albedo,0.17848283760209316
0,1200,0.3,spatial,et_full,14,lst_daytime,0.7030521623777289
0,1200,0.3,spatial,et_full,15,lst_nighttime,0.7130913590870294
0,1200,0.3,spatial,et_full,16,air_temp_mean,0.7314653195032352
0,1200,0.3,spatial,et_full,17,dew_point_temp,0.6798573517885529
0,1200,0.3,spatial,et_full,18,annual_precip,0.7343262187596741
0,1200,0.3,spatial,et_full,19,max_monthly_precip,0.6132101232756133
0,1200,0.3,spatial,et_full,20,soil_moisture,0.8093464609195057
0,1200,0.3,spatial,et_full,21,annual_runoff,0.7576685242389791
0,1200,0.3,spatial,et_full,22,annual_et,0.6724411819544294
0,1200,0.3,spatial,et_full,23,impervious_surface,0.3737798530279567
0,1200,0.3,spatial,et_full,24,nighttime_lights,0.36848158152431754
0,1200,0.3,spatial,et_full,25,population_density,0.4268313176249603
1,1200,0.3,random,rf_baseline,0,elevation,0.8779589467116149
1,1200,0.3,random,rf_baseline,1,slope,0.7794309840021525
1,1200,0.3,random,rf_baseline,2,aspect,0.4928194017538645
1,1200,0.3,random,rf_baseline,3,flow_accumulation,0.4471459442141369
1,1200,0.3,random,rf_baseline,4,clay_fraction,0.3562236835797955
1,1200,0.3,random,rf_baseline,5,organic_carbon,0.13085903553822098
1,1200,0.3,random,rf_baseline,6,soil_ph,0.7797398107930718
1,1200,0.3,random,rf_baseline,7,water_capacity,0.37955576173161587
1,1200,0.3,random,rf_baseline,8,ndvi_mean,0.830215459345551
1,1200,0.3,random,rf_baseline,9,ndvi_max,0.7457379034337924
1,1200,0.3,random,rf_baseline,10,evi_mean,0.5703971522430357
1,1200,0.3,random,rf_baseline,11,lai_mean,0.46774562380266294
1,1200,0.3,random,rf_baseline,12,tree_cover,0.32491944498232106
1,1200,0.3,random,rf_baseline,13,albedo,0.7242631223576739
1,1200,0.3,random,rf_baseline,14,lst_daytime,0.7331131699939224
1,1200,0.3,random,rf_baseline,15,lst_nighttime,0.6886531296030889
1,1200,0.3,random,rf_baseline,16,air_temp_mean,0.7219766537422316
1,1200,0.3,random,rf_baseline,17,dew_point_temp,0.6720188332906109
1,1200,0.3,random,rf_baseline,18,annual_precip,0.6650420603973162
1,1200,0.3,random,rf_baseline,19,max_monthly_precip,0.5733928455423176
1,1200,0.3,random,rf_baseline,20,soil_moisture,0.41331395455252506
1,1200,0.3,random,rf_baseline,21,annual_runoff,0.5842238568806186
1,1200,0.3,random,rf_baseline,22,annual_et,0.678130424619598
1,1200,0.3,random,rf_baseline,23,impervious_surface,0.007826717400210348
1,1200,0.3,random,rf_baseline,24,nighttime_lights,0.17315075271254354
1,1200,0.3,random,rf_baseline,25,population_density,0.07616536238832283
1,1200,0.3,random,et_random_thresholds,0,elevation,0.8819892613832
1,1200,0.3,random,et_random_thresholds,1,slope,0.774863739580507
1,1200,0.3,random,et_random_thresholds,2,aspect,0.5034654015100479
1,1200,0.3,random,et_random_thresholds,3,flow_accumulation,0.47301307814251736
1,1200,0.3,random,et_random_thresholds,4,clay_fraction,0.4032212778062093
1,1200,0.3,random,et_random_thresholds,5,organic_carbon,0.15398626129616577
1,1200,0.3,random,et_random_thresholds,6,soil_ph,0.7945894881721155
1,1200,0.3,random,et_random_thresholds,7,water_capacity,0.42741764388661707
1,1200,0.3,random,et_random_thresholds,8,ndvi_mean,0.8335047269790301
1,1200,0.3,random,et_random_thresholds,9,ndvi_max,0.7475454547152096
1,1200,0.3,random,et_random_thresholds,10,evi_mean,0.5799259106057383
1,1200,0.3,random,et_random_thresholds,11,lai_mean,0.4697114028149707
1,1200,0.3,random,et_random_thresholds,12,tree_cover,0.3267304584222058
1,1200,0.3,random,et_random_thresholds,13,albedo,0.7318912997514461
1,1200,0.3,random,et_random_thresholds,14,lst_daytime,0.7434843043402852
1,1200,0.3,random,et_random_thresholds,15,lst_nighttime,0.7038359398644457
1,1200,0.3,random,et_random_thresholds,16,air_temp_mean,0.74258616699065
1,1200,0.3,random,et_random_thresholds,17,dew_point_temp,0.6930165508780884
1,1200,0.3,random,et_random_thresholds,18,annual_precip,0.6827765705758402
1,1200,0.3,random,et_random_thresholds,19,max_monthly_precip,0.5864480626972708
1,1200,0.3,random,et_random_thresholds,20,soil_moisture,0.4320564445875992
1,1200,0.3,random,et_random_thresholds,21,annual_runoff,0.6041420778512581
1,1200,0.3,random,et_random_thresholds,22,annual_et,0.7058021386873945
1,1200,0.3,random,et_random_thresholds,23,impervious_surface,0.023459672681915067
1,1200,0.3,random,et_random_thresholds,24,nighttime_lights,0.17313527777370186
1,1200,0.3,random,et_random_thresholds,25,population_density,0.1629054956443602
1,1200,0.3,random,et_more_trees,0,elevation,0.8829050730163968
1,1200,0.3,random,et_more_trees,1,slope,0.7771998098043191
1,1200,0.3,random,et_more_trees,2,aspect,0.5070478392942952
1,1200,0.3,random,et_more_trees,3,flow_accumulation,0.47372303333237586
1,1200,0.3,random,et_more_trees,4,clay_fraction,0.406747032368986
1,1200,0.3,random,et_more_trees,5,organic_carbon,0.1719798684838283
1,1200,0.3,random,et_more_trees,6,soil_ph,0.7965300029782552
1,1200,0.3,random,et_more_trees,7,water_capacity,0.42390926352368996
1,1200,0.3,random,et_more_trees,8,ndvi_mean,0.8363785462941817
1,1200,0.3,random,et_more_trees,9,ndvi_max,0.7511682239237669
1,1200,0.3,random,et_more_trees,10,evi_mean,0.5808560816408864
1,1200,0.3,random,et_more_trees,11,lai_mean,0.4683633994535362
1,1200,0.3,random,et_more_trees,12,tree_cover,0.3342485166480911
1,1200,0.3,random,et_more_trees,13,albedo,0.7421278410736978
1,1200,0.3,random,et_more_trees,14,lst_daytime,0.7506318975166634
1,1200,0.3,random,et_more_trees,15,lst_nighttime,0.710770212442404
1,1200,0.3,random,et_more_trees,16,air_temp_mean,0.7480595483744585
1,1200,0.3,random,et_more_trees,17,dew_point_temp,0.6949649324940823
1,1200,0.3,random,et_more_trees,18,annual_precip,0.6887015581376572
1,1200,0.3,random,et_more_trees,19,max_monthly_precip,0.5924536468039637
1,1200,0.3,random,et_more_trees,20,soil_moisture,0.43945253460849554
1,1200,0.3,random,et_more_trees,21,annual_runoff,0.6142396410559054
1,1200,0.3,random,et_more_trees,22,annual_et,0.7122248923517236
1,1200,0.3,random,et_more_trees,23,impervious_surface,0.0460435702146077
1,1200,0.3,random,et_more_trees,24,nighttime_lights,0.18241025080661255
1,1200,0.3,random,et_more_trees,25,population_density,0.14481138826815765
1,1200,0.3,random,et_feature_subsample,0,elevation,0.879727946100535
1,1200,0.3,random,et_feature_subsample,1,slope,0.7907406458917934
1,1200,0.3,random,et_feature_subsample,2,aspect,0.5063429692790675
1,1200,0.3,random,et_feature_subsample,3,flow_accumulation,0.45909341330417996
1,1200,0.3,random,et_feature_subsample,4,clay_fraction,0.3932402786557757
1,1200,0.3,random,et_feature_subsample,5,organic_carbon,0.1504208077542517
1,1200,0.3,random,et_feature_subsample,6,soil_ph,0.7937024749843256
1,1200,0.3,random,et_feature_subsample,7,water_capacity,0.4055827441088299
1,1200,0.3,random,et_feature_subsample,8,ndvi_mean,0.8411637796424315
1,1200,0.3,random,et_feature_subsample,9,ndvi_max,0.7496117500702202
1,1200,0.3,random,et_feature_subsample,10,evi_mean,0.578556834618351
1,1200,0.3,random,et_feature_subsample,11,lai_mean,0.46981212215776524
1,1200,0.3,random,et_feature_subsample,12,tree_cover,0.32213363472688883
1,1200,0.3,random,et_feature_subsample,13,albedo,0.7335947764324744
1,1200,0.3,random,et_feature_subsample,14,lst_daytime,0.7527051995932619
1,1200,0.3,random,et_feature_subsample,15,lst_nighttime,0.6989886479329359
1,1200,0.3,random,et_feature_subsample,16,air_temp_mean,0.747795769150133
1,1200,0.3,random,et_feature_subsample,17,dew_point_temp,0.6828762904762021
1,1200,0.3,random,et_feature_subsample,18,annual_precip,0.6823563794650591
1,1200,0.3,random,et_feature_subsample,19,max_monthly_precip,0.6043618940347968
1,1200,0.3,random,et_feature_subsample,20,soil_moisture,0.425034706281736
1,1200,0.3,random,et_feature_subsample,21,annual_runoff,0.6200958759994812
1,1200,0.3,random,et_feature_subsample,22,annual_et,0.7056686614695954
1,1200,0.3,random,et_feature_subsample,23,impervious_surface,0.021478709257556128
1,1200,0.3,random,et_feature_subsample,24,nighttime_lights,0.1989520033423312
1,1200,0.3,random,et_feature_subsample,25,population_density,0.09520115598996748
1,1200,0.3,random,et_full,0,elevation,0.882561935998828
1,1200,0.3,random,et_full,1,slope,0.7884494544215089
1,1200,0.3,random,et_full,2,aspect,0.5173918249632568
1,1200,0.3,random,et_full,3,flow_accumulation,0.45811309653108534
1,1200,0.3,random,et_full,4,clay_fraction,0.40837591910495574
1,1200,0.3,random,et_full,5,organic_carbon,0.1660835208144691
1,1200,0.3,random,et_full,6,soil_ph,0.7978396331508674
1,1200,0.3,random,et_full,7,water_capacity,0.4243424893481378
1,1200,0.3,random,et_full,8,ndvi_mean,0.8422476527083029
1,1200,0.3,random,et_full,9,ndvi_max,0.7572376279128168
1,1200,0.3,random,et_full,10,evi_mean,0.5785630544698023
1,1200,0.3,random,et_full,11,lai_mean,0.4709535382230565
1,1200,0.3,random,et_full,12,tree_cover,0.3282184882286324
1,1200,0.3,random,et_full,13,albedo,0.7419730705849884
1,1200,0.3,random,et_full,14,lst_daytime,0.7532700927850192
1,1200,0.3,random,et_full,15,lst_nighttime,0.7087283449802702
1,1200,0.3,random,et_full,16,air_temp_mean,0.7504739347494007
1,1200,0.3,random,et_full,17,dew_point_temp,0.6919994741289994
1,1200,0.3,random,et_full,18,annual_precip,0.6839518672932794
1,1200,0.3,random,et_full,19,max_monthly_precip,0.6084881895828229
1,1200,0.3,random,et_full,20,soil_moisture,0.4398077713199592
1,1200,0.3,random,et_full,21,annual_runoff,0.6227725153458817
1,1200,0.3,random,et_full,22,annual_et,0.7120701226270763
1,1200,0.3,random,et_full,23,impervious_surface,0.04204587032179452
1,1200,0.3,random,et_full,24,nighttime_lights,0.2007494291339974
1,1200,0.3,random,et_full,25,population_density,0.12052776620273264
1,1200,0.3,spatial,rf_baseline,0,elevation,0.8928621081422814
1,1200,0.3,spatial,rf_baseline,1,slope,0.8124613705075081
1,1200,0.3,spatial,rf_baseline,2,aspect,0.48610073548959143
1,1200,0.3,spatial,rf_baseline,3,flow_accumulation,0.4783893847608526
1,1200,0.3,spatial,rf_baseline,4,clay_fraction,0.3387624063774589
1,1200,0.3,spatial,rf_baseline,5,organic_carbon,0.1504605819293311
1,1200,0.3,spatial,rf_baseline,6,soil_ph,0.8084169535403598
1,1200,0.3,spatial,rf_baseline,7,water_capacity,0.4337022599817192
1,1200,0.3,spatial,rf_baseline,8,ndvi_mean,0.8465643262966065
1,1200,0.3,spatial,rf_baseline,9,ndvi_max,0.7884780338142865
1,1200,0.3,spatial,rf_baseline,10,evi_mean,0.6015835131319234
1,1200,0.3,spatial,rf_baseline,11,lai_mean,0.48735823612877294
1,1200,0.3,spatial,rf_baseline,12,tree_cover,0.31081677737712565
1,1200,0.3,spatial,rf_baseline,13,albedo,0.6905524837639601
1,1200,0.3,spatial,rf_baseline,14,lst_daytime,0.7846716862960895
1,1200,0.3,spatial,rf_baseline,15,lst_nighttime,0.7117760858973151
1,1200,0.3,spatial,rf_baseline,16,air_temp_mean,0.7448641301613907
1,1200,0.3,spatial,rf_baseline,17,dew_point_temp,0.692106417250843
1,1200,0.3,spatial,rf_baseline,18,annual_precip,0.6965525917517019
1,1200,0.3,spatial,rf_baseline,19,max_monthly_precip,0.6045813154143485
1,1200,0.3,spatial,rf_baseline,20,soil_moisture,0.4043260948782945
1,1200,0.3,spatial,rf_baseline,21,annual_runoff,0.6106261196431579
1,1200,0.3,spatial,rf_baseline,22,annual_et,0.7343603239030209
1,1200,0.3,spatial,rf_baseline,23,impervious_surface,-0.04984661600015894
1,1200,0.3,spatial,rf_baseline,24,nighttime_lights,0.1712404659531397
1,1200,0.3,spatial,rf_baseline,25,population_density,0.10891984552261014
1,1200,0.3,spatial,et_full,0,elevation,0.8919367665327733
1,1200,0.3,spatial,et_full,1,slope,0.8169410994324544
1,1200,0.3,spatial,et_full,2,aspect,0.5345358743172162
1,1200,0.3,spatial,et_full,3,flow_accumulation,0.489274763771826
1,1200,0.3,spatial,et_full,4,clay_fraction,0.352324829222329
1,1200,0.3,spatial,et_full,5,organic_carbon,0.14598326401836215
1,1200,0.3,spatial,et_full,6,soil_ph,0.8279278755430721
1,1200,0.3,spatial,et_full,7,water_capacity,0.44532306012226497
1,1200,0.3,spatial,et_full,8,ndvi_mean,0.8586896192985025
1,1200,0.3,spatial,et_full,9,ndvi_max,0.786872060408403
1,1200,0.3,spatial,et_full,10,evi_mean,0.6329982689080718
1,1200,0.3,spatial,et_full,11,lai_mean,0.5250550225664066
1,1200,0.3,spatial,et_full,12,tree_cover,0.333913666678336
1,1200,0.3,spatial,et_full,13,albedo,0.7226389396279045
1,1200,0.3,spatial,et_full,14,lst_daytime,0.7942127550332471
1,1200,0.3,spatial,et_full,15,lst_nighttime,0.7364842711968178
1,1200,0.3,spatial,et_full,16,air_temp_mean,0.7645872595156457
1,1200,0.3,spatial,et_full,17,dew_point_temp,0.7106592010798114
1,1200,0.3,spatial,et_full,18,annual_precip,0.7179959657364983
1,1200,0.3,spatial,et_full,19,max_monthly_precip,0.6317827080855298
1,1200,0.3,spatial,et_full,20,soil_moisture,0.43064644991110956
1,1200,0.3,spatial,et_full,21,annual_runoff,0.6500259263546231
1,1200,0.3,spatial,et_full,22,annual_et,0.7394519190427586
1,1200,0.3,spatial,et_full,23,impervious_surface,0.07395915367291006
1,1200,0.3,spatial,et_full,24,nighttime_lights,0.2180588890394045
1,1200,0.3,spatial,et_full,25,population_density,0.13294093557121434
2,1200,0.3,random,rf_baseline,0,elevation,0.8228780718798585
2,1200,0.3,random,rf_baseline,1,slope,-0.04709115937585118
2,1200,0.3,random,rf_baseline,2,aspect,0.44603733992168915
2,1200,0.3,random,rf_baseline,3,flow_accumulation,0.6687122013061781
2,1200,0.3,random,rf_baseline,4,clay_fraction,0.36795031166968994
2,1200,0.3,random,rf_baseline,5,organic_carbon,0.13471702375921457
2,1200,0.3,random,rf_baseline,6,soil_ph,0.8765964414558544
2,1200,0.3,random,rf_baseline,7,water_capacity,0.5780039622318787
2,1200,0.3,random,rf_baseline,8,ndvi_mean,0.5236876610171286
2,1200,0.3,random,rf_baseline,9,ndvi_max,0.560091350160351
2,1200,0.3,random,rf_baseline,10,evi_mean,0.3229037333095265
2,1200,0.3,random,rf_baseline,11,lai_mean,0.42259874682638443
2,1200,0.3,random,rf_baseline,12,tree_cover,0.14570645003941118
2,1200,0.3,random,rf_baseline,13,albedo,0.2988962148148042
2,1200,0.3,random,rf_baseline,14,lst_daytime,0.5719940893836146
2,1200,0.3,random,rf_baseline,15,lst_nighttime,0.5540580609229273
2,1200,0.3,random,rf_baseline,16,air_temp_mean,0.578817985368006
2,1200,0.3,random,rf_baseline,17,dew_point_temp,0.5294408408871427
2,1200,0.3,random,rf_baseline,18,annual_precip,0.6945223865004243
2,1200,0.3,random,rf_baseline,19,max_monthly_precip,0.601835673357581
2,1200,0.3,random,rf_baseline,20,soil_moisture,0.3022203944948908
2,1200,0.3,random,rf_baseline,21,annual_runoff,0.6350391875694477
2,1200,0.3,random,rf_baseline,22,annual_et,0.5178019553110527
2,1200,0.3,random,rf_baseline,23,impervious_surface,0.6270478515731592
2,1200,0.3,random,rf_baseline,24,nighttime_lights,0.5342611666421149
2,1200,0.3,random,rf_baseline,25,population_density,0.5823323417953843
2,1200,0.3,random,et_random_thresholds,0,elevation,0.8342132244410922
2,1200,0.3,random,et_random_thresholds,1,slope,-0.030061638576582617
2,1200,0.3,random,et_random_thresholds,2,aspect,0.4671469550594127
2,1200,0.3,random,et_random_thresholds,3,flow_accumulation,0.6814115086282497
2,1200,0.3,random,et_random_thresholds,4,clay_fraction,0.38817820422041627
2,1200,0.3,random,et_random_thresholds,5,organic_carbon,0.1661848984614943
2,1200,0.3,random,et_random_thresholds,6,soil_ph,0.8922986068719573
2,1200,0.3,random,et_random_thresholds,7,water_capacity,0.5797455776545561
2,1200,0.3,random,et_random_thresholds,8,ndvi_mean,0.5586272704716722
2,1200,0.3,random,et_random_thresholds,9,ndvi_max,0.571718817334633
2,1200,0.3,random,et_random_thresholds,10,evi_mean,0.3430765622453378
2,1200,0.3,random,et_random_thresholds,11,lai_mean,0.43229183159634954
2,1200,0.3,random,et_random_thresholds,12,tree_cover,0.20623658228767516
2,1200,0.3,random,et_random_thresholds,13,albedo,0.3461525221303058
2,1200,0.3,random,et_random_thresholds,14,lst_daytime,0.5777107334784548
2,1200,0.3,random,et_random_thresholds,15,lst_nighttime,0.5659828112531621
2,1200,0.3,random,et_random_thresholds,16,air_temp_mean,0.5692704067159438
2,1200,0.3,random,et_random_thresholds,17,dew_point_temp,0.5195650430939014
2,1200,0.3,random,et_random_thresholds,18,annual_precip,0.7128774654048262
2,1200,0.3,random,et_random_thresholds,19,max_monthly_precip,0.6373071606266492
2,1200,0.3,random,et_random_thresholds,20,soil_moisture,0.3120171239671615
2,1200,0.3,random,et_random_thresholds,21,annual_runoff,0.6595200878512747
2,1200,0.3,random,et_random_thresholds,22,annual_et,0.5421752241915178
2,1200,0.3,random,et_random_thresholds,23,impervious_surface,0.6494815656359263
2,1200,0.3,random,et_random_thresholds,24,nighttime_lights,0.5486603530611417
2,1200,0.3,random,et_random_thresholds,25,population_density,0.6365622863827214
2,1200,0.3,random,et_more_trees,0,elevation,0.8362170462768994
2,1200,0.3,random,et_more_trees,1,slope,-0.0198986769825793
2,1200,0.3,random,et_more_trees,2,aspect,0.4768522799590913
2,1200,0.3,random,et_more_trees,3,flow_accumulation,0.6850264445681702
2,1200,0.3,random,et_more_trees,4,clay_fraction,0.38339654610060603
2,1200,0.3,random,et_more_trees,5,organic_carbon,0.16915248710716224
2,1200,0.3,random,et_more_trees,6,soil_ph,0.8913476503920587
2,1200,0.3,random,et_more_trees,7,water_capacity,0.5900386795272938
2,1200,0.3,random,et_more_trees,8,ndvi_mean,0.5607497607952632
2,1200,0.3,random,et_more_trees,9,ndvi_max,0.5786647056879246
2,1200,0.3,random,et_more_trees,10,evi_mean,0.3452483508289439
2,1200,0.3,random,et_more_trees,11,lai_mean,0.4470926168271191
2,1200,0.3,random,et_more_trees,12,tree_cover,0.21152798877138645
2,1200,0.3,random,et_more_trees,13,albedo,0.3473408112366716
2,1200,0.3,random,et_more_trees,14,lst_daytime,0.5718561904944032
2,1200,0.3,random,et_more_trees,15,lst_nighttime,0.5667261075291836
2,1200,0.3,random,et_more_trees,16,air_temp_mean,0.5766772939372329
2,1200,0.3,random,et_more_trees,17,dew_point_temp,0.5353564085810554
2,1200,0.3,random,et_more_trees,18,annual_precip,0.717950139717674
2,1200,0.3,random,et_more_trees,19,max_monthly_precip,0.6412622857423834
2,1200,0.3,random,et_more_trees,20,soil_moisture,0.32816101654177143
2,1200,0.3,random,et_more_trees,21,annual_runoff,0.6570047546144782
2,1200,0.3,random,et_more_trees,22,annual_et,0.5436113709175477
2,1200,0.3,random,et_more_trees,23,impervious_surface,0.6686051111462383
2,1200,0.3,random,et_more_trees,24,nighttime_lights,0.5511136197034726
2,1200,0.3,random,et_more_trees,25,population_density,0.6348229731540296
2,1200,0.3,random,et_feature_subsample,0,elevation,0.8374839952065665
2,1200,0.3,random,et_feature_subsample,1,slope,-0.037483636763096184
2,1200,0.3,random,et_feature_subsample,2,aspect,0.4815003024584099
2,1200,0.3,random,et_feature_subsample,3,flow_accumulation,0.6748385339702492
2,1200,0.3,random,et_feature_subsample,4,clay_fraction,0.35653048777893737
2,1200,0.3,random,et_feature_subsample,5,organic_carbon,0.1425317548014553
2,1200,0.3,random,et_feature_subsample,6,soil_ph,0.8868411888148119
2,1200,0.3,random,et_feature_subsample,7,water_capacity,0.5947673658016801
2,1200,0.3,random,et_feature_subsample,8,ndvi_mean,0.5521304753531366
2,1200,0.3,random,et_feature_subsample,9,ndvi_max,0.5852440624620239
2,1200,0.3,random,et_feature_subsample,10,evi_mean,0.36942558063287323
2,1200,0.3,random,et_feature_subsample,11,lai_mean,0.4560930767481829
2,1200,0.3,random,et_feature_subsample,12,tree_cover,0.17512722611259557
2,1200,0.3,random,et_feature_subsample,13,albedo,0.34297197713043037
2,1200,0.3,random,et_feature_subsample,14,lst_daytime,0.5636635403365595
2,1200,0.3,random,et_feature_subsample,15,lst_nighttime,0.5696949415166701
2,1200,0.3,random,et_feature_subsample,16,air_temp_mean,0.5841707234172216
2,1200,0.3,random,et_feature_subsample,17,dew_point_temp,0.5356165857979467
2,1200,0.3,random,et_feature_subsample,18,annual_precip,0.7246331801950336
2,1200,0.3,random,et_feature_subsample,19,max_monthly_precip,0.6358041024138413
2,1200,0.3,random,et_feature_subsample,20,soil_moisture,0.33249002123191485
2,1200,0.3,random,et_feature_subsample,21,annual_runoff,0.6599312319850927
2,1200,0.3,random,et_feature_subsample,22,annual_et,0.533014740719525
2,1200,0.3,random,et_feature_subsample,23,impervious_surface,0.6669004937321321
2,1200,0.3,random,et_feature_subsample,24,nighttime_lights,0.528241602526841
2,1200,0.3,random,et_feature_subsample,25,population_density,0.6328593507451881
2,1200,0.3,random,et_full,0,elevation,0.8379829668856222
2,1200,0.3,random,et_full,1,slope,-0.030865459397328987
2,1200,0.3,random,et_full,2,aspect,0.49315747679237854
2,1200,0.3,random,et_full,3,flow_accumulation,0.6799609405279703
2,1200,0.3,random,et_full,4,clay_fraction,0.3745817123379064
2,1200,0.3,random,et_full,5,organic_carbon,0.14240205994341693
2,1200,0.3,random,et_full,6,soil_ph,0.8885417486696509
2,1200,0.3,random,et_full,7,water_capacity,0.5973027551956094
2,1200,0.3,random,et_full,8,ndvi_mean,0.5659286687257745
2,1200,0.3,random,et_full,9,ndvi_max,0.5867637899768239
2,1200,0.3,random,et_full,10,evi_mean,0.37655044074687494
2,1200,0.3,random,et_full,11,lai_mean,0.453619575579429
2,1200,0.3,random,et_full,12,tree_cover,0.1961580015644957
2,1200,0.3,random,et_full,13,albedo,0.3449243268693287
2,1200,0.3,random,et_full,14,lst_daytime,0.5638935488633829
2,1200,0.3,random,et_full,15,lst_nighttime,0.5703646602936057
2,1200,0.3,random,et_full,16,air_temp_mean,0.5872365607597294
2,1200,0.3,random,et_full,17,dew_point_temp,0.5354350965425625
2,1200,0.3,random,et_full,18,annual_precip,0.7314808217765587
2,1200,0.3,random,et_full,19,max_monthly_precip,0.6398058027972311
2,1200,0.3,random,et_full,20,soil_moisture,0.3360822073237436
2,1200,0.3,random,et_full,21,annual_runoff,0.6598171967719062
2,1200,0.3,random,et_full,22,annual_et,0.5365347645552655
2,1200,0.3,random,et_full,23,impervious_surface,0.6598248161439488
2,1200,0.3,random,et_full,24,nighttime_lights,0.5441606716963718
2,1200,0.3,random,et_full,25,population_density,0.6362633677256839
2,1200,0.3,spatial,rf_baseline,0,elevation,0.8079803999053364
2,1200,0.3,spatial,rf_baseline,1,slope,-0.05234281699514165
2,1200,0.3,spatial,rf_baseline,2,aspect,0.43288896066943894
2,1200,0.3,spatial,rf_baseline,3,flow_accumulation,0.5742823311365778
2,1200,0.3,spatial,rf_baseline,4,clay_fraction,0.272394023489988
2,1200,0.3,spatial,rf_baseline,5,organic_carbon,0.14120047430803262
2,1200,0.3,spatial,rf_baseline,6,soil_ph,0.8659961752843691
2,1200,0.3,spatial,rf_baseline,7,water_capacity,0.5810317726868515
2,1200,0.3,spatial,rf_baseline,8,ndvi_mean,0.5427333179524139
2,1200,0.3,spatial,rf_baseline,9,ndvi_max,0.5579791990372847
2,1200,0.3,spatial,rf_baseline,10,evi_mean,0.3768628937895908
2,1200,0.3,spatial,rf_baseline,11,lai_mean,0.3355600998323377
2,1200,0.3,spatial,rf_baseline,12,tree_cover,0.11583311740797286
2,1200,0.3,spatial,rf_baseline,13,albedo,0.26555534551762383
2,1200,0.3,spatial,rf_baseline,14,lst_daytime,0.5059203637051837
2,1200,0.3,spatial,rf_baseline,15,lst_nighttime,0.47230077276081306
2,1200,0.3,spatial,rf_baseline,16,air_temp_mean,0.508800948043564
2,1200,0.3,spatial,rf_baseline,17,dew_point_temp,0.464463623628539
2,1200,0.3,spatial,rf_baseline,18,annual_precip,0.7064133202906977
2,1200,0.3,spatial,rf_baseline,19,max_monthly_precip,0.5920502927154091
2,1200,0.3,spatial,rf_baseline,20,soil_moisture,0.3146943649108246
2,1200,0.3,spatial,rf_baseline,21,annual_runoff,0.6378651592331606
2,1200,0.3,spatial,rf_baseline,22,annual_et,0.4827587806962996
2,1200,0.3,spatial,rf_baseline,23,impervious_surface,0.6846177687368034
2,1200,0.3,spatial,rf_baseline,24,nighttime_lights,0.6301538325124594
2,1200,0.3,spatial,rf_baseline,25,population_density,0.6700579086061609
2,1200,0.3,spatial,et_full,0,elevation,0.8243284982159877
2,1200,0.3,spatial,et_full,1,slope,-0.035252055444530805
2,1200,0.3,spatial,et_full,2,aspect,0.462019241965122
2,1200,0.3,spatial,et_full,3,flow_accumulation,0.6262769962236758
2,1200,0.3,spatial,et_full,4,clay_fraction,0.26763221714375074
2,1200,0.3,spatial,et_full,5,organic_carbon,0.12736184877682022
2,1200,0.3,spatial,et_full,6,soil_ph,0.8654675752432376
2,1200,0.3,spatial,et_full,7,water_capacity,0.6129616224117502
2,1200,0.3,spatial,et_full,8,ndvi_mean,0.5515150068955975
2,1200,0.3,spatial,et_full,9,ndvi_max,0.585994079532665
2,1200,0.3,spatial,et_full,10,evi_mean,0.38098731536185937
2,1200,0.3,spatial,et_full,11,lai_mean,0.3694084022163612
2,1200,0.3,spatial,et_full,12,tree_cover,0.14612384884792207
2,1200,0.3,spatial,et_full,13,albedo,0.28488107252057104
2,1200,0.3,spatial,et_full,14,lst_daytime,0.5270007892440204
2,1200,0.3,spatial,et_full,15,lst_nighttime,0.5135398726525751
2,1200,0.3,spatial,et_full,16,air_temp_mean,0.5285452510161635
2,1200,0.3,spatial,et_full,17,dew_point_temp,0.5048612878755784
2,1200,0.3,spatial,et_full,18,annual_precip,0.7090357945090802
2,1200,0.3,spatial,et_full,19,max_monthly_precip,0.6031435222496393
2,1200,0.3,spatial,et_full,20,soil_moisture,0.31341935502681384
2,1200,0.3,spatial,et_full,21,annual_runoff,0.6505057914104346
2,1200,0.3,spatial,et_full,22,annual_et,0.48237273012197446
2,1200,0.3,spatial,et_full,23,impervious_surface,0.6944066258792823
2,1200,0.3,spatial,et_full,24,nighttime_lights,0.6471156739143054
2,1200,0.3,spatial,et_full,25,population_density,0.6715732441467925
3,1200,0.3,random,rf_baseline,0,elevation,0.7273297904276603
3,1200,0.3,random,rf_baseline,1,slope,-0.018299754751929687
3,1200,0.3,random,rf_baseline,2,aspect,0.7670177788486957
3,1200,0.3,random,rf_baseline,3,flow_accumulation,0.32517857040466813
3,1200,0.3,random,rf_baseline,4,clay_fraction,0.43471113825796737
3,1200,0.3,random,rf_baseline,5,organic_carbon,0.10053337894433212
3,1200,0.3,random,rf_baseline,6,soil_ph,0.1793195560079609
3,1200,0.3,random,rf_baseline,7,water_capacity,0.34480587602961077
3,1200,0.3,random,rf_baseline,8,ndvi_mean,0.7153857333619429
3,1200,0.3,random,rf_baseline,9,ndvi_max,0.6783713597221741
3,1200,0.3,random,rf_baseline,10,evi_mean,0.471348478896194
3,1200,0.3,random,rf_baseline,11,lai_mean,0.16583854321701752
3,1200,0.3,random,rf_baseline,12,tree_cover,0.23379492493547926
3,1200,0.3,random,rf_baseline,13,albedo,0.16895492160924896
3,1200,0.3,random,rf_baseline,14,lst_daytime,0.7657785876185378
3,1200,0.3,random,rf_baseline,15,lst_nighttime,0.7627640876576941
3,1200,0.3,random,rf_baseline,16,air_temp_mean,0.7633917368136699
3,1200,0.3,random,rf_baseline,17,dew_point_temp,0.7512544797200089
3,1200,0.3,random,rf_baseline,18,annual_precip,0.7734597093001572
3,1200,0.3,random,rf_baseline,19,max_monthly_precip,0.7573564976740501
3,1200,0.3,random,rf_baseline,20,soil_moisture,0.36262671885562126
3,1200,0.3,random,rf_baseline,21,annual_runoff,0.6876304132080004
3,1200,0.3,random,rf_baseline,22,annual_et,0.8089903744377523
3,1200,0.3,random,rf_baseline,23,impervious_surface,-0.13911549474978102
3,1200,0.3,random,rf_baseline,24,nighttime_lights,0.17569214856557436
3,1200,0.3,random,rf_baseline,25,population_density,-0.01185561947829461
3,1200,0.3,random,et_random_thresholds,0,elevation,0.7558313633449409
3,1200,0.3,random,et_random_thresholds,1,slope,-0.013945196319717246
3,1200,0.3,random,et_random_thresholds,2,aspect,0.7727293954095859
3,1200,0.3,random,et_random_thresholds,3,flow_accumulation,0.37446502131587245
3,1200,0.3,random,et_random_thresholds,4,clay_fraction,0.46039065804322765
3,1200,0.3,random,et_random_thresholds,5,organic_carbon,0.1189739130375922
3,1200,0.3,random,et_random_thresholds,6,soil_ph,0.2136536321249345
3,1200,0.3,random,et_random_thresholds,7,water_capacity,0.34695658660850714
3,1200,0.3,random,et_random_thresholds,8,ndvi_mean,0.7473632997293054
3,1200,0.3,random,et_random_thresholds,9,ndvi_max,0.6866376347964754
3,1200,0.3,random,et_random_thresholds,10,evi_mean,0.4626261591183569
3,1200,0.3,random,et_random_thresholds,11,lai_mean,0.15985954478911446
3,1200,0.3,random,et_random_thresholds,12,tree_cover,0.22387133980548646
3,1200,0.3,random,et_random_thresholds,13,albedo,0.17370920938688128
3,1200,0.3,random,et_random_thresholds,14,lst_daytime,0.7976779639763585
3,1200,0.3,random,et_random_thresholds,15,lst_nighttime,0.7915841608562296
3,1200,0.3,random,et_random_thresholds,16,air_temp_mean,0.7913162022070973
3,1200,0.3,random,et_random_thresholds,17,dew_point_temp,0.7782479618776263
3,1200,0.3,random,et_random_thresholds,18,annual_precip,0.7797700907633045
3,1200,0.3,random,et_random_thresholds,19,max_monthly_precip,0.7636967367284286
3,1200,0.3,random,et_random_thresholds,20,soil_moisture,0.40336391493081325
3,1200,0.3,random,et_random_thresholds,21,annual_runoff,0.6922773480191406
3,1200,0.3,random,et_random_thresholds,22,annual_et,0.8165647169558043
3,1200,0.3,random,et_random_thresholds,23,impervious_surface,0.0020082653295252495
3,1200,0.3,random,et_random_thresholds,24,nighttime_lights,0.2375971372142348
3,1200,0.3,random,et_random_thresholds,25,population_density,0.11041020347912112
3,1200,0.3,random,et_more_trees,0,elevation,0.7565245898002504
3,1200,0.3,random,et_more_trees,1,slope,-0.003545396009905888
3,1200,0.3,random,et_more_trees,2,aspect,0.7739573813027931
3,1200,0.3,random,et_more_trees,3,flow_accumulation,0.37558429293011986
3,1200,0.3,random,et_more_trees,4,clay_fraction,0.4647617005222757
3,1200,0.3,random,et_more_trees,5,organic_carbon,0.1243552228299295
3,1200,0.3,random,et_more_trees,6,soil_ph,0.2230078388369816
3,1200,0.3,random,et_more_trees,7,water_capacity,0.34958423576982844
3,1200,0.3,random,et_more_trees,8,ndvi_mean,0.7457042329854993
3,1200,0.3,random,et_more_trees,9,ndvi_max,0.6925806719702836
3,1200,0.3,random,et_more_trees,10,evi_mean,0.48240589945940515
3,1200,0.3,random,et_more_trees,11,lai_mean,0.17079951383100234
3,1200,0.3,random,et_more_trees,12,tree_cover,0.25681457198629387
3,1200,0.3,random,et_more_trees,13,albedo,0.1726666376076168
3,1200,0.3,random,et_more_trees,14,lst_daytime,0.8018778751381661
3,1200,0.3,random,et_more_trees,15,lst_nighttime,0.7943887839500191
3,1200,0.3,random,et_more_trees,16,air_temp_mean,0.7945950900912715
3,1200,0.3,random,et_more_trees,17,dew_point_temp,0.7785317145979165
3,1200,0.3,random,et_more_trees,18,annual_precip,0.7852028717371505
3,1200,0.3,random,et_more_trees,19,max_monthly_precip,0.7684797763944591
3,1200,0.3,random,et_more_trees,20,soil_moisture,0.3942959162433727
3,1200,0.3,random,et_more_trees,21,annual_runoff,0.6942473388802515
3,1200,0.3,random,et_more_trees,22,annual_et,0.8172903928454374
3,1200,0.3,random,et_more_trees,23,impervious_surface,0.015474351846479273
3,1200,0.3,random,et_more_trees,24,nighttime_lights,0.23729660839709876
3,1200,0.3,random,et_more_trees,25,population_density,0.1285287854272854
3,1200,0.3,random,et_feature_subsample,0,elevation,0.7607069325672988
3,1200,0.3,random,et_feature_subsample,1,slope,-0.037039960840916875
3,1200,0.3,random,et_feature_subsample,2,aspect,0.7631883106535043
3,1200,0.3,random,et_feature_subsample,3,flow_accumulation,0.4039359701959606
3,1200,0.3,random,et_feature_subsample,4,clay_fraction,0.46285623679193966
3,1200,0.3,random,et_feature_subsample,5,organic_carbon,0.14932097275953626
3,1200,0.3,random,et_feature_subsample,6,soil_ph,0.2094598779697937
3,1200,0.3,random,et_feature_subsample,7,water_capacity,0.3651693179658222
3,1200,0.3,random,et_feature_subsample,8,ndvi_mean,0.7455619656715435
3,1200,0.3,random,et_feature_subsample,9,ndvi_max,0.6941850850716055
3,1200,0.3,random,et_feature_subsample,10,evi_mean,0.4740469624746845
3,1200,0.3,random,et_feature_subsample,11,lai_mean,0.19106291605408687
3,1200,0.3,random,et_feature_subsample,12,tree_cover,0.24902734231865598
3,1200,0.3,random,et_feature_subsample,13,albedo,0.17425292314136565
3,1200,0.3,random,et_feature_subsample,14,lst_daytime,0.795545148037054
3,1200,0.3,random,et_feature_subsample,15,lst_nighttime,0.7917643073212981
3,1200,0.3,random,et_feature_subsample,16,air_temp_mean,0.7972009123942312
3,1200,0.3,random,et_feature_subsample,17,dew_point_temp,0.7828003461200027
3,1200,0.3,random,et_feature_subsample,18,annual_precip,0.7799428030307858
3,1200,0.3,random,et_feature_subsample,19,max_monthly_precip,0.7690765622318064
3,1200,0.3,random,et_feature_subsample,20,soil_moisture,0.39393227222224947
3,1200,0.3,random,et_feature_subsample,21,annual_runoff,0.693348123957237
3,1200,0.3,random,et_feature_subsample,22,annual_et,0.82225158246475
3,1200,0.3,random,et_feature_subsample,23,impervious_surface,0.0225432167793157
3,1200,0.3,random,et_feature_subsample,24,nighttime_lights,0.25391997787043696
3,1200,0.3,random,et_feature_subsample,25,population_density,0.12023134328004037
3,1200,0.3,random,et_full,0,elevation,0.7627015408856967
3,1200,0.3,random,et_full,1,slope,-0.018149223728369135
3,1200,0.3,random,et_full,2,aspect,0.7645692537506978
3,1200,0.3,random,et_full,3,flow_accumulation,0.40830505329526323
3,1200,0.3,random,et_full,4,clay_fraction,0.4667168874470926
3,1200,0.3,random,et_full,5,organic_carbon,0.13628137502095417
3,1200,0.3,random,et_full,6,soil_ph,0.22776635709788529
3,1200,0.3,random,et_full,7,water_capacity,0.3650220733688945
3,1200,0.3,random,et_full,8,ndvi_mean,0.743899220493563
3,1200,0.3,random,et_full,9,ndvi_max,0.6927791268010677
3,1200,0.3,random,et_full,10,evi_mean,0.4850297642037503
3,1200,0.3,random,et_full,11,lai_mean,0.18409189116884395
3,1200,0.3,random,et_full,12,tree_cover,0.2650700719155483
3,1200,0.3,random,et_full,13,albedo,0.1770323889360611
3,1200,0.3,random,et_full,14,lst_daytime,0.805229308113231
3,1200,0.3,random,et_full,15,lst_nighttime,0.7983213101123829
3,1200,0.3,random,et_full,16,air_temp_mean,0.7986543603960462
3,1200,0.3,random,et_full,17,dew_point_temp,0.7871664654277796
3,1200,0.3,random,et_full,18,annual_precip,0.7792350041055884
3,1200,0.3,random,et_full,19,max_monthly_precip,0.7684637745417017
3,1200,0.3,random,et_full,20,soil_moisture,0.4006040905359709
3,1200,0.3,random,et_full,21,annual_runoff,0.6909239932506437
3,1200,0.3,random,et_full,22,annual_et,0.8229624546248047
3,1200,0.3,random,et_full,23,impervious_surface,0.04246621597446565
3,1200,0.3,random,et_full,24,nighttime_lights,0.25980624291376353
3,1200,0.3,random,et_full,25,population_density,0.13094723527239072
3,1200,0.3,spatial,rf_baseline,0,elevation,0.77488406965548
3,1200,0.3,spatial,rf_baseline,1,slope,0.02214641336032519
3,1200,0.3,spatial,rf_baseline,2,aspect,0.7130323705524876
3,1200,0.3,spatial,rf_baseline,3,flow_accumulation,0.40344289102247377
3,1200,0.3,spatial,rf_baseline,4,clay_fraction,0.39121618281830417
3,1200,0.3,spatial,rf_baseline,5,organic_carbon,0.08403226666616648
3,1200,0.3,spatial,rf_baseline,6,soil_ph,0.23650045447171553
3,1200,0.3,spatial,rf_baseline,7,water_capacity,0.2850358101388497
3,1200,0.3,spatial,rf_baseline,8,ndvi_mean,0.7201910034023322
3,1200,0.3,spatial,rf_baseline,9,ndvi_max,0.6669652718567507
3,1200,0.3,spatial,rf_baseline,10,evi_mean,0.5311688112483655
3,1200,0.3,spatial,rf_baseline,11,lai_mean,0.1944225576464379
3,1200,0.3,spatial,rf_baseline,12,tree_cover,0.19864645739278508
3,1200,0.3,spatial,rf_baseline,13,albedo,0.24745017281410253
3,1200,0.3,spatial,rf_baseline,14,lst_daytime,0.7655855428680585
3,1200,0.3,spatial,rf_baseline,15,lst_nighttime,0.749229803682802
3,1200,0.3,spatial,rf_baseline,16,air_temp_mean,0.7691206813920348
3,1200,0.3,spatial,rf_baseline,17,dew_point_temp,0.7345133450755055
3,1200,0.3,spatial,rf_baseline,18,annual_precip,0.7499675768115596
3,1200,0.3,spatial,rf_baseline,19,max_monthly_precip,0.7670181529998757
3,1200,0.3,spatial,rf_baseline,20,soil_moisture,0.22880375679569298
3,1200,0.3,spatial,rf_baseline,21,annual_runoff,0.6985780109389449
3,1200,0.3,spatial,rf_baseline,22,annual_et,0.787842886059066
3,1200,0.3,spatial,rf_baseline,23,impervious_surface,-1.0923833158377354
3,1200,0.3,spatial,rf_baseline,24,nighttime_lights,0.07551717563078009
3,1200,0.3,spatial,rf_baseline,25,population_density,-0.7128474234061883
3,1200,0.3,spatial,et_full,0,elevation,0.7777393716226415
3,1200,0.3,spatial,et_full,1,slope,0.002909759098635334
3,1200,0.3,spatial,et_full,2,aspect,0.7420307360717711
3,1200,0.3,spatial,et_full,3,flow_accumulation,0.411482101724125
3,1200,0.3,spatial,et_full,4,clay_fraction,0.4125149841642596
3,1200,0.3,spatial,et_full,5,organic_carbon,0.08335085751272098
3,1200,0.3,spatial,et_full,6,soil_ph,0.2486499049576355
3,1200,0.3,spatial,et_full,7,water_capacity,0.31375685873066983
3,1200,0.3,spatial,et_full,8,ndvi_mean,0.7375789207235361
3,1200,0.3,spatial,et_full,9,ndvi_max,0.6893127882393997
3,1200,0.3,spatial,et_full,10,evi_mean,0.5301767993176753
3,1200,0.3,spatial,et_full,11,lai_mean,0.1832687542060324
3,1200,0.3,spatial,et_full,12,tree_cover,0.2193855480848389
3,1200,0.3,spatial,et_full,13,albedo,0.2582087702721171
3,1200,0.3,spatial,et_full,14,lst_daytime,0.7868039287688562
3,1200,0.3,spatial,et_full,15,lst_nighttime,0.7723012247619043
3,1200,0.3,spatial,et_full,16,air_temp_mean,0.7831272657726385
3,1200,0.3,spatial,et_full,17,dew_point_temp,0.766393042348352
3,1200,0.3,spatial,et_full,18,annual_precip,0.7877722047761961
3,1200,0.3,spatial,et_full,19,max_monthly_precip,0.7889913053364768
3,1200,0.3,spatial,et_full,20,soil_moisture,0.2993636645205374
3,1200,0.3,spatial,et_full,21,annual_runoff,0.704493673057327
3,1200,0.3,spatial,et_full,22,annual_et,0.8170823955544693
3,1200,0.3,spatial,et_full,23,impervious_surface,-0.6871779804736284
3,1200,0.3,spatial,et_full,24,nighttime_lights,0.1996554403409012
3,1200,0.3,spatial,et_full,25,population_density,-0.39783104648652423
4,1200,0.3,random,rf_baseline,0,elevation,0.3702886659267939
4,1200,0.3,random,rf_baseline,1,slope,-0.040756002173826245
4,1200,0.3,random,rf_baseline,2,aspect,0.3487918361892456
4,1200,0.3,random,rf_baseline,3,flow_accumulation,0.8154150168631498
4,1200,0.3,random,rf_baseline,4,clay_fraction,0.3809665888039162
4,1200,0.3,random,rf_baseline,5,organic_carbon,0.07004833141420674
4,1200,0.3,random,rf_baseline,6,soil_ph,0.1652770401390059
4,1200,0.3,random,rf_baseline,7,water_capacity,0.4948809529552739
4,1200,0.3,random,rf_baseline,8,ndvi_mean,0.7161648866341873
4,1200,0.3,random,rf_baseline,9,ndvi_max,0.6848809629747372
4,1200,0.3,random,rf_baseline,10,evi_mean,0.5916700821158498
4,1200,0.3,random,rf_baseline,11,lai_mean,0.41101921093940097
4,1200,0.3,random,rf_baseline,12,tree_cover,0.2253871779155373
4,1200,0.3,random,rf_baseline,13,albedo,0.6985902227606815
4,1200,0.3,random,rf_baseline,14,lst_daytime,0.7085824143464178
4,1200,0.3,random,rf_baseline,15,lst_nighttime,0.6999053844079968
4,1200,0.3,random,rf_baseline,16,air_temp_mean,0.7203721443670051
4,1200,0.3,random,rf_baseline,17,dew_point_temp,0.7079868399080524
4,1200,0.3,random,rf_baseline,18,annual_precip,0.4777374944087921
4,1200,0.3,random,rf_baseline,19,max_monthly_precip,0.47597911612473
4,1200,0.3,random,rf_baseline,20,soil_moisture,0.2609898243093072
4,1200,0.3,random,rf_baseline,21,annual_runoff,0.39067614028003506
4,1200,0.3,random,rf_baseline,22,annual_et,0.7031258602354309
4,1200,0.3,random,rf_baseline,23,impervious_surface,0.35786818810339005
4,1200,0.3,random,rf_baseline,24,nighttime_lights,0.5448833375790147
4,1200,0.3,random,rf_baseline,25,population_density,0.3997265018364937
4,1200,0.3,random,et_random_thresholds,0,elevation,0.3750742143862933
4,1200,0.3,random,et_random_thresholds,1,slope,-0.07186173317914801
4,1200,0.3,random,et_random_thresholds,2,aspect,0.37265806300115034
4,1200,0.3,random,et_random_thresholds,3,flow_accumulation,0.8187211631502417
4,1200,0.3,random,et_random_thresholds,4,clay_fraction,0.38971850679007813
4,1200,0.3,random,et_random_thresholds,5,organic_carbon,0.08973479862893363
4,1200,0.3,random,et_random_thresholds,6,soil_ph,0.17594321389078327
4,1200,0.3,random,et_random_thresholds,7,water_capacity,0.510490090094352
4,1200,0.3,random,et_random_thresholds,8,ndvi_mean,0.7554352675554727
4,1200,0.3,random,et_random_thresholds,9,ndvi_max,0.6900640157516017
4,1200,0.3,random,et_random_thresholds,10,evi_mean,0.5986021612388501
4,1200,0.3,random,et_random_thresholds,11,lai_mean,0.4516028145059009
4,1200,0.3,random,et_random_thresholds,12,tree_cover,0.21797334011970293
4,1200,0.3,random,et_random_thresholds,13,albedo,0.6968988771162751
4,1200,0.3,random,et_random_thresholds,14,lst_daytime,0.7025553328092031
4,1200,0.3,random,et_random_thresholds,15,lst_nighttime,0.7246612902771472
4,1200,0.3,random,et_random_thresholds,16,air_temp_mean,0.7272592430935632
4,1200,0.3,random,et_random_thresholds,17,dew_point_temp,0.7038505811952528
4,1200,0.3,random,et_random_thresholds,18,annual_precip,0.5086826870770618
4,1200,0.3,random,et_random_thresholds,19,max_monthly_precip,0.5023582841891916
4,1200,0.3,random,et_random_thresholds,20,soil_moisture,0.31830090204005346
4,1200,0.3,random,et_random_thresholds,21,annual_runoff,0.4221466225858129
4,1200,0.3,random,et_random_thresholds,22,annual_et,0.7162826136315352
4,1200,0.3,random,et_random_thresholds,23,impervious_surface,0.4541201841239091
4,1200,0.3,random,et_random_thresholds,24,nighttime_lights,0.5510369262808088
4,1200,0.3,random,et_random_thresholds,25,population_density,0.46551121691566144
4,1200,0.3,random,et_more_trees,0,elevation,0.3799759722394387
4,1200,0.3,random,et_more_trees,1,slope,-0.06448548866029946
4,1200,0.3,random,et_more_trees,2,aspect,0.3805606024272319
4,1200,0.3,random,et_more_trees,3,flow_accumulation,0.8189038422878373
4,1200,0.3,random,et_more_trees,4,clay_fraction,0.41261084174634477
4,1200,0.3,random,et_more_trees,5,organic_carbon,0.11365219686912409
4,1200,0.3,random,et_more_trees,6,soil_ph,0.1952245027145636
4,1200,0.3,random,et_more_trees,7,water_capacity,0.5271589340466352
4,1200,0.3,random,et_more_trees,8,ndvi_mean,0.7555669045108546
4,1200,0.3,random,et_more_trees,9,ndvi_max,0.6968350987464541
4,1200,0.3,random,et_more_trees,10,evi_mean,0.6084968405715615
4,1200,0.3,random,et_more_trees,11,lai_mean,0.44797447748597574
4,1200,0.3,random,et_more_trees,12,tree_cover,0.22924436423804972
4,1200,0.3,random,et_more_trees,13,albedo,0.6979827038410804
4,1200,0.3,random,et_more_trees,14,lst_daytime,0.7078777036616659
4,1200,0.3,random,et_more_trees,15,lst_nighttime,0.7263524577127436
4,1200,0.3,random,et_more_trees,16,air_temp_mean,0.7276971245713519
4,1200,0.3,random,et_more_trees,17,dew_point_temp,0.7117454587570973
4,1200,0.3,random,et_more_trees,18,annual_precip,0.4994267929713714
4,1200,0.3,random,et_more_trees,19,max_monthly_precip,0.5073862921561543
4,1200,0.3,random,et_more_trees,20,soil_moisture,0.31897154629497315
4,1200,0.3,random,et_more_trees,21,annual_runoff,0.42216202445364825
4,1200,0.3,random,et_more_trees,22,annual_et,0.7216882727089342
4,1200,0.3,random,et_more_trees,23,impervious_surface,0.42907570782984583
4,1200,0.3,random,et_more_trees,24,nighttime_lights,0.5659594189127158
4,1200,0.3,random,et_more_trees,25,population_density,0.47649387538107546
4,1200,0.3,random,et_feature_subsample,0,elevation,0.3690315990321691
4,1200,0.3,random,et_feature_subsample,1,slope,-0.029912584103551687
4,1200,0.3,random,et_feature_subsample,2,aspect,0.383207482387235
4,1200,0.3,random,et_feature_subsample,3,flow_accumulation,0.8140540868152428
4,1200,0.3,random,et_feature_subsample,4,clay_fraction,0.39666906620545683
4,1200,0.3,random,et_feature_subsample,5,organic_carbon,0.060201329953003535
4,1200,0.3,random,et_feature_subsample,6,soil_ph,0.15601311157677922
4,1200,0.3,random,et_feature_subsample,7,water_capacity,0.5326921263771788
4,1200,0.3,random,et_feature_subsample,8,ndvi_mean,0.7377604784757347
4,1200,0.3,random,et_feature_subsample,9,ndvi_max,0.6971797693503705
4,1200,0.3,random,et_feature_subsample,10,evi_mean,0.5933782904191782
4,1200,0.3,random,et_feature_subsample,11,lai_mean,0.4482294533162854
4,1200,0.3,random,et_feature_subsample,12,tree_cover,0.23586480490071138
4,1200,0.3,random,et_feature_subsample,13,albedo,0.6862657645976964
4,1200,0.3,random,et_feature_subsample,14,lst_daytime,0.6959366896574436
4,1200,0.3,random,et_feature_subsample,15,lst_nighttime,0.7270784658367289
4,1200,0.3,random,et_feature_subsample,16,air_temp_mean,0.7262590888781326
4,1200,0.3,random,et_feature_subsample,17,dew_point_temp,0.6994106841500094
4,1200,0.3,random,et_feature_subsample,18,annual_precip,0.49915745650893595
4,1200,0.3,random,et_feature_subsample,19,max_monthly_precip,0.5045590984540929
4,1200,0.3,random,et_feature_subsample,20,soil_moisture,0.3100570366402382
4,1200,0.3,random,et_feature_subsample,21,annual_runoff,0.4279114583091268
4,1200,0.3,random,et_feature_subsample,22,annual_et,0.7119112793274607
4,1200,0.3,random,et_feature_subsample,23,impervious_surface,0.38293202790224257
4,1200,0.3,random,et_feature_subsample,24,nighttime_lights,0.5594093554125257
4,1200,0.3,random,et_feature_subsample,25,population_density,0.48397412097500503
4,1200,0.3,random,et_full,0,elevation,0.38568074732668634
4,1200,0.3,random,et_full,1,slope,-0.017901001567916408
4,1200,0.3,random,et_full,2,aspect,0.38382868397642045
4,1200,0.3,random,et_full,3,flow_accumulation,0.8195806725815324
4,1200,0.3,random,et_full,4,clay_fraction,0.4099058557831702
4,1200,0.3,random,et_full,5,organic_carbon,0.07611619047763352
4,1200,0.3,random,et_full,6,soil_ph,0.1796318679432315
4,1200,0.3,random,et_full,7,water_capacity,0.5364503727045271
4,1200,0.3,random,et_full,8,ndvi_mean,0.7488821232216054
4,1200,0.3,random,et_full,9,ndvi_max,0.7010163121764783
4,1200,0.3,random,et_full,10,evi_mean,0.60890633531616
4,1200,0.3,random,et_full,11,lai_mean,0.45046021803958913
4,1200,0.3,random,et_full,12,tree_cover,0.26162295758622467
4,1200,0.3,random,et_full,13,albedo,0.6930004964852204
4,1200,0.3,random,et_full,14,lst_daytime,0.7079126322663648
4,1200,0.3,random,et_full,15,lst_nighttime,0.7254785351426234
4,1200,0.3,random,et_full,16,air_temp_mean,0.7319189028616241
4,1200,0.3,random,et_full,17,dew_point_temp,0.708020052154454
4,1200,0.3,random,et_full,18,annual_precip,0.5097428783663798
4,1200,0.3,random,et_full,19,max_monthly_precip,0.5139085157970699
4,1200,0.3,random,et_full,20,soil_moisture,0.3230596500416827
4,1200,0.3,random,et_full,21,annual_runoff,0.44493079279747916
4,1200,0.3,random,et_full,22,annual_et,0.7147878690989471
4,1200,0.3,random,et_full,23,impervious_surface,0.41357798537035884
4,1200,0.3,random,et_full,24,nighttime_lights,0.560932591843758
4,1200,0.3,random,et_full,25,population_density,0.4751594275535953
4,1200,0.3,spatial,rf_baseline,0,elevation,0.4379875144638641
4,1200,0.3,spatial,rf_baseline,1,slope,-0.03296759735856303
4,1200,0.3,spatial,rf_baseline,2,aspect,0.33007038842616543
4,1200,0.3,spatial,rf_baseline,3,flow_accumulation,0.7457346871886941
4,1200,0.3,spatial,rf_baseline,4,clay_fraction,0.3585526528147398
4,1200,0.3,spatial,rf_baseline,5,organic_carbon,0.11647657105851406
4,1200,0.3,spatial,rf_baseline,6,soil_ph,0.14122327578241078
4,1200,0.3,spatial,rf_baseline,7,water_capacity,0.4721225909350718
4,1200,0.3,spatial,rf_baseline,8,ndvi_mean,0.6939663300775829
4,1200,0.3,spatial,rf_baseline,9,ndvi_max,0.6393746045387882
4,1200,0.3,spatial,rf_baseline,10,evi_mean,0.5868301716714346
4,1200,0.3,spatial,rf_baseline,11,lai_mean,0.44429858217668083
4,1200,0.3,spatial,rf_baseline,12,tree_cover,0.19564103522379117
4,1200,0.3,spatial,rf_baseline,13,albedo,0.6920589217634643
4,1200,0.3,spatial,rf_baseline,14,lst_daytime,0.6048242551541871
4,1200,0.3,spatial,rf_baseline,15,lst_nighttime,0.6082490238874475
4,1200,0.3,spatial,rf_baseline,16,air_temp_mean,0.6128458855180913
4,1200,0.3,spatial,rf_baseline,17,dew_point_temp,0.6107600753516487
4,1200,0.3,spatial,rf_baseline,18,annual_precip,0.42933569732165155
4,1200,0.3,spatial,rf_baseline,19,max_monthly_precip,0.44858140724585116
4,1200,0.3,spatial,rf_baseline,20,soil_moisture,0.2150814431902468
4,1200,0.3,spatial,rf_baseline,21,annual_runoff,0.37297634785716827
4,1200,0.3,spatial,rf_baseline,22,annual_et,0.6095501023372096
4,1200,0.3,spatial,rf_baseline,23,impervious_surface,0.05775460462820259
4,1200,0.3,spatial,rf_baseline,24,nighttime_lights,0.40226471368253536
4,1200,0.3,spatial,rf_baseline,25,population_density,0.2794054389376377
4,1200,0.3,spatial,et_full,0,elevation,0.46462157415416205
4,1200,0.3,spatial,et_full,1,slope,-0.024230459445833352
4,1200,0.3,spatial,et_full,2,aspect,0.347824051868624
4,1200,0.3,spatial,et_full,3,flow_accumulation,0.7677440749438211
4,1200,0.3,spatial,et_full,4,clay_fraction,0.4015211815548636
4,1200,0.3,spatial,et_full,5,organic_carbon,0.13773780718153594
4,1200,0.3,spatial,et_full,6,soil_ph,0.16752135454648465
4,1200,0.3,spatial,et_full,7,water_capacity,0.4918867486806332
4,1200,0.3,spatial,et_full,8,ndvi_mean,0.7161791373852638
4,1200,0.3,spatial,et_full,9,ndvi_max,0.6473589103958122
4,1200,0.3,spatial,et_full,10,evi_mean,0.5886551318224216
4,1200,0.3,spatial,et_full,11,lai_mean,0.45639921293805896
4,1200,0.3,spatial,et_full,12,tree_cover,0.22540992798071713
4,1200,0.3,spatial,et_full,13,albedo,0.6993286760389946
4,1200,0.3,spatial,et_full,14,lst_daytime,0.6341079911972891
4,1200,0.3,spatial,et_full,15,lst_nighttime,0.6388054890391581
4,1200,0.3,spatial,et_full,16,air_temp_mean,0.6410949729830591
4,1200,0.3,spatial,et_full,17,dew_point_temp,0.6222797964968736
4,1200,0.3,spatial,et_full,18,annual_precip,0.4942706737571554
4,1200,0.3,spatial,et_full,19,max_monthly_precip,0.5026030138946764
4,1200,0.3,spatial,et_full,20,soil_moisture,0.2771187845905536
4,1200,0.3,spatial,et_full,21,annual_runoff,0.4169466916634259
4,1200,0.3,spatial,et_full,22,annual_et,0.6325743137402806
4,1200,0.3,spatial,et_full,23,impervious_surface,0.1945161752802652
4,1200,0.3,spatial,et_full,24,nighttime_lights,0.45348462667509293
4,1200,0.3,spatial,et_full,25,population_density,0.3750469454696962
5,1200,0.3,random,rf_baseline,0,elevation,0.74505179707813
5,1200,0.3,random,rf_baseline,1,slope,0.6714403265832318
5,1200,0.3,random,rf_baseline,2,aspect,0.7253865409784336
5,1200,0.3,random,rf_baseline,3,flow_accumulation,0.34580731431069955
5,1200,0.3,random,rf_baseline,4,clay_fraction,0.16567543552104746
5,1200,0.3,random,rf_baseline,5,organic_carbon,0.4941637867248253
5,1200,0.3,random,rf_baseline,6,soil_ph,0.12161449023118531
5,1200,0.3,random,rf_baseline,7,water_capacity,0.1480812974048933
5,1200,0.3,random,rf_baseline,8,ndvi_mean,0.6353264536069567
5,1200,0.3,random,rf_baseline,9,ndvi_max,0.6919182641095145
5,1200,0.3,random,rf_baseline,10,evi_mean,0.3931354752855001
5,1200,0.3,random,rf_baseline,11,lai_mean,0.14970401436384329
5,1200,0.3,random,rf_baseline,12,tree_cover,0.15218332843717486
5,1200,0.3,random,rf_baseline,13,albedo,0.6416327982150116
5,1200,0.3,random,rf_baseline,14,lst_daytime,0.35130012557224877
5,1200,0.3,random,rf_baseline,15,lst_nighttime,0.36245093278755025
5,1200,0.3,random,rf_baseline,16,air_temp_mean,0.31592086680673925
5,1200,0.3,random,rf_baseline,17,dew_point_temp,0.3264447281068944
5,1200,0.3,random,rf_baseline,18,annual_precip,0.8773114128676914
5,1200,0.3,random,rf_baseline,19,max_monthly_precip,0.8383332124681552
5,1200,0.3,random,rf_baseline,20,soil_moisture,0.1846757448570585
5,1200,0.3,random,rf_baseline,21,annual_runoff,0.768862929657602
5,1200,0.3,random,rf_baseline,22,annual_et,0.30791490986707926
5,1200,0.3,random,rf_baseline,23,impervious_surface,0.3900145441594214
5,1200,0.3,random,rf_baseline,24,nighttime_lights,0.39283165555196176
5,1200,0.3,random,rf_baseline,25,population_density,0.4494087076177785
5,1200,0.3,random,et_random_thresholds,0,elevation,0.7486189874097469
5,1200,0.3,random,et_random_thresholds,1,slope,0.6668782456024108
5,1200,0.3,random,et_random_thresholds,2,aspect,0.7406180664223502
5,1200,0.3,random,et_random_thresholds,3,flow_accumulation,0.37166532066039404
5,1200,0.3,random,et_random_thresholds,4,clay_fraction,0.19606988190496855
5,1200,0.3,random,et_random_thresholds,5,organic_carbon,0.51060297811099
5,1200,0.3,random,et_random_thresholds,6,soil_ph,0.12766693504306015
5,1200,0.3,random,et_random_thresholds,7,water_capacity,0.15217488036168925
5,1200,0.3,random,et_random_thresholds,8,ndvi_mean,0.6454254642052178
5,1200,0.3,random,et_random_thresholds,9,ndvi_max,0.7011524758449224
5,1200,0.3,random,et_random_thresholds,10,evi_mean,0.4138845586092851
5,1200,0.3,random,et_random_thresholds,11,lai_mean,0.1697037251861091
5,1200,0.3,random,et_random_thresholds,12,tree_cover,0.1864847430921257
5,1200,0.3,random,et_random_thresholds,13,albedo,0.6477970675325397
5,1200,0.3,random,et_random_thresholds,14,lst_daytime,0.3545005535680117
5,1200,0.3,random,et_random_thresholds,15,lst_nighttime,0.37446761978790666
5,1200,0.3,random,et_random_thresholds,16,air_temp_mean,0.3182182483884768
5,1200,0.3,random,et_random_thresholds,17,dew_point_temp,0.34757791530598514
5,1200,0.3,random,et_random_thresholds,18,annual_precip,0.8810297188637018
5,1200,0.3,random,et_random_thresholds,19,max_monthly_precip,0.8402194229522678
5,1200,0.3,random,et_random_thresholds,20,soil_moisture,0.23266946205772387
5,1200,0.3,random,et_random_thresholds,21,annual_runoff,0.7823851189731166
5,1200,0.3,random,et_random_thresholds,22,annual_et,0.32487906698610447
5,1200,0.3,random,et_random_thresholds,23,impervious_surface,0.42735235305732466
5,1200,0.3,random,et_random_thresholds,24,nighttime_lights,0.43655934328546286
5,1200,0.3,random,et_random_thresholds,25,population_density,0.5357954701789566
5,1200,0.3,random,et_more_trees,0,elevation,0.7549469442586146
5,1200,0.3,random,et_more_trees,1,slope,0.6647057625811903
5,1200,0.3,random,et_more_trees,2,aspect,0.7462835580959868
5,1200,0.3,random,et_more_trees,3,flow_accumulation,0.3876554445297844
5,1200,0.3,random,et_more_trees,4,clay_fraction,0.22079034920773644
5,1200,0.3,random,et_more_trees,5,organic_carbon,0.513166491568995
5,1200,0.3,random,et_more_trees,6,soil_ph,0.14088975743567755
5,1200,0.3,random,et_more_trees,7,water_capacity,0.17331983152874753
5,1200,0.3,random,et_more_trees,8,ndvi_mean,0.6447688893488623
5,1200,0.3,random,et_more_trees,9,ndvi_max,0.6997933629458442
5,1200,0.3,random,et_more_trees,10,evi_mean,0.41494874858115494
5,1200,0.3,random,et_more_trees,11,lai_mean,0.171755380499238
5,1200,0.3,random,et_more_trees,12,tree_cover,0.1913273658517577
5,1200,0.3,random,et_more_trees,13,albedo,0.6448849274206079
5,1200,0.3,random,et_more_trees,14,lst_daytime,0.36417190544309697
5,1200,0.3,random,et_more_trees,15,lst_nighttime,0.37719747603808607
5,1200,0.3,random,et_more_trees,16,air_temp_mean,0.3411164520840345
5,1200,0.3,random,et_more_trees,17,dew_point_temp,0.3403736139320428
5,1200,0.3,random,et_more_trees,18,annual_precip,0.8831832759243169
5,1200,0.3,random,et_more_trees,19,max_monthly_precip,0.8446979538884513
5,1200,0.3,random,et_more_trees,20,soil_moisture,0.23651689420679756
5,1200,0.3,random,et_more_trees,21,annual_runoff,0.7828701328123528
5,1200,0.3,random,et_more_trees,22,annual_et,0.3272582291678908
5,1200,0.3,random,et_more_trees,23,impervious_surface,0.4417313271020564
5,1200,0.3,random,et_more_trees,24,nighttime_lights,0.44846888359181536
5,1200,0.3,random,et_more_trees,25,population_density,0.5479488515229046
5,1200,0.3,random,et_feature_subsample,0,elevation,0.7537908093423017
5,1200,0.3,random,et_feature_subsample,1,slope,0.6509922629734257
5,1200,0.3,random,et_feature_subsample,2,aspect,0.7387358977168885
5,1200,0.3,random,et_feature_subsample,3,flow_accumulation,0.3982043083997392
5,1200,0.3,random,et_feature_subsample,4,clay_fraction,0.187192635609291
5,1200,0.3,random,et_feature_subsample,5,organic_carbon,0.5089228166948818
5,1200,0.3,random,et_feature_subsample,6,soil_ph,0.11817657224196654
5,1200,0.3,random,et_feature_subsample,7,water_capacity,0.14760816000242283
5,1200,0.3,random,et_feature_subsample,8,ndvi_mean,0.6544724689154924
5,1200,0.3,random,et_feature_subsample,9,ndvi_max,0.6894422688258237
5,1200,0.3,random,et_feature_subsample,10,evi_mean,0.4194246235183807
5,1200,0.3,random,et_feature_subsample,11,lai_mean,0.14967552364661751
5,1200,0.3,random,et_feature_subsample,12,tree_cover,0.18264932250677202
5,1200,0.3,random,et_feature_subsample,13,albedo,0.6498503020908496
5,1200,0.3,random,et_feature_subsample,14,lst_daytime,0.32882469543774195
5,1200,0.3,random,et_feature_subsample,15,lst_nighttime,0.34747440046726397
5,1200,0.3,random,et_feature_subsample,16,air_temp_mean,0.3327728060729287
5,1200,0.3,random,et_feature_subsample,17,dew_point_temp,0.34145857928996215
5,1200,0.3,random,et_feature_subsample,18,annual_precip,0.8836743509774747
5,1200,0.3,random,et_feature_subsample,19,max_monthly_precip,0.8408776154507116
5,1200,0.3,random,et_feature_subsample,20,soil_moisture,0.227353738388972
5,1200,0.3,random,et_feature_subsample,21,annual_runoff,0.7819609875416491
5,1200,0.3,random,et_feature_subsample,22,annual_et,0.3149437294761177
5,1200,0.3,random,et_feature_subsample,23,impervious_surface,0.42308773871722594
5,1200,0.3,random,et_feature_subsample,24,nighttime_lights,0.4400033769192102
5,1200,0.3,random,et_feature_subsample,25,population_density,0.5273324272144633
5,1200,0.3,random,et_full,0,elevation,0.7614083678635952
5,1200,0.3,random,et_full,1,slope,0.6609605335648674
5,1200,0.3,random,et_full,2,aspect,0.7471074797706765
5,1200,0.3,random,et_full,3,flow_accumulation,0.3870945996776609
5,1200,0.3,random,et_full,4,clay_fraction,0.2137446682290266
5,1200,0.3,random,et_full,5,organic_carbon,0.5175001850695853
5,1200,0.3,random,et_full,6,soil_ph,0.13766477040929948
5,1200,0.3,random,et_full,7,water_capacity,0.15964689529192266
5,1200,0.3,random,et_full,8,ndvi_mean,0.6490578198812744
5,1200,0.3,random,et_full,9,ndvi_max,0.6970617510076123
5,1200,0.3,random,et_full,10,evi_mean,0.4327740995740612
5,1200,0.3,random,et_full,11,lai_mean,0.1509649088053534
5,1200,0.3,random,et_full,12,tree_cover,0.20113503630695162
5,1200,0.3,random,et_full,13,albedo,0.6415932794430041
5,1200,0.3,random,et_full,14,lst_daytime,0.3476891732264782
5,1200,0.3,random,et_full,15,lst_nighttime,0.36725881114131564
5,1200,0.3,random,et_full,16,air_temp_mean,0.3345333896951792
5,1200,0.3,random,et_full,17,dew_point_temp,0.33880315021897733
5,1200,0.3,random,et_full,18,annual_precip,0.882828700591871
5,1200,0.3,random,et_full,19,max_monthly_precip,0.8437640473518172
5,1200,0.3,random,et_full,20,soil_moisture,0.22940058840290067
5,1200,0.3,random,et_full,21,annual_runoff,0.7868206698455298
5,1200,0.3,random,et_full,22,annual_et,0.33259665474026456
5,1200,0.3,random,et_full,23,impervious_surface,0.43614947516957625
5,1200,0.3,random,et_full,24,nighttime_lights,0.44285031710806233
5,1200,0.3,random,et_full,25,population_density,0.5312661748301685
5,1200,0.3,spatial,rf_baseline,0,elevation,0.7531592774249336
5,1200,0.3,spatial,rf_baseline,1,slope,0.6614209964190398
5,1200,0.3,spatial,rf_baseline,2,aspect,0.7320056835281121
5,1200,0.3,spatial,rf_baseline,3,flow_accumulation,0.31094857559882827
5,1200,0.3,spatial,rf_baseline,4,clay_fraction,0.1952108869694381
5,1200,0.3,spatial,rf_baseline,5,organic_carbon,0.4474665838873457
5,1200,0.3,spatial,rf_baseline,6,soil_ph,0.1011358743934756
5,1200,0.3,spatial,rf_baseline,7,water_capacity,0.1650060336983783
5,1200,0.3,spatial,rf_baseline,8,ndvi_mean,0.6521861860051743
5,1200,0.3,spatial,rf_baseline,9,ndvi_max,0.6738604370295163
5,1200,0.3,spatial,rf_baseline,10,evi_mean,0.4409634785226012
5,1200,0.3,spatial,rf_baseline,11,lai_mean,0.11528103102071263
5,1200,0.3,spatial,rf_baseline,12,tree_cover,0.2466202837220145
5,1200,0.3,spatial,rf_baseline,13,albedo,0.6056140959805605
5,1200,0.3,spatial,rf_baseline,14,lst_daytime,0.35458782404066136
5,1200,0.3,spatial,rf_baseline,15,lst_nighttime,0.3610537165200083
5,1200,0.3,spatial,rf_baseline,16,air_temp_mean,0.3354432025123665
5,1200,0.3,spatial,rf_baseline,17,dew_point_temp,0.31475294008451016
5,1200,0.3,spatial,rf_baseline,18,annual_precip,0.8756190657467123
5,1200,0.3,spatial,rf_baseline,19,max_monthly_precip,0.8430143583905724
5,1200,0.3,spatial,rf_baseline,20,soil_moisture,0.16723222384025394
5,1200,0.3,spatial,rf_baseline,21,annual_runoff,0.8032791985231251
5,1200,0.3,spatial,rf_baseline,22,annual_et,0.3291867057681268
5,1200,0.3,spatial,rf_baseline,23,impervious_surface,0.014663819863918293
5,1200,0.3,spatial,rf_baseline,24,nighttime_lights,0.1999497480496556
5,1200,0.3,spatial,rf_baseline,25,population_density,0.04462442637521924
5,1200,0.3,spatial,et_full,0,elevation,0.7776078623127483
5,1200,0.3,spatial,et_full,1,slope,0.6696118368388957
5,1200,0.3,spatial,et_full,2,aspect,0.7419049279244907
5,1200,0.3,spatial,et_full,3,flow_accumulation,0.3215993127127399
5,1200,0.3,spatial,et_full,4,clay_fraction,0.20763092684505513
5,1200,0.3,spatial,et_full,5,organic_carbon,0.4871785144637133
5,1200,0.3,spatial,et_full,6,soil_ph,0.13812930199779316
5,1200,0.3,spatial,et_full,7,water_capacity,0.1840095035127659
5,1200,0.3,spatial,et_full,8,ndvi_mean,0.6819172488756848
5,1200,0.3,spatial,et_full,9,ndvi_max,0.6857058406307814
5,1200,0.3,spatial,et_full,10,evi_mean,0.4538345866716219
5,1200,0.3,spatial,et_full,11,lai_mean,0.1428663458600724
5,1200,0.3,spatial,et_full,12,tree_cover,0.2059070184305688
5,1200,0.3,spatial,et_full,13,albedo,0.6345940139618077
5,1200,0.3,spatial,et_full,14,lst_daytime,0.34475979288411096
5,1200,0.3,spatial,et_full,15,lst_nighttime,0.34319691980940614
5,1200,0.3,spatial,et_full,16,air_temp_mean,0.35378913595729555
5,1200,0.3,spatial,et_full,17,dew_point_temp,0.34300343178396797
5,1200,0.3,spatial,et_full,18,annual_precip,0.8806547430934933
5,1200,0.3,spatial,et_full,19,max_monthly_precip,0.8450340828431078
5,1200,0.3,spatial,et_full,20,soil_moisture,0.17758719675924073
5,1200,0.3,spatial,et_full,21,annual_runoff,0.8055512712064792
5,1200,0.3,spatial,et_full,22,annual_et,0.31972878030972285
5,1200,0.3,spatial,et_full,23,impervious_surface,0.07095884911567407
5,1200,0.3,spatial,et_full,24,nighttime_lights,0.22819787871052366
5,1200,0.3,spatial,et_full,25,population_density,0.1671607068325589
6,1200,0.3,random,rf_baseline,0,elevation,0.3766420208760288
6,1200,0.3,random,rf_baseline,1,slope,0.22718576335547847
6,1200,0.3,random,rf_baseline,2,aspect,0.3035389062506171
6,1200,0.3,random,rf_baseline,3,flow_accumulation,0.12460483231017361
6,1200,0.3,random,rf_baseline,4,clay_fraction,0.4883180900631565
6,1200,0.3,random,rf_baseline,5,organic_carbon,0.5114458798979469
6,1200,0.3,random,rf_baseline,6,soil_ph,0.40574316165803015
6,1200,0.3,random,rf_baseline,7,water_capacity,0.7577813373010469
6,1200,0.3,random,rf_baseline,8,ndvi_mean,0.4561492932004181
6,1200,0.3,random,rf_baseline,9,ndvi_max,0.4374660751453211
6,1200,0.3,random,rf_baseline,10,evi_mean,0.3135605961595349
6,1200,0.3,random,rf_baseline,11,lai_mean,0.08221364358005923
6,1200,0.3,random,rf_baseline,12,tree_cover,0.2509991384587328
6,1200,0.3,random,rf_baseline,13,albedo,0.5060018782205098
6,1200,0.3,random,rf_baseline,14,lst_daytime,0.7352547186461076
6,1200,0.3,random,rf_baseline,15,lst_nighttime,0.7824897547737448
6,1200,0.3,random,rf_baseline,16,air_temp_mean,0.7797900827818275
6,1200,0.3,random,rf_baseline,17,dew_point_temp,0.808354770970496
6,1200,0.3,random,rf_baseline,18,annual_precip,0.5440596058657376
6,1200,0.3,random,rf_baseline,19,max_monthly_precip,0.49867066473089905
6,1200,0.3,random,rf_baseline,20,soil_moisture,0.7072265310352575
6,1200,0.3,random,rf_baseline,21,annual_runoff,0.6365955076546892
6,1200,0.3,random,rf_baseline,22,annual_et,0.7152636027261018
6,1200,0.3,random,rf_baseline,23,impervious_surface,0.47132636988086785
6,1200,0.3,random,rf_baseline,24,nighttime_lights,0.4282194573869278
6,1200,0.3,random,rf_baseline,25,population_density,0.44734926355688154
6,1200,0.3,random,et_random_thresholds,0,elevation,0.3680201295166763
6,1200,0.3,random,et_random_thresholds,1,slope,0.23178083908385538
6,1200,0.3,random,et_random_thresholds,2,aspect,0.3208108247527838
6,1200,0.3,random,et_random_thresholds,3,flow_accumulation,0.13657341229797226
6,1200,0.3,random,et_random_thresholds,4,clay_fraction,0.5334319314040032
6,1200,0.3,random,et_random_thresholds,5,organic_carbon,0.529751253329261
6,1200,0.3,random,et_random_thresholds,6,soil_ph,0.43595328285756796
6,1200,0.3,random,et_random_thresholds,7,water_capacity,0.7699677894579335
6,1200,0.3,random,et_random_thresholds,8,ndvi_mean,0.4622511569850343
6,1200,0.3,random,et_random_thresholds,9,ndvi_max,0.45509340441730883
6,1200,0.3,random,et_random_thresholds,10,evi_mean,0.28931842281065423
6,1200,0.3,random,et_random_thresholds,11,lai_mean,0.1069042409446962
6,1200,0.3,random,et_random_thresholds,12,tree_cover,0.2216409617344418
6,1200,0.3,random,et_random_thresholds,13,albedo,0.5210287182296811
6,1200,0.3,random,et_random_thresholds,14,lst_daytime,0.753097481731467
6,1200,0.3,random,et_random_thresholds,15,lst_nighttime,0.7878654014906704
6,1200,0.3,random,et_random_thresholds,16,air_temp_mean,0.7916073018016112
6,1200,0.3,random,et_random_thresholds,17,dew_point_temp,0.8245439595937573
6,1200,0.3,random,et_random_thresholds,18,annual_precip,0.5540594822180279
6,1200,0.3,random,et_random_thresholds,19,max_monthly_precip,0.49855699465828596
6,1200,0.3,random,et_random_thresholds,20,soil_moisture,0.7222075225888775
6,1200,0.3,random,et_random_thresholds,21,annual_runoff,0.6431435937440224
6,1200,0.3,random,et_random_thresholds,22,annual_et,0.7278423490610791
6,1200,0.3,random,et_random_thresholds,23,impervious_surface,0.4554133631559686
6,1200,0.3,random,et_random_thresholds,24,nighttime_lights,0.454016106499351
6,1200,0.3,random,et_random_thresholds,25,population_density,0.47228141372014265
6,1200,0.3,random,et_more_trees,0,elevation,0.3680378085913302
6,1200,0.3,random,et_more_trees,1,slope,0.23208081830277327
6,1200,0.3,random,et_more_trees,2,aspect,0.32998975590102675
6,1200,0.3,random,et_more_trees,3,flow_accumulation,0.1562376364897763
6,1200,0.3,random,et_more_trees,4,clay_fraction,0.5469184316185483
6,1200,0.3,random,et_more_trees,5,organic_carbon,0.5318052657723399
6,1200,0.3,random,et_more_trees,6,soil_ph,0.4440733955720293
6,1200,0.3,random,et_more_trees,7,water_capacity,0.774543096883853
6,1200,0.3,random,et_more_trees,8,ndvi_mean,0.4613971388495569
6,1200,0.3,random,et_more_trees,9,ndvi_max,0.45837297773498586
6,1200,0.3,random,et_more_trees,10,evi_mean,0.30330407935538894
6,1200,0.3,random,et_more_trees,11,lai_mean,0.12001381164720026
6,1200,0.3,random,et_more_trees,12,tree_cover,0.2334180458586168
6,1200,0.3,random,et_more_trees,13,albedo,0.5204094926658249
6,1200,0.3,random,et_more_trees,14,lst_daytime,0.7569653009517128
6,1200,0.3,random,et_more_trees,15,lst_nighttime,0.7904530815734676
6,1200,0.3,random,et_more_trees,16,air_temp_mean,0.7900639602835582
6,1200,0.3,random,et_more_trees,17,dew_point_temp,0.8257785172461324
6,1200,0.3,random,et_more_trees,18,annual_precip,0.5620199072305146
6,1200,0.3,random,et_more_trees,19,max_monthly_precip,0.5039687650161446
6,1200,0.3,random,et_more_trees,20,soil_moisture,0.7298597559574697
6,1200,0.3,random,et_more_trees,21,annual_runoff,0.6451953701405253
6,1200,0.3,random,et_more_trees,22,annual_et,0.7327988409609203
6,1200,0.3,random,et_more_trees,23,impervious_surface,0.4739392650715899
6,1200,0.3,random,et_more_trees,24,nighttime_lights,0.44302270832160806
6,1200,0.3,random,et_more_trees,25,population_density,0.46258309983207857
6,1200,0.3,random,et_feature_subsample,0,elevation,0.34650798634660507
6,1200,0.3,random,et_feature_subsample,1,slope,0.21437500499318451
6,1200,0.3,random,et_feature_subsample,2,aspect,0.31517008626242526
6,1200,0.3,random,et_feature_subsample,3,flow_accumulation,0.13617411266610135
6,1200,0.3,random,et_feature_subsample,4,clay_fraction,0.5407748558044263
6,1200,0.3,random,et_feature_subsample,5,organic_carbon,0.5330734259480594
6,1200,0.3,random,et_feature_subsample,6,soil_ph,0.42258665181335886
6,1200,0.3,random,et_feature_subsample,7,water_capacity,0.7665451271576034
6,1200,0.3,random,et_feature_subsample,8,ndvi_mean,0.4505902539340627
6,1200,0.3,random,et_feature_subsample,9,ndvi_max,0.44649664414327084
6,1200,0.3,random,et_feature_subsample,10,evi_mean,0.31711685996257477
6,1200,0.3,random,et_feature_subsample,11,lai_mean,0.10720676921893357
6,1200,0.3,random,et_feature_subsample,12,tree_cover,0.2337792839839229
6,1200,0.3,random,et_feature_subsample,13,albedo,0.5257655462472678
6,1200,0.3,random,et_feature_subsample,14,lst_daytime,0.7583681792055179
6,1200,0.3,random,et_feature_subsample,15,lst_nighttime,0.7839055103972411
6,1200,0.3,random,et_feature_subsample,16,air_temp_mean,0.7822782187638518
6,1200,0.3,random,et_feature_subsample,17,dew_point_temp,0.8243282373804551
6,1200,0.3,random,et_feature_subsample,18,annual_precip,0.5629477835083523
6,1200,0.3,random,et_feature_subsample,19,max_monthly_precip,0.48415094656130664
6,1200,0.3,random,et_feature_subsample,20,soil_moisture,0.7229804750784039
6,1200,0.3,random,et_feature_subsample,21,annual_runoff,0.6517829972720626
6,1200,0.3,random,et_feature_subsample,22,annual_et,0.728540946643118
6,1200,0.3,random,et_feature_subsample,23,impervious_surface,0.43545060670878677
6,1200,0.3,random,et_feature_subsample,24,nighttime_lights,0.41841061757378806
6,1200,0.3,random,et_feature_subsample,25,population_density,0.447298955205668
6,1200,0.3,random,et_full,0,elevation,0.355845666474244
6,1200,0.3,random,et_full,1,slope,0.22850948143560523
6,1200,0.3,random,et_full,2,aspect,0.32408646781879713
6,1200,0.3,random,et_full,3,flow_accumulation,0.1402042551840973
6,1200,0.3,random,et_full,4,clay_fraction,0.5430554500279203
6,1200,0.3,random,et_full,5,organic_carbon,0.5401839071202401
6,1200,0.3,random,et_full,6,soil_ph,0.44052238262148635
6,1200,0.3,random,et_full,7,water_capacity,0.7714733753392887
6,1200,0.3,random,et_full,8,ndvi_mean,0.4655649291695021
6,1200,0.3,random,et_full,9,ndvi_max,0.443658133123392
6,1200,0.3,random,et_full,10,evi_mean,0.31437454612391935
6,1200,0.3,random,et_full,11,lai_mean,0.11987655507932138
6,1200,0.3,random,et_full,12,tree_cover,0.22955505831615275
6,1200,0.3,random,et_full,13,albedo,0.5246919962347842
6,1200,0.3,random,et_full,14,lst_daytime,0.7631347081679722
6,1200,0.3,random,et_full,15,lst_nighttime,0.7872717872485513
6,1200,0.3,random,et_full,16,air_temp_mean,0.7830056652061808
6,1200,0.3,random,et_full,17,dew_point_temp,0.8237427600123841
6,1200,0.3,random,et_full,18,annual_precip,0.5684500394258643
6,1200,0.3,random,et_full,19,max_monthly_precip,0.505890357534847
6,1200,0.3,random,et_full,20,soil_moisture,0.7308892254253574
6,1200,0.3,random,et_full,21,annual_runoff,0.6460259751907531
6,1200,0.3,random,et_full,22,annual_et,0.7309195990143147
6,1200,0.3,random,et_full,23,impervious_surface,0.4425652578159436
6,1200,0.3,random,et_full,24,nighttime_lights,0.4347640339568074
6,1200,0.3,random,et_full,25,population_density,0.4506442419422426
6,1200,0.3,spatial,rf_baseline,0,elevation,0.3124106360972738
6,1200,0.3,spatial,rf_baseline,1,slope,0.22008292174648536
6,1200,0.3,spatial,rf_baseline,2,aspect,0.24678802443158976
6,1200,0.3,spatial,rf_baseline,3,flow_accumulation,-0.02013466464517233
6,1200,0.3,spatial,rf_baseline,4,clay_fraction,0.565458011500962
6,1200,0.3,spatial,rf_baseline,5,organic_carbon,0.5344573407355953
6,1200,0.3,spatial,rf_baseline,6,soil_ph,0.45301067025872244
6,1200,0.3,spatial,rf_baseline,7,water_capacity,0.7230680476778966
6,1200,0.3,spatial,rf_baseline,8,ndvi_mean,0.5069683997604962
6,1200,0.3,spatial,rf_baseline,9,ndvi_max,0.479820714053673
6,1200,0.3,spatial,rf_baseline,10,evi_mean,0.3844499555584705
6,1200,0.3,spatial,rf_baseline,11,lai_mean,0.14172060331891845
6,1200,0.3,spatial,rf_baseline,12,tree_cover,0.19411111754579757
6,1200,0.3,spatial,rf_baseline,13,albedo,0.5120053049473474
6,1200,0.3,spatial,rf_baseline,14,lst_daytime,0.7564637125348702
6,1200,0.3,spatial,rf_baseline,15,lst_nighttime,0.7984272561983342
6,1200,0.3,spatial,rf_baseline,16,air_temp_mean,0.7821438187463483
6,1200,0.3,spatial,rf_baseline,17,dew_point_temp,0.8173157408313759
6,1200,0.3,spatial,rf_baseline,18,annual_precip,0.5903365219188106
6,1200,0.3,spatial,rf_baseline,19,max_monthly_precip,0.5275985565779141
6,1200,0.3,spatial,rf_baseline,20,soil_moisture,0.6950444349474022
6,1200,0.3,spatial,rf_baseline,21,annual_runoff,0.6501862863463242
6,1200,0.3,spatial,rf_baseline,22,annual_et,0.7364391756111738
6,1200,0.3,spatial,rf_baseline,23,impervious_surface,0.1536394206447309
6,1200,0.3,spatial,rf_baseline,24,nighttime_lights,0.2663963084509612
6,1200,0.3,spatial,rf_baseline,25,population_density,0.17201376833387394
6,1200,0.3,spatial,et_full,0,elevation,0.28611038390069
6,1200,0.3,spatial,et_full,1,slope,0.2591648190322112
6,1200,0.3,spatial,et_full,2,aspect,0.26082544069051694
6,1200,0.3,spatial,et_full,3,flow_accumulation,0.03934191018551203
6,1200,0.3,spatial,et_full,4,clay_fraction,0.5601272112542992
6,1200,0.3,spatial,et_full,5,organic_carbon,0.5450454368144311
6,1200,0.3,spatial,et_full,6,soil_ph,0.4642841224301335
6,1200,0.3,spatial,et_full,7,water_capacity,0.7488546392710606
6,1200,0.3,spatial,et_full,8,ndvi_mean,0.5070603680837826
6,1200,0.3,spatial,et_full,9,ndvi_max,0.49533683124661476
6,1200,0.3,spatial,et_full,10,evi_mean,0.3730946680406304
6,1200,0.3,spatial,et_full,11,lai_mean,0.1363521692549149
6,1200,0.3,spatial,et_full,12,tree_cover,0.21857932903107824
6,1200,0.3,spatial,et_full,13,albedo,0.5299811479708986
6,1200,0.3,spatial,et_full,14,lst_daytime,0.7549056594849103
6,1200,0.3,spatial,et_full,15,lst_nighttime,0.8055919240095663
6,1200,0.3,spatial,et_full,16,air_temp_mean,0.7850011066360536
6,1200,0.3,spatial,et_full,17,dew_point_temp,0.8190806268186903
6,1200,0.3,spatial,et_full,18,annual_precip,0.6106404398812681
6,1200,0.3,spatial,et_full,19,max_monthly_precip,0.5280115136256675
6,1200,0.3,spatial,et_full,20,soil_moisture,0.7093313196379858
6,1200,0.3,spatial,et_full,21,annual_runoff,0.6600945386550793
6,1200,0.3,spatial,et_full,22,annual_et,0.7505376194226695
6,1200,0.3,spatial,et_full,23,impervious_surface,0.2549978224601651
6,1200,0.3,spatial,et_full,24,nighttime_lights,0.3197645636835853
6,1200,0.3,spatial,et_full,25,population_density,0.2994493992299354
7,1200,0.3,random,rf_baseline,0,elevation,0.6261237349490694
7,1200,0.3,random,rf_baseline,1,slope,0.5006188753890435
7,1200,0.3,random,rf_baseline,2,aspect,0.3560899036640355
7,1200,0.3,random,rf_baseline,3,flow_accumulation,0.5972512949209491
7,1200,0.3,random,rf_baseline,4,clay_fraction,0.7219318427867237
7,1200,0.3,random,rf_baseline,5,organic_carbon,0.3515386169111764
7,1200,0.3,random,rf_baseline,6,soil_ph,0.16475636065224453
7,1200,0.3,random,rf_baseline,7,water_capacity,0.40231133070697334
7,1200,0.3,random,rf_baseline,8,ndvi_mean,0.559973843052606
7,1200,0.3,random,rf_baseline,9,ndvi_max,0.4975646079029765
7,1200,0.3,random,rf_baseline,10,evi_mean,0.3686703777630369
7,1200,0.3,random,rf_baseline,11,lai_mean,0.13788963813252897
7,1200,0.3,random,rf_baseline,12,tree_cover,0.15267626208701346
7,1200,0.3,random,rf_baseline,13,albedo,0.022084260250225918
7,1200,0.3,random,rf_baseline,14,lst_daytime,0.8396387367674351
7,1200,0.3,random,rf_baseline,15,lst_nighttime,0.7870008347997149
7,1200,0.3,random,rf_baseline,16,air_temp_mean,0.8114629101491447
7,1200,0.3,random,rf_baseline,17,dew_point_temp,0.7485864696987545
7,1200,0.3,random,rf_baseline,18,annual_precip,0.5524170802194206
7,1200,0.3,random,rf_baseline,19,max_monthly_precip,0.5133692555653495
7,1200,0.3,random,rf_baseline,20,soil_moisture,0.7532948645398589
7,1200,0.3,random,rf_baseline,21,annual_runoff,0.5979372435611976
7,1200,0.3,random,rf_baseline,22,annual_et,0.7623059365980959
7,1200,0.3,random,rf_baseline,23,impervious_surface,-0.013916022603916556
7,1200,0.3,random,rf_baseline,24,nighttime_lights,0.18183929413980948
7,1200,0.3,random,rf_baseline,25,population_density,0.020917592776379057
7,1200,0.3,random,et_random_thresholds,0,elevation,0.6411020582223635
7,1200,0.3,random,et_random_thresholds,1,slope,0.512281707479773
7,1200,0.3,random,et_random_thresholds,2,aspect,0.39027424571270086
7,1200,0.3,random,et_random_thresholds,3,flow_accumulation,0.6162759165558118
7,1200,0.3,random,et_random_thresholds,4,clay_fraction,0.7332807918999513
7,1200,0.3,random,et_random_thresholds,5,organic_carbon,0.35637095310343747
7,1200,0.3,random,et_random_thresholds,6,soil_ph,0.1829724495068653
7,1200,0.3,random,et_random_thresholds,7,water_capacity,0.4038175853633077
7,1200,0.3,random,et_random_thresholds,8,ndvi_mean,0.5672216327755908
7,1200,0.3,random,et_random_thresholds,9,ndvi_max,0.5362346249856682
7,1200,0.3,random,et_random_thresholds,10,evi_mean,0.3986006975710644
7,1200,0.3,random,et_random_thresholds,11,lai_mean,0.11721571544234
7,1200,0.3,random,et_random_thresholds,12,tree_cover,0.18611260451875056
7,1200,0.3,random,et_random_thresholds,13,albedo,0.09315357537927083
7,1200,0.3,random,et_random_thresholds,14,lst_daytime,0.849803101419947
7,1200,0.3,random,et_random_thresholds,15,lst_nighttime,0.7932937062331303
7,1200,0.3,random,et_random_thresholds,16,air_temp_mean,0.8089897244686957
7,1200,0.3,random,et_random_thresholds,17,dew_point_temp,0.7639297683997479
7,1200,0.3,random,et_random_thresholds,18,annual_precip,0.5814815423227584
7,1200,0.3,random,et_random_thresholds,19,max_monthly_precip,0.528057666736848
7,1200,0.3,random,et_random_thresholds,20,soil_moisture,0.7563238919931572
7,1200,0.3,random,et_random_thresholds,21,annual_runoff,0.6251988215739461
7,1200,0.3,random,et_random_thresholds,22,annual_et,0.7653385365856037
7,1200,0.3,random,et_random_thresholds,23,impervious_surface,0.03436691182632545
7,1200,0.3,random,et_random_thresholds,24,nighttime_lights,0.19238185421940046
7,1200,0.3,random,et_random_thresholds,25,population_density,0.08771881739466336
7,1200,0.3,random,et_more_trees,0,elevation,0.6490025091438433
7,1200,0.3,random,et_more_trees,1,slope,0.5064565537334642
7,1200,0.3,random,et_more_trees,2,aspect,0.3953313420282407
7,1200,0.3,random,et_more_trees,3,flow_accumulation,0.6167189629221883
7,1200,0.3,random,et_more_trees,4,clay_fraction,0.7378284864293179
7,1200,0.3,random,et_more_trees,5,organic_carbon,0.35930186692987176
7,1200,0.3,random,et_more_trees,6,soil_ph,0.18303880960595642
7,1200,0.3,random,et_more_trees,7,water_capacity,0.4086760265577838
7,1200,0.3,random,et_more_trees,8,ndvi_mean,0.5751811984807967
7,1200,0.3,random,et_more_trees,9,ndvi_max,0.542353252630901
7,1200,0.3,random,et_more_trees,10,evi_mean,0.39909953119083463
7,1200,0.3,random,et_more_trees,11,lai_mean,0.11418043534153055
7,1200,0.3,random,et_more_trees,12,tree_cover,0.2049122529761297
7,1200,0.3,random,et_more_trees,13,albedo,0.10144288162260517
7,1200,0.3,random,et_more_trees,14,lst_daytime,0.8465270089693085
7,1200,0.3,random,et_more_trees,15,lst_nighttime,0.8039500515753537
7,1200,0.3,random,et_more_trees,16,air_temp_mean,0.818662170992295
7,1200,0.3,random,et_more_trees,17,dew_point_temp,0.7694925186007902
7,1200,0.3,random,et_more_trees,18,annual_precip,0.5874100063490026
7,1200,0.3,random,et_more_trees,19,max_monthly_precip,0.5335791545332476
7,1200,0.3,random,et_more_trees,20,soil_moisture,0.7572296579616165
7,1200,0.3,random,et_more_trees,21,annual_runoff,0.6249979546300847
7,1200,0.3,random,et_more_trees,22,annual_et,0.7666885861292005
7,1200,0.3,random,et_more_trees,23,impervious_surface,0.07405922891400807
7,1200,0.3,random,et_more_trees,24,nighttime_lights,0.21933637614550716
7,1200,0.3,random,et_more_trees,25,population_density,0.09587131466699672
7,1200,0.3,random,et_feature_subsample,0,elevation,0.6297092013298164
7,1200,0.3,random,et_feature_subsample,1,slope,0.5181522015807032
7,1200,0.3,random,et_feature_subsample,2,aspect,0.3685595655421062
7,1200,0.3,random,et_feature_subsample,3,flow_accumulation,0.6123895167826302
7,1200,0.3,random,et_feature_subsample,4,clay_fraction,0.7289709580792871
7,1200,0.3,random,et_feature_subsample,5,organic_carbon,0.365246767238798
7,1200,0.3,random,et_feature_subsample,6,soil_ph,0.18840987725020764
7,1200,0.3,random,et_feature_subsample,7,water_capacity,0.41662009361091734
7,1200,0.3,random,et_feature_subsample,8,ndvi_mean,0.5636175869794111
7,1200,0.3,random,et_feature_subsample,9,ndvi_max,0.5318643229462976
7,1200,0.3,random,et_feature_subsample,10,evi_mean,0.406528004936223
7,1200,0.3,random,et_feature_subsample,11,lai_mean,0.13062481250151614
7,1200,0.3,random,et_feature_subsample,12,tree_cover,0.18098405975801435
7,1200,0.3,random,et_feature_subsample,13,albedo,0.09451763880045305
7,1200,0.3,random,et_feature_subsample,14,lst_daytime,0.8428670687689195
7,1200,0.3,random,et_feature_subsample,15,lst_nighttime,0.8029070663497728
7,1200,0.3,random,et_feature_subsample,16,air_temp_mean,0.8148799364491639
7,1200,0.3,random,et_feature_subsample,17,dew_point_temp,0.7557149498859634
7,1200,0.3,random,et_feature_subsample,18,annual_precip,0.5918603760365257
7,1200,0.3,random,et_feature_subsample,19,max_monthly_precip,0.5360751429102844
7,1200,0.3,random,et_feature_subsample,20,soil_moisture,0.7508648059755088
7,1200,0.3,random,et_feature_subsample,21,annual_runoff,0.6264283298683807
7,1200,0.3,random,et_feature_subsample,22,annual_et,0.7719203749818524
7,1200,0.3,random,et_feature_subsample,23,impervious_surface,0.026183531298599072
7,1200,0.3,random,et_feature_subsample,24,nighttime_lights,0.20059309866596287
7,1200,0.3,random,et_feature_subsample,25,population_density,0.0995745731952673
7,1200,0.3,random,et_full,0,elevation,0.6433474158764216
7,1200,0.3,random,et_full,1,slope,0.5162271337096896
7,1200,0.3,random,et_full,2,aspect,0.38489684182786466
7,1200,0.3,random,et_full,3,flow_accumulation,0.6159512132277338
7,1200,0.3,random,et_full,4,clay_fraction,0.7279846649906645
7,1200,0.3,random,et_full,5,organic_carbon,0.3682759552858891
7,1200,0.3,random,et_full,6,soil_ph,0.20174940586013246
7,1200,0.3,random,et_full,7,water_capacity,0.4229633950188123
7,1200,0.3,random,et_full,8,ndvi_mean,0.5728093082374106
7,1200,0.3,random,et_full,9,ndvi_max,0.5368259963262567
7,1200,0.3,random,et_full,10,evi_mean,0.40622272942408166
7,1200,0.3,random,et_full,11,lai_mean,0.14358980552699374
7,1200,0.3,random,et_full,12,tree_cover,0.20023146612604803
7,1200,0.3,random,et_full,13,albedo,0.07617161980964027
7,1200,0.3,random,et_full,14,lst_daytime,0.8467569266319962
7,1200,0.3,random,et_full,15,lst_nighttime,0.8073210545006138
7,1200,0.3,random,et_full,16,air_temp_mean,0.8162943365153799
7,1200,0.3,random,et_full,17,dew_point_temp,0.7609996292460925
7,1200,0.3,random,et_full,18,annual_precip,0.5926961058329763
7,1200,0.3,random,et_full,19,max_monthly_precip,0.5414294492867933
7,1200,0.3,random,et_full,20,soil_moisture,0.7559988046036772
7,1200,0.3,random,et_full,21,annual_runoff,0.6349268210960639
7,1200,0.3,random,et_full,22,annual_et,0.770725305452574
7,1200,0.3,random,et_full,23,impervious_surface,0.04747249126131603
7,1200,0.3,random,et_full,24,nighttime_lights,0.2185844905212977
7,1200,0.3,random,et_full,25,population_density,0.12213348160874227
7,1200,0.3,spatial,rf_baseline,0,elevation,0.5981315839870989
7,1200,0.3,spatial,rf_baseline,1,slope,0.47040928714137775
7,1200,0.3,spatial,rf_baseline,2,aspect,0.1768995305719051
7,1200,0.3,spatial,rf_baseline,3,flow_accumulation,0.5581300382702792
7,1200,0.3,spatial,rf_baseline,4,clay_fraction,0.7083590518313455
7,1200,0.3,spatial,rf_baseline,5,organic_carbon,0.39976046164437196
7,1200,0.3,spatial,rf_baseline,6,soil_ph,0.2579615960683118
7,1200,0.3,spatial,rf_baseline,7,water_capacity,0.40608816545665916
7,1200,0.3,spatial,rf_baseline,8,ndvi_mean,0.6249424489131759
7,1200,0.3,spatial,rf_baseline,9,ndvi_max,0.5593212579820015
7,1200,0.3,spatial,rf_baseline,10,evi_mean,0.4686122236916186
7,1200,0.3,spatial,rf_baseline,11,lai_mean,0.13376529228622325
7,1200,0.3,spatial,rf_baseline,12,tree_cover,0.25400128354844764
7,1200,0.3,spatial,rf_baseline,13,albedo,0.11164427013167455
7,1200,0.3,spatial,rf_baseline,14,lst_daytime,0.8320170429310323
7,1200,0.3,spatial,rf_baseline,15,lst_nighttime,0.7758934516901781
7,1200,0.3,spatial,rf_baseline,16,air_temp_mean,0.8017753905809599
7,1200,0.3,spatial,rf_baseline,17,dew_point_temp,0.7595074053199182
7,1200,0.3,spatial,rf_baseline,18,annual_precip,0.613609807828329
7,1200,0.3,spatial,rf_baseline,19,max_monthly_precip,0.5458086191625064
7,1200,0.3,spatial,rf_baseline,20,soil_moisture,0.8025669497619464
7,1200,0.3,spatial,rf_baseline,21,annual_runoff,0.6287496950017588
7,1200,0.3,spatial,rf_baseline,22,annual_et,0.7359317524143401
7,1200,0.3,spatial,rf_baseline,23,impervious_surface,-0.16447088485828276
7,1200,0.3,spatial,rf_baseline,24,nighttime_lights,0.13141817779139475
7,1200,0.3,spatial,rf_baseline,25,population_density,0.015409452650835265
7,1200,0.3,spatial,et_full,0,elevation,0.6014946466406257
7,1200,0.3,spatial,et_full,1,slope,0.48468195517168133
7,1200,0.3,spatial,et_full,2,aspect,0.2334551324138915
7,1200,0.3,spatial,et_full,3,flow_accumulation,0.5683340213890746
7,1200,0.3,spatial,et_full,4,clay_fraction,0.7407957219094781
7,1200,0.3,spatial,et_full,5,organic_carbon,0.4126746446935723
7,1200,0.3,spatial,et_full,6,soil_ph,0.27601128886718285
7,1200,0.3,spatial,et_full,7,water_capacity,0.4031742062788245
7,1200,0.3,spatial,et_full,8,ndvi_mean,0.626062481181459
7,1200,0.3,spatial,et_full,9,ndvi_max,0.5928337561227619
7,1200,0.3,spatial,et_full,10,evi_mean,0.47157959796898663
7,1200,0.3,spatial,et_full,11,lai_mean,0.13110793886757877
7,1200,0.3,spatial,et_full,12,tree_cover,0.2726936083417517
7,1200,0.3,spatial,et_full,13,albedo,0.10333421343388338
7,1200,0.3,spatial,et_full,14,lst_daytime,0.8425960132819366
7,1200,0.3,spatial,et_full,15,lst_nighttime,0.7860055077605236
7,1200,0.3,spatial,et_full,16,air_temp_mean,0.8087186526132825
7,1200,0.3,spatial,et_full,17,dew_point_temp,0.7736615307820062
7,1200,0.3,spatial,et_full,18,annual_precip,0.6081406999165627
7,1200,0.3,spatial,et_full,19,max_monthly_precip,0.5618288975829686
7,1200,0.3,spatial,et_full,20,soil_moisture,0.809410554284563
7,1200,0.3,spatial,et_full,21,annual_runoff,0.6377978823698239
7,1200,0.3,spatial,et_full,22,annual_et,0.7572271299769416
7,1200,0.3,spatial,et_full,23,impervious_surface,0.006131938020856875
7,1200,0.3,spatial,et_full,24,nighttime_lights,0.17370659936738697
7,1200,0.3,spatial,et_full,25,population_density,0.05841057273740646
8,1200,0.3,random,rf_baseline,0,elevation,0.16448898918894783
8,1200,0.3,random,rf_baseline,1,slope,0.38696158315346596
8,1200,0.3,random,rf_baseline,2,aspect,0.20733276958965863
8,1200,0.3,random,rf_baseline,3,flow_accumulation,0.2678775022215275
8,1200,0.3,random,rf_baseline,4,clay_fraction,0.40242208609887464
8,1200,0.3,random,rf_baseline,5,organic_carbon,0.6171907018590961
8,1200,0.3,random,rf_baseline,6,soil_ph,0.02858129665405107
8,1200,0.3,random,rf_baseline,7,water_capacity,0.28591255206146904
8,1200,0.3,random,rf_baseline,8,ndvi_mean,0.8030213803194938
8,1200,0.3,random,rf_baseline,9,ndvi_max,0.8531899553965447
8,1200,0.3,random,rf_baseline,10,evi_mean,0.5867062333864843
8,1200,0.3,random,rf_baseline,11,lai_mean,0.6383503261991692
8,1200,0.3,random,rf_baseline,12,tree_cover,0.27815782659690824
8,1200,0.3,random,rf_baseline,13,albedo,0.12533865826320956
8,1200,0.3,random,rf_baseline,14,lst_daytime,0.6724704973223259
8,1200,0.3,random,rf_baseline,15,lst_nighttime,0.6684291361889382
8,1200,0.3,random,rf_baseline,16,air_temp_mean,0.6775840804363046
8,1200,0.3,random,rf_baseline,17,dew_point_temp,0.6038538858894158
8,1200,0.3,random,rf_baseline,18,annual_precip,0.18939533540719689
8,1200,0.3,random,rf_baseline,19,max_monthly_precip,0.19261222027182212
8,1200,0.3,random,rf_baseline,20,soil_moisture,0.33455653377780614
8,1200,0.3,random,rf_baseline,21,annual_runoff,0.22424002759922912
8,1200,0.3,random,rf_baseline,22,annual_et,0.6354738464136261
8,1200,0.3,random,rf_baseline,23,impervious_surface,0.7249624808485104
8,1200,0.3,random,rf_baseline,24,nighttime_lights,0.8952484711812367
8,1200,0.3,random,rf_baseline,25,population_density,0.840120394023327
8,1200,0.3,random,et_random_thresholds,0,elevation,0.2239995299620373
8,1200,0.3,random,et_random_thresholds,1,slope,0.41726561839614096
8,1200,0.3,random,et_random_thresholds,2,aspect,0.2390191000335813
8,1200,0.3,random,et_random_thresholds,3,flow_accumulation,0.25912995129372673
8,1200,0.3,random,et_random_thresholds,4,clay_fraction,0.39187167813270807
8,1200,0.3,random,et_random_thresholds,5,organic_carbon,0.6228645163455071
8,1200,0.3,random,et_random_thresholds,6,soil_ph,0.101193154910036
8,1200,0.3,random,et_random_thresholds,7,water_capacity,0.3137690394041971
8,1200,0.3,random,et_random_thresholds,8,ndvi_mean,0.8175627826520202
8,1200,0.3,random,et_random_thresholds,9,ndvi_max,0.8610697834152911
8,1200,0.3,random,et_random_thresholds,10,evi_mean,0.5952222205442695
8,1200,0.3,random,et_random_thresholds,11,lai_mean,0.6433037045422586
8,1200,0.3,random,et_random_thresholds,12,tree_cover,0.2803191358551478
8,1200,0.3,random,et_random_thresholds,13,albedo,0.11077477222341747
8,1200,0.3,random,et_random_thresholds,14,lst_daytime,0.6823925266393319
8,1200,0.3,random,et_random_thresholds,15,lst_nighttime,0.6915613938230635
8,1200,0.3,random,et_random_thresholds,16,air_temp_mean,0.7070580923598161
8,1200,0.3,random,et_random_thresholds,17,dew_point_temp,0.6434255870397885
8,1200,0.3,random,et_random_thresholds,18,annual_precip,0.25740820901728767
8,1200,0.3,random,et_random_thresholds,19,max_monthly_precip,0.2385124072402678
8,1200,0.3,random,et_random_thresholds,20,soil_moisture,0.3327207396544859
8,1200,0.3,random,et_random_thresholds,21,annual_runoff,0.25690627488322215
8,1200,0.3,random,et_random_thresholds,22,annual_et,0.6678928469773318
8,1200,0.3,random,et_random_thresholds,23,impervious_surface,0.7241690831274396
8,1200,0.3,random,et_random_thresholds,24,nighttime_lights,0.9046434919259781
8,1200,0.3,random,et_random_thresholds,25,population_density,0.8557201643350772
8,1200,0.3,random,et_more_trees,0,elevation,0.20895222580668726
8,1200,0.3,random,et_more_trees,1,slope,0.41876419843014223
8,1200,0.3,random,et_more_trees,2,aspect,0.2609693370736391
8,1200,0.3,random,et_more_trees,3,flow_accumulation,0.25865316731327725
8,1200,0.3,random,et_more_trees,4,clay_fraction,0.397349410797429
8,1200,0.3,random,et_more_trees,5,organic_carbon,0.6283468076349403
8,1200,0.3,random,et_more_trees,6,soil_ph,0.09779396637931637
8,1200,0.3,random,et_more_trees,7,water_capacity,0.3266212197584747
8,1200,0.3,random,et_more_trees,8,ndvi_mean,0.8191729706974515
8,1200,0.3,random,et_more_trees,9,ndvi_max,0.8616552427214011
8,1200,0.3,random,et_more_trees,10,evi_mean,0.6022240339254201
8,1200,0.3,random,et_more_trees,11,lai_mean,0.6429531536994413
8,1200,0.3,random,et_more_trees,12,tree_cover,0.2907193677825566
8,1200,0.3,random,et_more_trees,13,albedo,0.11874854379756217
8,1200,0.3,random,et_more_trees,14,lst_daytime,0.6963939205585689
8,1200,0.3,random,et_more_trees,15,lst_nighttime,0.700705312761915
8,1200,0.3,random,et_more_trees,16,air_temp_mean,0.7127635778182149
8,1200,0.3,random,et_more_trees,17,dew_point_temp,0.6513608098544433
8,1200,0.3,random,et_more_trees,18,annual_precip,0.26608151918911016
8,1200,0.3,random,et_more_trees,19,max_monthly_precip,0.23553695796182605
8,1200,0.3,random,et_more_trees,20,soil_moisture,0.34518732577409605
8,1200,0.3,random,et_more_trees,21,annual_runoff,0.2650406707678692
8,1200,0.3,random,et_more_trees,22,annual_et,0.6667223886631234
8,1200,0.3,random,et_more_trees,23,impervious_surface,0.7322083928436665
8,1200,0.3,random,et_more_trees,24,nighttime_lights,0.906646527163578
8,1200,0.3,random,et_more_trees,25,population_density,0.8557610623259378
8,1200,0.3,random,et_feature_subsample,0,elevation,0.17127386026715163
8,1200,0.3,random,et_feature_subsample,1,slope,0.4297339353261731
8,1200,0.3,random,et_feature_subsample,2,aspect,0.2241964321754354
8,1200,0.3,random,et_feature_subsample,3,flow_accumulation,0.2513654377318012
8,1200,0.3,random,et_feature_subsample,4,clay_fraction,0.4002020962701406
8,1200,0.3,random,et_feature_subsample,5,organic_carbon,0.6265235147373823
8,1200,0.3,random,et_feature_subsample,6,soil_ph,0.11154725075769878
8,1200,0.3,random,et_feature_subsample,7,water_capacity,0.32179310744118994
8,1200,0.3,random,et_feature_subsample,8,ndvi_mean,0.8126333872681661
8,1200,0.3,random,et_feature_subsample,9,ndvi_max,0.8612317508977569
8,1200,0.3,random,et_feature_subsample,10,evi_mean,0.5968700060494121
8,1200,0.3,random,et_feature_subsample,11,lai_mean,0.6492609762895156
8,1200,0.3,random,et_feature_subsample,12,tree_cover,0.28472227241614945
8,1200,0.3,random,et_feature_subsample,13,albedo,0.13070116658321096
8,1200,0.3,random,et_feature_subsample,14,lst_daytime,0.6832505670007398
8,1200,0.3,random,et_feature_subsample,15,lst_nighttime,0.6867960346939004
8,1200,0.3,random,et_feature_subsample,16,air_temp_mean,0.7011966620102156
8,1200,0.3,random,et_feature_subsample,17,dew_point_temp,0.6343429856019517
8,1200,0.3,random,et_feature_subsample,18,annual_precip,0.2367063270771037
8,1200,0.3,random,et_feature_subsample,19,max_monthly_precip,0.23318295799515987
8,1200,0.3,random,et_feature_subsample,20,soil_moisture,0.3399124721471669
8,1200,0.3,random,et_feature_subsample,21,annual_runoff,0.26103056357620935
8,1200,0.3,random,et_feature_subsample,22,annual_et,0.6553803131943268
8,1200,0.3,random,et_feature_subsample,23,impervious_surface,0.7520269006479556
8,1200,0.3,random,et_feature_subsample,24,nighttime_lights,0.9132963622816687
8,1200,0.3,random,et_feature_subsample,25,population_density,0.8588596067138203
8,1200,0.3,random,et_full,0,elevation,0.1756549317692283
8,1200,0.3,random,et_full,1,slope,0.4405334309829333
8,1200,0.3,random,et_full,2,aspect,0.2483002984112681
8,1200,0.3,random,et_full,3,flow_accumulation,0.2645288403588357
8,1200,0.3,random,et_full,4,clay_fraction,0.3961727774613213
8,1200,0.3,random,et_full,5,organic_carbon,0.6288423388071562
8,1200,0.3,random,et_full,6,soil_ph,0.10352699776692409
8,1200,0.3,random,et_full,7,water_capacity,0.33562043499703187
8,1200,0.3,random,et_full,8,ndvi_mean,0.8158721433557206
8,1200,0.3,random,et_full,9,ndvi_max,0.8641712824229497
8,1200,0.3,random,et_full,10,evi_mean,0.6043125448224859
8,1200,0.3,random,et_full,11,lai_mean,0.6488361383001124
8,1200,0.3,random,et_full,12,tree_cover,0.2874056739512175
8,1200,0.3,random,et_full,13,albedo,0.13559830086219704
8,1200,0.3,random,et_full,14,lst_daytime,0.6860355766918473
8,1200,0.3,random,et_full,15,lst_nighttime,0.6941125854860041
8,1200,0.3,random,et_full,16,air_temp_mean,0.7068253840754837
8,1200,0.3,random,et_full,17,dew_point_temp,0.6454284749587799
8,1200,0.3,random,et_full,18,annual_precip,0.26095295604391977
8,1200,0.3,random,et_full,19,max_monthly_precip,0.2535255451422578
8,1200,0.3,random,et_full,20,soil_moisture,0.34558997459274854
8,1200,0.3,random,et_full,21,annual_runoff,0.2562815535051687
8,1200,0.3,random,et_full,22,annual_et,0.6570338418946091
8,1200,0.3,random,et_full,23,impervious_surface,0.7510532546664844
8,1200,0.3,random,et_full,24,nighttime_lights,0.9117019094269749
8,1200,0.3,random,et_full,25,population_density,0.864174700393213
8,1200,0.3,spatial,rf_baseline,0,elevation,0.19520463962709866
8,1200,0.3,spatial,rf_baseline,1,slope,0.376944933271377
8,1200,0.3,spatial,rf_baseline,2,aspect,0.340969819703852
8,1200,0.3,spatial,rf_baseline,3,flow_accumulation,0.2874195298815332
8,1200,0.3,spatial,rf_baseline,4,clay_fraction,0.2934000887539362
8,1200,0.3,spatial,rf_baseline,5,organic_carbon,0.5786696585345164
8,1200,0.3,spatial,rf_baseline,6,soil_ph,0.09581850900803035
8,1200,0.3,spatial,rf_baseline,7,water_capacity,0.2224026481854382
8,1200,0.3,spatial,rf_baseline,8,ndvi_mean,0.737725642388399
8,1200,0.3,spatial,rf_baseline,9,ndvi_max,0.824668940038349
8,1200,0.3,spatial,rf_baseline,10,evi_mean,0.5245172956086254
8,1200,0.3,spatial,rf_baseline,11,lai_mean,0.671112951071863
8,1200,0.3,spatial,rf_baseline,12,tree_cover,0.26360297710203184
8,1200,0.3,spatial,rf_baseline,13,albedo,0.1565698873154563
8,1200,0.3,spatial,rf_baseline,14,lst_daytime,0.5203251014310982
8,1200,0.3,spatial,rf_baseline,15,lst_nighttime,0.526809908129781
8,1200,0.3,spatial,rf_baseline,16,air_temp_mean,0.5044220786666793
8,1200,0.3,spatial,rf_baseline,17,dew_point_temp,0.49233994385615887
8,1200,0.3,spatial,rf_baseline,18,annual_precip,0.25856741233123126
8,1200,0.3,spatial,rf_baseline,19,max_monthly_precip,0.24819643227516341
8,1200,0.3,spatial,rf_baseline,20,soil_moisture,0.2229450559857845
8,1200,0.3,spatial,rf_baseline,21,annual_runoff,0.1841874888861571
8,1200,0.3,spatial,rf_baseline,22,annual_et,0.48892650103718516
8,1200,0.3,spatial,rf_baseline,23,impervious_surface,0.7451070641565861
8,1200,0.3,spatial,rf_baseline,24,nighttime_lights,0.8600045003106911
8,1200,0.3,spatial,rf_baseline,25,population_density,0.8041211840543643
8,1200,0.3,spatial,et_full,0,elevation,0.24474848241088598
8,1200,0.3,spatial,et_full,1,slope,0.4026994802702045
8,1200,0.3,spatial,et_full,2,aspect,0.36350799468254824
8,1200,0.3,spatial,et_full,3,flow_accumulation,0.3028096116831035
8,1200,0.3,spatial,et_full,4,clay_fraction,0.34126773585025916
8,1200,0.3,spatial,et_full,5,organic_carbon,0.6130477067697266
8,1200,0.3,spatial,et_full,6,soil_ph,0.13754484104680476
8,1200,0.3,spatial,et_full,7,water_capacity,0.24616865997459358
8,1200,0.3,spatial,et_full,8,ndvi_mean,0.7677490670969137
8,1200,0.3,spatial,et_full,9,ndvi_max,0.8329470512843741
8,1200,0.3,spatial,et_full,10,evi_mean,0.5634349699378961
8,1200,0.3,spatial,et_full,11,lai_mean,0.6872098662455999
8,1200,0.3,spatial,et_full,12,tree_cover,0.279660180196599
8,1200,0.3,spatial,et_full,13,albedo,0.17365285223095284
8,1200,0.3,spatial,et_full,14,lst_daytime,0.5781999831141671
8,1200,0.3,spatial,et_full,15,lst_nighttime,0.5638544802816302
8,1200,0.3,spatial,et_full,16,air_temp_mean,0.564435571182355
8,1200,0.3,spatial,et_full,17,dew_point_temp,0.5323086203438089
8,1200,0.3,spatial,et_full,18,annual_precip,0.2852864917196716
8,1200,0.3,spatial,et_full,19,max_monthly_precip,0.27847213252227077
8,1200,0.3,spatial,et_full,20,soil_moisture,0.26481896321300435
8,1200,0.3,spatial,et_full,21,annual_runoff,0.2260042233317633
8,1200,0.3,spatial,et_full,22,annual_et,0.5589273607443279
8,1200,0.3,spatial,et_full,23,impervious_surface,0.7396650567775098
8,1200,0.3,spatial,et_full,24,nighttime_lights,0.873146995532975
8,1200,0.3,spatial,et_full,25,population_density,0.8349178225716991
9,1200,0.3,random,rf_baseline,0,elevation,0.6343477852235537
9,1200,0.3,random,rf_baseline,1,slope,-0.052734299660965434
9,1200,0.3,random,rf_baseline,2,aspect,0.4120772471131817
9,1200,0.3,random,rf_baseline,3,flow_accumulation,0.8044907261134202
9,1200,0.3,random,rf_baseline,4,clay_fraction,0.7204605079003294
9,1200,0.3,random,rf_baseline,5,organic_carbon,0.45441570100423
9,1200,0.3,random,rf_baseline,6,soil_ph,0.1298916886108995
9,1200,0.3,random,rf_baseline,7,water_capacity,0.4701575293946829
9,1200,0.3,random,rf_baseline,8,ndvi_mean,0.7012374667310972
9,1200,0.3,random,rf_baseline,9,ndvi_max,0.6717932590756073
9,1200,0.3,random,rf_baseline,10,evi_mean,0.49765765164427345
9,1200,0.3,random,rf_baseline,11,lai_mean,0.1854109855887045
9,1200,0.3,random,rf_baseline,12,tree_cover,0.3029692652770797
9,1200,0.3,random,rf_baseline,13,albedo,0.09595074887751687
9,1200,0.3,random,rf_baseline,14,lst_daytime,0.8272206299575106
9,1200,0.3,random,rf_baseline,15,lst_nighttime,0.7952689848927617
9,1200,0.3,random,rf_baseline,16,air_temp_mean,0.7829444024093755
9,1200,0.3,random,rf_baseline,17,dew_point_temp,0.7754728541591126
9,1200,0.3,random,rf_baseline,18,annual_precip,0.7551606985463154
9,1200,0.3,random,rf_baseline,19,max_monthly_precip,0.8126411451001827
9,1200,0.3,random,rf_baseline,20,soil_moisture,0.3917425331728742
9,1200,0.3,random,rf_baseline,21,annual_runoff,0.7500365588332584
9,1200,0.3,random,rf_baseline,22,annual_et,0.7330207476157273
9,1200,0.3,random,rf_baseline,23,impervious_surface,-0.1028028568216659
9,1200,0.3,random,rf_baseline,24,nighttime_lights,0.2023624496600488
9,1200,0.3,random,rf_baseline,25,population_density,0.037484948728787604
9,1200,0.3,random,et_random_thresholds,0,elevation,0.6561196179018551
9,1200,0.3,random,et_random_thresholds,1,slope,-0.051085910719224525
9,1200,0.3,random,et_random_thresholds,2,aspect,0.4178621205917016
9,1200,0.3,random,et_random_thresholds,3,flow_accumulation,0.8164459876455483
9,1200,0.3,random,et_random_thresholds,4,clay_fraction,0.7265902263569033
9,1200,0.3,random,et_random_thresholds,5,organic_carbon,0.4700422605824506
9,1200,0.3,random,et_random_thresholds,6,soil_ph,0.14452281468681172
9,1200,0.3,random,et_random_thresholds,7,water_capacity,0.4457540341546554
9,1200,0.3,random,et_random_thresholds,8,ndvi_mean,0.7022163158607295
9,1200,0.3,random,et_random_thresholds,9,ndvi_max,0.6752106217422418
9,1200,0.3,random,et_random_thresholds,10,evi_mean,0.5124319274215265
9,1200,0.3,random,et_random_thresholds,11,lai_mean,0.2355414397425094
9,1200,0.3,random,et_random_thresholds,12,tree_cover,0.313539306074323
9,1200,0.3,random,et_random_thresholds,13,albedo,0.12569453909725659
9,1200,0.3,random,et_random_thresholds,14,lst_daytime,0.8421183288181817
9,1200,0.3,random,et_random_thresholds,15,lst_nighttime,0.8170197787592368
9,1200,0.3,random,et_random_thresholds,16,air_temp_mean,0.8067187895132322
9,1200,0.3,random,et_random_thresholds,17,dew_point_temp,0.7937255790699733
9,1200,0.3,random,et_random_thresholds,18,annual_precip,0.7632745948265046
9,1200,0.3,random,et_random_thresholds,19,max_monthly_precip,0.8114405238536717
9,1200,0.3,random,et_random_thresholds,20,soil_moisture,0.43795142570053136
9,1200,0.3,random,et_random_thresholds,21,annual_runoff,0.7566451569643315
9,1200,0.3,random,et_random_thresholds,22,annual_et,0.7410053519304092
9,1200,0.3,random,et_random_thresholds,23,impervious_surface,0.04346835211283373
9,1200,0.3,random,et_random_thresholds,24,nighttime_lights,0.2432555831708605
9,1200,0.3,random,et_random_thresholds,25,population_density,0.11542114482443189
9,1200,0.3,random,et_more_trees,0,elevation,0.6634860659204804
9,1200,0.3,random,et_more_trees,1,slope,-0.032124491168122216
9,1200,0.3,random,et_more_trees,2,aspect,0.4315853600939623
9,1200,0.3,random,et_more_trees,3,flow_accumulation,0.8177923075897684
9,1200,0.3,random,et_more_trees,4,clay_fraction,0.7269687000718474
9,1200,0.3,random,et_more_trees,5,organic_carbon,0.474555425195908
9,1200,0.3,random,et_more_trees,6,soil_ph,0.16622873081550504
9,1200,0.3,random,et_more_trees,7,water_capacity,0.4525610841150913
9,1200,0.3,random,et_more_trees,8,ndvi_mean,0.7112761032578323
9,1200,0.3,random,et_more_trees,9,ndvi_max,0.6822012995538471
9,1200,0.3,random,et_more_trees,10,evi_mean,0.5167356482994007
9,1200,0.3,random,et_more_trees,11,lai_mean,0.24036004748779072
9,1200,0.3,random,et_more_trees,12,tree_cover,0.31845168979230487
9,1200,0.3,random,et_more_trees,13,albedo,0.13582428280475578
9,1200,0.3,random,et_more_trees,14,lst_daytime,0.846222511802689
9,1200,0.3,random,et_more_trees,15,lst_nighttime,0.8192570463565909
9,1200,0.3,random,et_more_trees,16,air_temp_mean,0.8098406589862664
9,1200,0.3,random,et_more_trees,17,dew_point_temp,0.7961910530336319
9,1200,0.3,random,et_more_trees,18,annual_precip,0.7682280540770142
9,1200,0.3,random,et_more_trees,19,max_monthly_precip,0.8158699858041878
9,1200,0.3,random,et_more_trees,20,soil_moisture,0.4376217412459209
9,1200,0.3,random,et_more_trees,21,annual_runoff,0.7593874169566085
9,1200,0.3,random,et_more_trees,22,annual_et,0.7496934222868163
9,1200,0.3,random,et_more_trees,23,impervious_surface,0.049489576382131584
9,1200,0.3,random,et_more_trees,24,nighttime_lights,0.24403732820984703
9,1200,0.3,random,et_more_trees,25,population_density,0.1553324348192704
9,1200,0.3,random,et_feature_subsample,0,elevation,0.6585455465122614
9,1200,0.3,random,et_feature_subsample,1,slope,-0.051564789935023336
9,1200,0.3,random,et_feature_subsample,2,aspect,0.4501335842718255
9,1200,0.3,random,et_feature_subsample,3,flow_accumulation,0.817109936970506
9,1200,0.3,random,et_feature_subsample,4,clay_fraction,0.7210447380653857
9,1200,0.3,random,et_feature_subsample,5,organic_carbon,0.4597691404945182
9,1200,0.3,random,et_feature_subsample,6,soil_ph,0.17372990678967026
9,1200,0.3,random,et_feature_subsample,7,water_capacity,0.4683872338539925
9,1200,0.3,random,et_feature_subsample,8,ndvi_mean,0.7288592069576798
9,1200,0.3,random,et_feature_subsample,9,ndvi_max,0.6793933408525145
9,1200,0.3,random,et_feature_subsample,10,evi_mean,0.5213947775656397
9,1200,0.3,random,et_feature_subsample,11,lai_mean,0.21200804623123148
9,1200,0.3,random,et_feature_subsample,12,tree_cover,0.3108314774073706
9,1200,0.3,random,et_feature_subsample,13,albedo,0.12137653018093675
9,1200,0.3,random,et_feature_subsample,14,lst_daytime,0.8489899218899991
9,1200,0.3,random,et_feature_subsample,15,lst_nighttime,0.8158744976476493
9,1200,0.3,random,et_feature_subsample,16,air_temp_mean,0.8104299890908777
9,1200,0.3,random,et_feature_subsample,17,dew_point_temp,0.7957374038099119
9,1200,0.3,random,et_feature_subsample,18,annual_precip,0.7705558863070081
9,1200,0.3,random,et_feature_subsample,19,max_monthly_precip,0.8230571933254263
9,1200,0.3,random,et_feature_subsample,20,soil_moisture,0.41958330795963317
9,1200,0.3,random,et_feature_subsample,21,annual_runoff,0.7687255167114717
9,1200,0.3,random,et_feature_subsample,22,annual_et,0.7513141242471908
9,1200,0.3,random,et_feature_subsample,23,impervious_surface,0.03612998626148456
9,1200,0.3,random,et_feature_subsample,24,nighttime_lights,0.21836531824263783
9,1200,0.3,random,et_feature_subsample,25,population_density,0.1497269473552505
9,1200,0.3,random,et_full,0,elevation,0.6641902736779072
9,1200,0.3,random,et_full,1,slope,-0.030686441048509705
9,1200,0.3,random,et_full,2,aspect,0.44412655840035975
9,1200,0.3,random,et_full,3,flow_accumulation,0.8210848296864453
9,1200,0.3,random,et_full,4,clay_fraction,0.7230961458786422
9,1200,0.3,random,et_full,5,organic_carbon,0.46815048751746957
9,1200,0.3,random,et_full,6,soil_ph,0.17676048216556994
9,1200,0.3,random,et_full,7,water_capacity,0.4695858506859455
9,1200,0.3,random,et_full,8,ndvi_mean,0.7288761834094191
9,1200,0.3,random,et_full,9,ndvi_max,0.6846056350098295
9,1200,0.3,random,et_full,10,evi_mean,0.5287933863781209
9,1200,0.3,random,et_full,11,lai_mean,0.21930272075682256
9,1200,0.3,random,et_full,12,tree_cover,0.3126533367871006
9,1200,0.3,random,et_full,13,albedo,0.12289426941607862
9,1200,0.3,random,et_full,14,lst_daytime,0.8525594879231065
9,1200,0.3,random,et_full,15,lst_nighttime,0.8159150612349504
9,1200,0.3,random,et_full,16,air_temp_mean,0.8135692337006333
9,1200,0.3,random,et_full,17,dew_point_temp,0.797513238684491
9,1200,0.3,random,et_full,18,annual_precip,0.7734332576281876
9,1200,0.3,random,et_full,19,max_monthly_precip,0.8205653240733308
9,1200,0.3,random,et_full,20,soil_moisture,0.42764910721739935
9,1200,0.3,random,et_full,21,annual_runoff,0.7638243368522923
9,1200,0.3,random,et_full,22,annual_et,0.7522568494581914
9,1200,0.3,random,et_full,23,impervious_surface,0.04962486723335913
9,1200,0.3,random,et_full,24,nighttime_lights,0.22330381971912372
9,1200,0.3,random,et_full,25,population_density,0.15029536010126
9,1200,0.3,spatial,rf_baseline,0,elevation,0.6546095939411287
9,1200,0.3,spatial,rf_baseline,1,slope,-0.034810810747134546
9,1200,0.3,spatial,rf_baseline,2,aspect,0.4237127628905062
9,1200,0.3,spatial,rf_baseline,3,flow_accumulation,0.8284793324314572
9,1200,0.3,spatial,rf_baseline,4,clay_fraction,0.6986426560122452
9,1200,0.3,spatial,rf_baseline,5,organic_carbon,0.45279038454702847
9,1200,0.3,spatial,rf_baseline,6,soil_ph,0.21475853031758496
9,1200,0.3,spatial,rf_baseline,7,water_capacity,0.453026797075782
9,1200,0.3,spatial,rf_baseline,8,ndvi_mean,0.7439726108626286
9,1200,0.3,spatial,rf_baseline,9,ndvi_max,0.7122438480283817
9,1200,0.3,spatial,rf_baseline,10,evi_mean,0.5885691002364316
9,1200,0.3,spatial,rf_baseline,11,lai_mean,0.25690831680423654
9,1200,0.3,spatial,rf_baseline,12,tree_cover,0.3314178427952985
9,1200,0.3,spatial,rf_baseline,13,albedo,0.18395154701664873
9,1200,0.3,spatial,rf_baseline,14,lst_daytime,0.8604714381283334
9,1200,0.3,spatial,rf_baseline,15,lst_nighttime,0.83540355657358
9,1200,0.3,spatial,rf_baseline,16,air_temp_mean,0.8308404974652295
9,1200,0.3,spatial,rf_baseline,17,dew_point_temp,0.7997232215523398
9,1200,0.3,spatial,rf_baseline,18,annual_precip,0.741227842831615
9,1200,0.3,spatial,rf_baseline,19,max_monthly_precip,0.8089439129041316
9,1200,0.3,spatial,rf_baseline,20,soil_moisture,0.4813721718726781
9,1200,0.3,spatial,rf_baseline,21,annual_runoff,0.7506442228133156
9,1200,0.3,spatial,rf_baseline,22,annual_et,0.7905855697570106
9,1200,0.3,spatial,rf_baseline,23,impervious_surface,-2.5432771581508993
9,1200,0.3,spatial,rf_baseline,24,nighttime_lights,-2.7065351513009017
9,1200,0.3,spatial,rf_baseline,25,population_density,-6.387270106866577
9,1200,0.3,spatial,et_full,0,elevation,0.6664256029431797
9,1200,0.3,spatial,et_full,1,slope,-0.03650526695501721
9,1200,0.3,spatial,et_full,2,aspect,0.44317069516048513
9,1200,0.3,spatial,et_full,3,flow_accumulation,0.8409171536252453
9,1200,0.3,spatial,et_full,4,clay_fraction,0.719639203594446
9,1200,0.3,spatial,et_full,5,organic_carbon,0.46899408312332935
9,1200,0.3,spatial,et_full,6,soil_ph,0.2325700526241954
9,1200,0.3,spatial,et_full,7,water_capacity,0.4616335008287715
9,1200,0.3,spatial,et_full,8,ndvi_mean,0.7387443021362126
9,1200,0.3,spatial,et_full,9,ndvi_max,0.701590678820214
9,1200,0.3,spatial,et_full,10,evi_mean,0.5893248792467295
9,1200,0.3,spatial,et_full,11,lai_mean,0.29001502424931835
9,1200,0.3,spatial,et_full,12,tree_cover,0.34910295317631157
9,1200,0.3,spatial,et_full,13,albedo,0.17844500204696379
9,1200,0.3,spatial,et_full,14,lst_daytime,0.8655143920890931
9,1200,0.3,spatial,et_full,15,lst_nighttime,0.8461861964687794
9,1200,0.3,spatial,et_full,16,air_temp_mean,0.8388229767668185
9,1200,0.3,spatial,et_full,17,dew_point_temp,0.8123168121098912
9,1200,0.3,spatial,et_full,18,annual_precip,0.7654000322596228
9,1200,0.3,spatial,et_full,19,max_monthly_precip,0.817471367403434
9,1200,0.3,spatial,et_full,20,soil_moisture,0.5075159613867201
9,1200,0.3,spatial,et_full,21,annual_runoff,0.7520998655087996
9,1200,0.3,spatial,et_full,22,annual_et,0.8005161858870823
9,1200,0.3,spatial,et_full,23,impervious_surface,-2.3607572621952655
9,1200,0.3,spatial,et_full,24,nighttime_lights,-2.343742581759064
9,1200,0.3,spatial,et_full,25,population_density,-5.861515837938075
10,1200,0.3,random,rf_baseline,0,elevation,0.7534222242012166
10,1200,0.3,random,rf_baseline,1,slope,0.6103470730273194
10,1200,0.3,random,rf_baseline,2,aspect,0.6290346374516378
10,1200,0.3,random,rf_baseline,3,flow_accumulation,0.26722419752304427
10,1200,0.3,random,rf_baseline,4,clay_fraction,0.395622546859802
10,1200,0.3,random,rf_baseline,5,organic_carbon,0.7998128278981046
10,1200,0.3,random,rf_baseline,6,soil_ph,0.23863835319020754
10,1200,0.3,random,rf_baseline,7,water_capacity,0.7822739905223439
10,1200,0.3,random,rf_baseline,8,ndvi_mean,0.47930004304733254
10,1200,0.3,random,rf_baseline,9,ndvi_max,0.4159886902962995
10,1200,0.3,random,rf_baseline,10,evi_mean,0.3326193178606759
10,1200,0.3,random,rf_baseline,11,lai_mean,0.5596763672175402
10,1200,0.3,random,rf_baseline,12,tree_cover,0.16409697893227748
10,1200,0.3,random,rf_baseline,13,albedo,0.10620225963807128
10,1200,0.3,random,rf_baseline,14,lst_daytime,0.7612537031153213
10,1200,0.3,random,rf_baseline,15,lst_nighttime,0.7539180427806979
10,1200,0.3,random,rf_baseline,16,air_temp_mean,0.7483020022412876
10,1200,0.3,random,rf_baseline,17,dew_point_temp,0.7231668112723302
10,1200,0.3,random,rf_baseline,18,annual_precip,0.7794516549311156
10,1200,0.3,random,rf_baseline,19,max_monthly_precip,0.7485487078627886
10,1200,0.3,random,rf_baseline,20,soil_moisture,0.5313102393156675
10,1200,0.3,random,rf_baseline,21,annual_runoff,0.7236068308541592
10,1200,0.3,random,rf_baseline,22,annual_et,0.840042396605291
10,1200,0.3,random,rf_baseline,23,impervious_surface,-0.14245423404414237
10,1200,0.3,random,rf_baseline,24,nighttime_lights,0.15107233731261283
10,1200,0.3,random,rf_baseline,25,population_density,0.011431092129747578
10,1200,0.3,random,et_random_thresholds,0,elevation,0.7613069839647438
10,1200,0.3,random,et_random_thresholds,1,slope,0.6117927490363708
10,1200,0.3,random,et_random_thresholds,2,aspect,0.6667074946613261
10,1200,0.3,random,et_random_thresholds,3,flow_accumulation,0.2897338131223256
10,1200,0.3,random,et_random_thresholds,4,clay_fraction,0.39262767431467394
10,1200,0.3,random,et_random_thresholds,5,organic_carbon,0.7985671096339796
10,1200,0.3,random,et_random_thresholds,6,soil_ph,0.24154026686284358
10,1200,0.3,random,et_random_thresholds,7,water_capacity,0.7965935876925949
10,1200,0.3,random,et_random_thresholds,8,ndvi_mean,0.48412182913424795
10,1200,0.3,random,et_random_thresholds,9,ndvi_max,0.45935560752078497
10,1200,0.3,random,et_random_thresholds,10,evi_mean,0.3458509643039779
10,1200,0.3,random,et_random_thresholds,11,lai_mean,0.569054810462311
10,1200,0.3,random,et_random_thresholds,12,tree_cover,0.1494851943725285
10,1200,0.3,random,et_random_thresholds,13,albedo,0.11910087588692198
10,1200,0.3,random,et_random_thresholds,14,lst_daytime,0.7702764228891219
10,1200,0.3,random,et_random_thresholds,15,lst_nighttime,0.7718368072773656
10,1200,0.3,random,et_random_thresholds,16,air_temp_mean,0.7634897208995839
10,1200,0.3,random,et_random_thresholds,17,dew_point_temp,0.734258501991859
10,1200,0.3,random,et_random_thresholds,18,annual_precip,0.7896767169412234
10,1200,0.3,random,et_random_thresholds,19,max_monthly_precip,0.7579369730507135
10,1200,0.3,random,et_random_thresholds,20,soil_moisture,0.5647032843825328
10,1200,0.3,random,et_random_thresholds,21,annual_runoff,0.7354337949251942
10,1200,0.3,random,et_random_thresholds,22,annual_et,0.8451252449091123
10,1200,0.3,random,et_random_thresholds,23,impervious_surface,0.015805665436305683
10,1200,0.3,random,et_random_thresholds,24,nighttime_lights,0.21192660692103438
10,1200,0.3,random,et_random_thresholds,25,population_density,0.08511885236118288
10,1200,0.3,random,et_more_trees,0,elevation,0.7671092926807037
10,1200,0.3,random,et_more_trees,1,slope,0.6150730407769909
10,1200,0.3,random,et_more_trees,2,aspect,0.6599736774290574
10,1200,0.3,random,et_more_trees,3,flow_accumulation,0.3103873341473402
10,1200,0.3,random,et_more_trees,4,clay_fraction,0.40023432053650165
10,1200,0.3,random,et_more_trees,5,organic_carbon,0.7993744806888247
10,1200,0.3,random,et_more_trees,6,soil_ph,0.25427638342962633
10,1200,0.3,random,et_more_trees,7,water_capacity,0.7951943202433271
10,1200,0.3,random,et_more_trees,8,ndvi_mean,0.4943718872796632
10,1200,0.3,random,et_more_trees,9,ndvi_max,0.46636318265551835
10,1200,0.3,random,et_more_trees,10,evi_mean,0.3526749096629096
10,1200,0.3,random,et_more_trees,11,lai_mean,0.5698626688930835
10,1200,0.3,random,et_more_trees,12,tree_cover,0.16893295004672215
10,1200,0.3,random,et_more_trees,13,albedo,0.13782204020606592
10,1200,0.3,random,et_more_trees,14,lst_daytime,0.7765445607080909
10,1200,0.3,random,et_more_trees,15,lst_nighttime,0.7761535178995174
10,1200,0.3,random,et_more_trees,16,air_temp_mean,0.7675431747228187
10,1200,0.3,random,et_more_trees,17,dew_point_temp,0.7376390974907512
10,1200,0.3,random,et_more_trees,18,annual_precip,0.7913852697086733
10,1200,0.3,random,et_more_trees,19,max_monthly_precip,0.7590725306516537
10,1200,0.3,random,et_more_trees,20,soil_moisture,0.5620003791993601
10,1200,0.3,random,et_more_trees,21,annual_runoff,0.7355994848153506
10,1200,0.3,random,et_more_trees,22,annual_et,0.8469865502317578
10,1200,0.3,random,et_more_trees,23,impervious_surface,0.047079394823998144
10,1200,0.3,random,et_more_trees,24,nighttime_lights,0.20677701221362854
10,1200,0.3,random,et_more_trees,25,population_density,0.09240586983580945
10,1200,0.3,random,et_feature_subsample,0,elevation,0.7666625802027425
10,1200,0.3,random,et_feature_subsample,1,slope,0.6163851729777723
10,1200,0.3,random,et_feature_subsample,2,aspect,0.6471486865577472
10,1200,0.3,random,et_feature_subsample,3,flow_accumulation,0.26381847915081036
10,1200,0.3,random,et_feature_subsample,4,clay_fraction,0.3984803757654962
10,1200,0.3,random,et_feature_subsample,5,organic_carbon,0.8028469009339767
10,1200,0.3,random,et_feature_subsample,6,soil_ph,0.2416011625078358
10,1200,0.3,random,et_feature_subsample,7,water_capacity,0.8056113712562848
10,1200,0.3,random,et_feature_subsample,8,ndvi_mean,0.4965288778796101
10,1200,0.3,random,et_feature_subsample,9,ndvi_max,0.4615582712692481
10,1200,0.3,random,et_feature_subsample,10,evi_mean,0.3535276076012762
10,1200,0.3,random,et_feature_subsample,11,lai_mean,0.5662571044033656
10,1200,0.3,random,et_feature_subsample,12,tree_cover,0.16321284160514382
10,1200,0.3,random,et_feature_subsample,13,albedo,0.09132130160967455
10,1200,0.3,random,et_feature_subsample,14,lst_daytime,0.7677357531025855
10,1200,0.3,random,et_feature_subsample,15,lst_nighttime,0.788721109980244
10,1200,0.3,random,et_feature_subsample,16,air_temp_mean,0.7592385424827867
10,1200,0.3,random,et_feature_subsample,17,dew_point_temp,0.744557818111118
10,1200,0.3,random,et_feature_subsample,18,annual_precip,0.7894237180963102
10,1200,0.3,random,et_feature_subsample,19,max_monthly_precip,0.753176314241861
10,1200,0.3,random,et_feature_subsample,20,soil_moisture,0.5386444724261554
10,1200,0.3,random,et_feature_subsample,21,annual_runoff,0.722715326477886
10,1200,0.3,random,et_feature_subsample,22,annual_et,0.8494597808520424
10,1200,0.3,random,et_feature_subsample,23,impervious_surface,0.0036124234605313665
10,1200,0.3,random,et_feature_subsample,24,nighttime_lights,0.2115266995552716
10,1200,0.3,random,et_feature_subsample,25,population_density,0.09935138985559
10,1200,0.3,random,et_full,0,elevation,0.772178299608344
10,1200,0.3,random,et_full,1,slope,0.6262594266005199
10,1200,0.3,random,et_full,2,aspect,0.6580620367379428
10,1200,0.3,random,et_full,3,flow_accumulation,0.29701373177702184
10,1200,0.3,random,et_full,4,clay_fraction,0.39899610051139467
10,1200,0.3,random,et_full,5,organic_carbon,0.8039042437327475
10,1200,0.3,random,et_full,6,soil_ph,0.24734290331860043
10,1200,0.3,random,et_full,7,water_capacity,0.803148554293771
10,1200,0.3,random,et_full,8,ndvi_mean,0.4889212839082412
10,1200,0.3,random,et_full,9,ndvi_max,0.46933725129718784
10,1200,0.3,random,et_full,10,evi_mean,0.35305247473442136
10,1200,0.3,random,et_full,11,lai_mean,0.5698031218060295
10,1200,0.3,random,et_full,12,tree_cover,0.1631477207761859
10,1200,0.3,random,et_full,13,albedo,0.1128363938023852
10,1200,0.3,random,et_full,14,lst_daytime,0.7721966396160616
10,1200,0.3,random,et_full,15,lst_nighttime,0.7849906859024496
10,1200,0.3,random,et_full,16,air_temp_mean,0.7685283914239884
10,1200,0.3,random,et_full,17,dew_point_temp,0.7520008670603846
10,1200,0.3,random,et_full,18,annual_precip,0.794242977610113
10,1200,0.3,random,et_full,19,max_monthly_precip,0.7615624011820722
10,1200,0.3,random,et_full,20,soil_moisture,0.5486953569267206
10,1200,0.3,random,et_full,21,annual_runoff,0.727993844905675
10,1200,0.3,random,et_full,22,annual_et,0.8502306151244595
10,1200,0.3,random,et_full,23,impervious_surface,0.012493913435545845
10,1200,0.3,random,et_full,24,nighttime_lights,0.22462273537937782
10,1200,0.3,random,et_full,25,population_density,0.11997401923673079
10,1200,0.3,spatial,rf_baseline,0,elevation,0.7147421615649447
10,1200,0.3,spatial,rf_baseline,1,slope,0.5654043175023291
10,1200,0.3,spatial,rf_baseline,2,aspect,0.5855094928234519
10,1200,0.3,spatial,rf_baseline,3,flow_accumulation,0.315346480365997
10,1200,0.3,spatial,rf_baseline,4,clay_fraction,0.38453461819164536
10,1200,0.3,spatial,rf_baseline,5,organic_carbon,0.7631058909030215
10,1200,0.3,spatial,rf_baseline,6,soil_ph,0.17283244321785896
10,1200,0.3,spatial,rf_baseline,7,water_capacity,0.8043169195408384
10,1200,0.3,spatial,rf_baseline,8,ndvi_mean,0.4603718019301478
10,1200,0.3,spatial,rf_baseline,9,ndvi_max,0.38614112715313176
10,1200,0.3,spatial,rf_baseline,10,evi_mean,0.29418798072406094
10,1200,0.3,spatial,rf_baseline,11,lai_mean,0.4616555298523207
10,1200,0.3,spatial,rf_baseline,12,tree_cover,0.07072684200228108
10,1200,0.3,spatial,rf_baseline,13,albedo,0.05408047462354759
10,1200,0.3,spatial,rf_baseline,14,lst_daytime,0.7226613191150043
10,1200,0.3,spatial,rf_baseline,15,lst_nighttime,0.7118456235010389
10,1200,0.3,spatial,rf_baseline,16,air_temp_mean,0.7464285902535919
10,1200,0.3,spatial,rf_baseline,17,dew_point_temp,0.7063344134928571
10,1200,0.3,spatial,rf_baseline,18,annual_precip,0.7772361258161702
10,1200,0.3,spatial,rf_baseline,19,max_monthly_precip,0.7458060184202324
10,1200,0.3,spatial,rf_baseline,20,soil_moisture,0.4862859197327978
10,1200,0.3,spatial,rf_baseline,21,annual_runoff,0.6683239236171294
10,1200,0.3,spatial,rf_baseline,22,annual_et,0.8288009612772018
10,1200,0.3,spatial,rf_baseline,23,impervious_surface,0.029913443699545517
10,1200,0.3,spatial,rf_baseline,24,nighttime_lights,0.14025116978097196
10,1200,0.3,spatial,rf_baseline,25,population_density,-0.016406529230389433
10,1200,0.3,spatial,et_full,0,elevation,0.735309750721578
10,1200,0.3,spatial,et_full,1,slope,0.5577847105663214
10,1200,0.3,spatial,et_full,2,aspect,0.6132654169720375
10,1200,0.3,spatial,et_full,3,flow_accumulation,0.3425231969367386
10,1200,0.3,spatial,et_full,4,clay_fraction,0.40072082457556923
10,1200,0.3,spatial,et_full,5,organic_carbon,0.7844767466147976
10,1200,0.3,spatial,et_full,6,soil_ph,0.1638003220951053
10,1200,0.3,spatial,et_full,7,water_capacity,0.8231616859313485
10,1200,0.3,spatial,et_full,8,ndvi_mean,0.4502178055478828
10,1200,0.3,spatial,et_full,9,ndvi_max,0.40603592370679964
10,1200,0.3,spatial,et_full,10,evi_mean,0.3013219955046109
10,1200,0.3,spatial,et_full,11,lai_mean,0.4513322073810587
10,1200,0.3,spatial,et_full,12,tree_cover,0.0902207265275411
10,1200,0.3,spatial,et_full,13,albedo,0.07372818540408055
10,1200,0.3,spatial,et_full,14,lst_daytime,0.7516779725455026
10,1200,0.3,spatial,et_full,15,lst_nighttime,0.7405531663079423
10,1200,0.3,spatial,et_full,16,air_temp_mean,0.7689496017305835
10,1200,0.3,spatial,et_full,17,dew_point_temp,0.7322706886784762
10,1200,0.3,spatial,et_full,18,annual_precip,0.7929211010938378
10,1200,0.3,spatial,et_full,19,max_monthly_precip,0.7623722317921522
10,1200,0.3,spatial,et_full,20,soil_moisture,0.5189926194855708
10,1200,0.3,spatial,et_full,21,annual_runoff,0.696796612774039
10,1200,0.3,spatial,et_full,22,annual_et,0.8389104710286346
10,1200,0.3,spatial,et_full,23,impervious_surface,0.06312450336626396
10,1200,0.3,spatial,et_full,24,nighttime_lights,0.19221618133752305
10,1200,0.3,spatial,et_full,25,population_density,0.1407223477640127
11,1200,0.3,random,rf_baseline,0,elevation,0.5944747696374215
11,1200,0.3,random,rf_baseline,1,slope,0.7510824470512502
11,1200,0.3,random,rf_baseline,2,aspect,0.6784769862290837
11,1200,0.3,random,rf_baseline,3,flow_accumulation,0.4205581519777384
11,1200,0.3,random,rf_baseline,4,clay_fraction,0.3124280862881561
11,1200,0.3,random,rf_baseline,5,organic_carbon,0.12550251380361033
11,1200,0.3,random,rf_baseline,6,soil_ph,0.24103388341414178
11,1200,0.3,random,rf_baseline,7,water_capacity,0.6999683048423124
11,1200,0.3,random,rf_baseline,8,ndvi_mean,0.3987884025834878
11,1200,0.3,random,rf_baseline,9,ndvi_max,0.35234419101709413
11,1200,0.3,random,rf_baseline,10,evi_mean,0.1996073066775219
11,1200,0.3,random,rf_baseline,11,lai_mean,0.007591159468086972
11,1200,0.3,random,rf_baseline,12,tree_cover,0.6154483299506444
11,1200,0.3,random,rf_baseline,13,albedo,0.019384605451060133
11,1200,0.3,random,rf_baseline,14,lst_daytime,0.5203920315891761
11,1200,0.3,random,rf_baseline,15,lst_nighttime,0.5078890998852804
11,1200,0.3,random,rf_baseline,16,air_temp_mean,0.5118003938510203
11,1200,0.3,random,rf_baseline,17,dew_point_temp,0.4630767440320662
11,1200,0.3,random,rf_baseline,18,annual_precip,0.7816393472396734
11,1200,0.3,random,rf_baseline,19,max_monthly_precip,0.6950401007862838
11,1200,0.3,random,rf_baseline,20,soil_moisture,0.65012498699066
11,1200,0.3,random,rf_baseline,21,annual_runoff,0.8068193990694035
11,1200,0.3,random,rf_baseline,22,annual_et,0.4480674636005161
11,1200,0.3,random,rf_baseline,23,impervious_surface,0.5171846461644957
11,1200,0.3,random,rf_baseline,24,nighttime_lights,0.40472250532709764
11,1200,0.3,random,rf_baseline,25,population_density,0.49519142340653866
11,1200,0.3,random,et_random_thresholds,0,elevation,0.5797366228078084
11,1200,0.3,random,et_random_thresholds,1,slope,0.7566645162146092
11,1200,0.3,random,et_random_thresholds,2,aspect,0.6996450126263126
11,1200,0.3,random,et_random_thresholds,3,flow_accumulation,0.47771334507063945
11,1200,0.3,random,et_random_thresholds,4,clay_fraction,0.31427705580547194
11,1200,0.3,random,et_random_thresholds,5,organic_carbon,0.11148523672953714
11,1200,0.3,random,et_random_thresholds,6,soil_ph,0.28723362828465093
11,1200,0.3,random,et_random_thresholds,7,water_capacity,0.7019094957833014
11,1200,0.3,random,et_random_thresholds,8,ndvi_mean,0.40474372813748805
11,1200,0.3,random,et_random_thresholds,9,ndvi_max,0.3719111760782754
11,1200,0.3,random,et_random_thresholds,10,evi_mean,0.27104440653204587
11,1200,0.3,random,et_random_thresholds,11,lai_mean,0.05308527127080365
11,1200,0.3,random,et_random_thresholds,12,tree_cover,0.6331093313814011
11,1200,0.3,random,et_random_thresholds,13,albedo,0.05828872087257664
11,1200,0.3,random,et_random_thresholds,14,lst_daytime,0.5365721575446456
11,1200,0.3,random,et_random_thresholds,15,lst_nighttime,0.5221600654864498
11,1200,0.3,random,et_random_thresholds,16,air_temp_mean,0.543505210984753
11,1200,0.3,random,et_random_thresholds,17,dew_point_temp,0.4994047021880915
11,1200,0.3,random,et_random_thresholds,18,annual_precip,0.7908361776463539
11,1200,0.3,random,et_random_thresholds,19,max_monthly_precip,0.7141249220343834
11,1200,0.3,random,et_random_thresholds,20,soil_moisture,0.6617527326277697
11,1200,0.3,random,et_random_thresholds,21,annual_runoff,0.8178162328479411
11,1200,0.3,random,et_random_thresholds,22,annual_et,0.4777623222120927
11,1200,0.3,random,et_random_thresholds,23,impervious_surface,0.5629681039553347
11,1200,0.3,random,et_random_thresholds,24,nighttime_lights,0.44816736604998086
11,1200,0.3,random,et_random_thresholds,25,population_density,0.5236933269955308
11,1200,0.3,random,et_more_trees,0,elevation,0.5933066070601378
11,1200,0.3,random,et_more_trees,1,slope,0.7631413204503634
11,1200,0.3,random,et_more_trees,2,aspect,0.7039007399565032
11,1200,0.3,random,et_more_trees,3,flow_accumulation,0.4757641455429559
11,1200,0.3,random,et_more_trees,4,clay_fraction,0.3265911229426185
11,1200,0.3,random,et_more_trees,5,organic_carbon,0.1172931531666207
11,1200,0.3,random,et_more_trees,6,soil_ph,0.296790686495055
11,1200,0.3,random,et_more_trees,7,water_capacity,0.7061769479752673
11,1200,0.3,random,et_more_trees,8,ndvi_mean,0.4206448467282662
11,1200,0.3,random,et_more_trees,9,ndvi_max,0.36838792130553166
11,1200,0.3,random,et_more_trees,10,evi_mean,0.27224653464029647
11,1200,0.3,random,et_more_trees,11,lai_mean,0.056011539322772586
11,1200,0.3,random,et_more_trees,12,tree_cover,0.636453358167147
11,1200,0.3,random,et_more_trees,13,albedo,0.06741433793627316
11,1200,0.3,random,et_more_trees,14,lst_daytime,0.5435821640248066
11,1200,0.3,random,et_more_trees,15,lst_nighttime,0.5342646933716109
11,1200,0.3,random,et_more_trees,16,air_temp_mean,0.5553680182551388
11,1200,0.3,random,et_more_trees,17,dew_point_temp,0.5103177119381803
11,1200,0.3,random,et_more_trees,18,annual_precip,0.7974007609016406
11,1200,0.3,random,et_more_trees,19,max_monthly_precip,0.7140245747641327
11,1200,0.3,random,et_more_trees,20,soil_moisture,0.6607593283649199
11,1200,0.3,random,et_more_trees,21,annual_runoff,0.8217872993753881
11,1200,0.3,random,et_more_trees,22,annual_et,0.48273791911218655
11,1200,0.3,random,et_more_trees,23,impervious_surface,0.569807581617388
11,1200,0.3,random,et_more_trees,24,nighttime_lights,0.46509195853217133
11,1200,0.3,random,et_more_trees,25,population_density,0.53785323801172
11,1200,0.3,random,et_feature_subsample,0,elevation,0.592953223837749
11,1200,0.3,random,et_feature_subsample,1,slope,0.7644233876679773
11,1200,0.3,random,et_feature_subsample,2,aspect,0.7108647572472213
11,1200,0.3,random,et_feature_subsample,3,flow_accumulation,0.4760861439530093
11,1200,0.3,random,et_feature_subsample,4,clay_fraction,0.3156351692274949
11,1200,0.3,random,et_feature_subsample,5,organic_carbon,0.13101124701193123
11,1200,0.3,random,et_feature_subsample,6,soil_ph,0.27971390539279106
11,1200,0.3,random,et_feature_subsample,7,water_capacity,0.7080865170160286
11,1200,0.3,random,et_feature_subsample,8,ndvi_mean,0.41796371051373893
11,1200,0.3,random,et_feature_subsample,9,ndvi_max,0.3550170383108334
11,1200,0.3,random,et_feature_subsample,10,evi_mean,0.2745016431820433
11,1200,0.3,random,et_feature_subsample,11,lai_mean,0.06849878432002843
11,1200,0.3,random,et_feature_subsample,12,tree_cover,0.6557849458548186
11,1200,0.3,random,et_feature_subsample,13,albedo,0.04911381744387866
11,1200,0.3,random,et_feature_subsample,14,lst_daytime,0.5343490784393634
11,1200,0.3,random,et_feature_subsample,15,lst_nighttime,0.5236563826522818
11,1200,0.3,random,et_feature_subsample,16,air_temp_mean,0.5372836004830547
11,1200,0.3,random,et_feature_subsample,17,dew_point_temp,0.5149144678625837
11,1200,0.3,random,et_feature_subsample,18,annual_precip,0.8009120528399707
11,1200,0.3,random,et_feature_subsample,19,max_monthly_precip,0.7110146649287168
11,1200,0.3,random,et_feature_subsample,20,soil_moisture,0.6570299429843194
11,1200,0.3,random,et_feature_subsample,21,annual_runoff,0.8198383326185288
11,1200,0.3,random,et_feature_subsample,22,annual_et,0.47945664395715515
11,1200,0.3,random,et_feature_subsample,23,impervious_surface,0.5440738465972268
11,1200,0.3,random,et_feature_subsample,24,nighttime_lights,0.43302478536189803
11,1200,0.3,random,et_feature_subsample,25,population_density,0.5407565998923993
11,1200,0.3,random,et_full,0,elevation,0.5994338769113176
11,1200,0.3,random,et_full,1,slope,0.7692393680142815
11,1200,0.3,random,et_full,2,aspect,0.7190531008781617
11,1200,0.3,random,et_full,3,flow_accumulation,0.47735501231733124
11,1200,0.3,random,et_full,4,clay_fraction,0.32676835498590817
11,1200,0.3,random,et_full,5,organic_carbon,0.13535954185120835
11,1200,0.3,random,et_full,6,soil_ph,0.2919836472196954
11,1200,0.3,random,et_full,7,water_capacity,0.7138577336537907
11,1200,0.3,random,et_full,8,ndvi_mean,0.42341155410040665
11,1200,0.3,random,et_full,9,ndvi_max,0.377203520400176
11,1200,0.3,random,et_full,10,evi_mean,0.27518685977563884
11,1200,0.3,random,et_full,11,lai_mean,0.06837606791486606
11,1200,0.3,random,et_full,12,tree_cover,0.654141039589625
11,1200,0.3,random,et_full,13,albedo,0.057741884466654736
11,1200,0.3,random,et_full,14,lst_daytime,0.5456422242323873
11,1200,0.3,random,et_full,15,lst_nighttime,0.526970192377825
11,1200,0.3,random,et_full,16,air_temp_mean,0.5411005746964608
11,1200,0.3,random,et_full,17,dew_point_temp,0.5211781066102325
11,1200,0.3,random,et_full,18,annual_precip,0.8038351743454754
11,1200,0.3,random,et_full,19,max_monthly_precip,0.7179642280470027
11,1200,0.3,random,et_full,20,soil_moisture,0.6637544158190902
11,1200,0.3,random,et_full,21,annual_runoff,0.8208584611334083
11,1200,0.3,random,et_full,22,annual_et,0.4882098730966409
11,1200,0.3,random,et_full,23,impervious_surface,0.563506526623077
11,1200,0.3,random,et_full,24,nighttime_lights,0.4441074248351089
11,1200,0.3,random,et_full,25,population_density,0.5402873354006477
11,1200,0.3,spatial,rf_baseline,0,elevation,0.4368334139900185
11,1200,0.3,spatial,rf_baseline,1,slope,0.7627948870483582
11,1200,0.3,spatial,rf_baseline,2,aspect,0.447287112674133
11,1200,0.3,spatial,rf_baseline,3,flow_accumulation,0.38192613861127334
11,1200,0.3,spatial,rf_baseline,4,clay_fraction,0.14540204297547632
11,1200,0.3,spatial,rf_baseline,5,organic_carbon,0.01597753233945287
11,1200,0.3,spatial,rf_baseline,6,soil_ph,0.3409373762731478
11,1200,0.3,spatial,rf_baseline,7,water_capacity,0.6778241428349756
11,1200,0.3,spatial,rf_baseline,8,ndvi_mean,0.3425076068268925
11,1200,0.3,spatial,rf_baseline,9,ndvi_max,0.3183452123734628
11,1200,0.3,spatial,rf_baseline,10,evi_mean,0.23281597031532975
11,1200,0.3,spatial,rf_baseline,11,lai_mean,-0.038408593489835496
11,1200,0.3,spatial,rf_baseline,12,tree_cover,0.6360374703026681
11,1200,0.3,spatial,rf_baseline,13,albedo,0.01969887230585665
11,1200,0.3,spatial,rf_baseline,14,lst_daytime,0.36548614449714023
11,1200,0.3,spatial,rf_baseline,15,lst_nighttime,0.3534429822962797
11,1200,0.3,spatial,rf_baseline,16,air_temp_mean,0.3669112482683038
11,1200,0.3,spatial,rf_baseline,17,dew_point_temp,0.2749097604864512
11,1200,0.3,spatial,rf_baseline,18,annual_precip,0.7409760712898537
11,1200,0.3,spatial,rf_baseline,19,max_monthly_precip,0.6230793675890807
11,1200,0.3,spatial,rf_baseline,20,soil_moisture,0.5419600491987352
11,1200,0.3,spatial,rf_baseline,21,annual_runoff,0.7642699184094945
11,1200,0.3,spatial,rf_baseline,22,annual_et,0.31948672757341057
11,1200,0.3,spatial,rf_baseline,23,impervious_surface,-0.8342001268323267
11,1200,0.3,spatial,rf_baseline,24,nighttime_lights,-0.007781035422947946
11,1200,0.3,spatial,rf_baseline,25,population_density,-0.9384046476715475
11,1200,0.3,spatial,et_full,0,elevation,0.4403063279193241
11,1200,0.3,spatial,et_full,1,slope,0.780579977055281
11,1200,0.3,spatial,et_full,2,aspect,0.5123022342147898
11,1200,0.3,spatial,et_full,3,flow_accumulation,0.3660232903459397
11,1200,0.3,spatial,et_full,4,clay_fraction,0.17735266543471462
11,1200,0.3,spatial,et_full,5,organic_carbon,0.058281371482523325
11,1200,0.3,spatial,et_full,6,soil_ph,0.3416731673429685
11,1200,0.3,spatial,et_full,7,water_capacity,0.6880457567265331
11,1200,0.3,spatial,et_full,8,ndvi_mean,0.3297218275148035
11,1200,0.3,spatial,et_full,9,ndvi_max,0.31163554017437567
11,1200,0.3,spatial,et_full,10,evi_mean,0.24828470339921915
11,1200,0.3,spatial,et_full,11,lai_mean,0.019688477704345897
11,1200,0.3,spatial,et_full,12,tree_cover,0.6661254898833711
11,1200,0.3,spatial,et_full,13,albedo,0.03971478522582783
11,1200,0.3,spatial,et_full,14,lst_daytime,0.4024496148902179
11,1200,0.3,spatial,et_full,15,lst_nighttime,0.3887859751270103
11,1200,0.3,spatial,et_full,16,air_temp_mean,0.42452311054828307
11,1200,0.3,spatial,et_full,17,dew_point_temp,0.33424085489017563
11,1200,0.3,spatial,et_full,18,annual_precip,0.7519919548907747
11,1200,0.3,spatial,et_full,19,max_monthly_precip,0.6434785142562538
11,1200,0.3,spatial,et_full,20,soil_moisture,0.5969055677634723
11,1200,0.3,spatial,et_full,21,annual_runoff,0.7829567904079471
11,1200,0.3,spatial,et_full,22,annual_et,0.37004431122707515
11,1200,0.3,spatial,et_full,23,impervious_surface,-0.4125798065754622
11,1200,0.3,spatial,et_full,24,nighttime_lights,0.12270833834619466
11,1200,0.3,spatial,et_full,25,population_density,-0.3470403914766349
12,1200,0.3,random,rf_baseline,0,elevation,0.45270211120701753
12,1200,0.3,random,rf_baseline,1,slope,-0.04687074203195074
12,1200,0.3,random,rf_baseline,2,aspect,0.42703618996229553
12,1200,0.3,random,rf_baseline,3,flow_accumulation,0.44093747943885697
12,1200,0.3,random,rf_baseline,4,clay_fraction,0.29800115643986946
12,1200,0.3,random,rf_baseline,5,organic_carbon,0.8421373520020801
12,1200,0.3,random,rf_baseline,6,soil_ph,0.066755781051688
12,1200,0.3,random,rf_baseline,7,water_capacity,0.2861407881511825
12,1200,0.3,random,rf_baseline,8,ndvi_mean,0.5173578014245179
12,1200,0.3,random,rf_baseline,9,ndvi_max,0.46777684339830283
12,1200,0.3,random,rf_baseline,10,evi_mean,0.5604617698146013
12,1200,0.3,random,rf_baseline,11,lai_mean,0.15380006959687686
12,1200,0.3,random,rf_baseline,12,tree_cover,0.558367334923296
12,1200,0.3,random,rf_baseline,13,albedo,0.4928123074998001
12,1200,0.3,random,rf_baseline,14,lst_daytime,0.6086986912240671
12,1200,0.3,random,rf_baseline,15,lst_nighttime,0.5922117202820065
12,1200,0.3,random,rf_baseline,16,air_temp_mean,0.5952545430362035
12,1200,0.3,random,rf_baseline,17,dew_point_temp,0.5818700571780917
12,1200,0.3,random,rf_baseline,18,annual_precip,0.7143368040609097
12,1200,0.3,random,rf_baseline,19,max_monthly_precip,0.7733127405741672
12,1200,0.3,random,rf_baseline,20,soil_moisture,0.8448404162825773
12,1200,0.3,random,rf_baseline,21,annual_runoff,0.6170233614252558
12,1200,0.3,random,rf_baseline,22,annual_et,0.5531806966679693
12,1200,0.3,random,rf_baseline,23,impervious_surface,0.6591211532904628
12,1200,0.3,random,rf_baseline,24,nighttime_lights,0.6727907176220789
12,1200,0.3,random,rf_baseline,25,population_density,0.6605236976269747
12,1200,0.3,random,et_random_thresholds,0,elevation,0.47125927706774307
12,1200,0.3,random,et_random_thresholds,1,slope,-0.03739090246212862
12,1200,0.3,random,et_random_thresholds,2,aspect,0.4606745308887946
12,1200,0.3,random,et_random_thresholds,3,flow_accumulation,0.4414329654361022
12,1200,0.3,random,et_random_thresholds,4,clay_fraction,0.2941414767241146
12,1200,0.3,random,et_random_thresholds,5,organic_carbon,0.8495427053613485
12,1200,0.3,random,et_random_thresholds,6,soil_ph,0.09175240387532957
12,1200,0.3,random,et_random_thresholds,7,water_capacity,0.3035885430056843
12,1200,0.3,random,et_random_thresholds,8,ndvi_mean,0.5399231719163533
12,1200,0.3,random,et_random_thresholds,9,ndvi_max,0.4938880429345842
12,1200,0.3,random,et_random_thresholds,10,evi_mean,0.6039411195591771
12,1200,0.3,random,et_random_thresholds,11,lai_mean,0.13676025115057777
12,1200,0.3,random,et_random_thresholds,12,tree_cover,0.5632436653176074
12,1200,0.3,random,et_random_thresholds,13,albedo,0.49991961909633986
12,1200,0.3,random,et_random_thresholds,14,lst_daytime,0.6226308465106501
12,1200,0.3,random,et_random_thresholds,15,lst_nighttime,0.6097624143384457
12,1200,0.3,random,et_random_thresholds,16,air_temp_mean,0.5955322260752518
12,1200,0.3,random,et_random_thresholds,17,dew_point_temp,0.561394834811246
12,1200,0.3,random,et_random_thresholds,18,annual_precip,0.7182116463214099
12,1200,0.3,random,et_random_thresholds,19,max_monthly_precip,0.7915743859876999
12,1200,0.3,random,et_random_thresholds,20,soil_moisture,0.8460228342810514
12,1200,0.3,random,et_random_thresholds,21,annual_runoff,0.6150064901301814
12,1200,0.3,random,et_random_thresholds,22,annual_et,0.5670199855079414
12,1200,0.3,random,et_random_thresholds,23,impervious_surface,0.6594309687038682
12,1200,0.3,random,et_random_thresholds,24,nighttime_lights,0.6897658128602308
12,1200,0.3,random,et_random_thresholds,25,population_density,0.6685198313198217
12,1200,0.3,random,et_more_trees,0,elevation,0.48541504692981174
12,1200,0.3,random,et_more_trees,1,slope,-0.022650162836232557
12,1200,0.3,random,et_more_trees,2,aspect,0.45831392936716253
12,1200,0.3,random,et_more_trees,3,flow_accumulation,0.4445911727933177
12,1200,0.3,random,et_more_trees,4,clay_fraction,0.3062846163924159
12,1200,0.3,random,et_more_trees,5,organic_carbon,0.8504090877841259
12,1200,0.3,random,et_more_trees,6,soil_ph,0.10133239230228641
12,1200,0.3,random,et_more_trees,7,water_capacity,0.3132299078012496
12,1200,0.3,random,et_more_trees,8,ndvi_mean,0.5507795949537311
12,1200,0.3,random,et_more_trees,9,ndvi_max,0.5042572009112096
12,1200,0.3,random,et_more_trees,10,evi_mean,0.6017430501303616
12,1200,0.3,random,et_more_trees,11,lai_mean,0.14881403495716727
12,1200,0.3,random,et_more_trees,12,tree_cover,0.5636761212356828
12,1200,0.3,random,et_more_trees,13,albedo,0.49896000807341856
12,1200,0.3,random,et_more_trees,14,lst_daytime,0.6222061036920583
12,1200,0.3,random,et_more_trees,15,lst_nighttime,0.6178842876606707
12,1200,0.3,random,et_more_trees,16,air_temp_mean,0.6053066441262642
12,1200,0.3,random,et_more_trees,17,dew_point_temp,0.5711647071561107
12,1200,0.3,random,et_more_trees,18,annual_precip,0.7223494648946089
12,1200,0.3,random,et_more_trees,19,max_monthly_precip,0.7935763319355352
12,1200,0.3,random,et_more_trees,20,soil_moisture,0.8490998586147989
12,1200,0.3,random,et_more_trees,21,annual_runoff,0.6239009109565399
12,1200,0.3,random,et_more_trees,22,annual_et,0.5727295383192202
12,1200,0.3,random,et_more_trees,23,impervious_surface,0.6605740783644751
12,1200,0.3,random,et_more_trees,24,nighttime_lights,0.6862803222573703
12,1200,0.3,random,et_more_trees,25,population_density,0.6836556300459646
12,1200,0.3,random,et_feature_subsample,0,elevation,0.46805271846061147
12,1200,0.3,random,et_feature_subsample,1,slope,-0.041828146877045835
12,1200,0.3,random,et_feature_subsample,2,aspect,0.4395620226445419
12,1200,0.3,random,et_feature_subsample,3,flow_accumulation,0.4471109269075295
12,1200,0.3,random,et_feature_subsample,4,clay_fraction,0.3018240511244561
12,1200,0.3,random,et_feature_subsample,5,organic_carbon,0.8527277728061478
12,1200,0.3,random,et_feature_subsample,6,soil_ph,0.0923730742430976
12,1200,0.3,random,et_feature_subsample,7,water_capacity,0.3074896371793502
12,1200,0.3,random,et_feature_subsample,8,ndvi_mean,0.5499215100868641
12,1200,0.3,random,et_feature_subsample,9,ndvi_max,0.5207792259264539
12,1200,0.3,random,et_feature_subsample,10,evi_mean,0.6021730256670035
12,1200,0.3,random,et_feature_subsample,11,lai_mean,0.15037090730057878
12,1200,0.3,random,et_feature_subsample,12,tree_cover,0.5645905299685778
12,1200,0.3,random,et_feature_subsample,13,albedo,0.47467045437730204
12,1200,0.3,random,et_feature_subsample,14,lst_daytime,0.6332501750904429
12,1200,0.3,random,et_feature_subsample,15,lst_nighttime,0.6142424156507074
12,1200,0.3,random,et_feature_subsample,16,air_temp_mean,0.6027319505914384
12,1200,0.3,random,et_feature_subsample,17,dew_point_temp,0.5883848345014472
12,1200,0.3,random,et_feature_subsample,18,annual_precip,0.7275923460875606
12,1200,0.3,random,et_feature_subsample,19,max_monthly_precip,0.7865031596056834
12,1200,0.3,random,et_feature_subsample,20,soil_moisture,0.8480523306252818
12,1200,0.3,random,et_feature_subsample,21,annual_runoff,0.6120211124510984
12,1200,0.3,random,et_feature_subsample,22,annual_et,0.5636388183329335
12,1200,0.3,random,et_feature_subsample,23,impervious_surface,0.67133669584885
12,1200,0.3,random,et_feature_subsample,24,nighttime_lights,0.6922426388865538
12,1200,0.3,random,et_feature_subsample,25,population_density,0.6968843417641469
12,1200,0.3,random,et_full,0,elevation,0.4896710776554014
12,1200,0.3,random,et_full,1,slope,-0.03316807626845364
12,1200,0.3,random,et_full,2,aspect,0.4500806109502342
12,1200,0.3,random,et_full,3,flow_accumulation,0.4528566263146969
12,1200,0.3,random,et_full,4,clay_fraction,0.3093229647282525
12,1200,0.3,random,et_full,5,organic_carbon,0.854280441009257
12,1200,0.3,random,et_full,6,soil_ph,0.10889157992536258
12,1200,0.3,random,et_full,7,water_capacity,0.3117366206620208
12,1200,0.3,random,et_full,8,ndvi_mean,0.5535502788442583
12,1200,0.3,random,et_full,9,ndvi_max,0.5233576849033761
12,1200,0.3,random,et_full,10,evi_mean,0.6071438876583116
12,1200,0.3,random,et_full,11,lai_mean,0.14127171425021012
12,1200,0.3,random,et_full,12,tree_cover,0.5733739176893661
12,1200,0.3,random,et_full,13,albedo,0.4816140318727551
12,1200,0.3,random,et_full,14,lst_daytime,0.6370008912439129
12,1200,0.3,random,et_full,15,lst_nighttime,0.6147661504187564
12,1200,0.3,random,et_full,16,air_temp_mean,0.6177762946785859
12,1200,0.3,random,et_full,17,dew_point_temp,0.585940887754027
12,1200,0.3,random,et_full,18,annual_precip,0.7312867005772263
12,1200,0.3,random,et_full,19,max_monthly_precip,0.7914661421437496
12,1200,0.3,random,et_full,20,soil_moisture,0.8529627468788886
12,1200,0.3,random,et_full,21,annual_runoff,0.6155255100452193
12,1200,0.3,random,et_full,22,annual_et,0.5769508551579785
12,1200,0.3,random,et_full,23,impervious_surface,0.6768509707035972
12,1200,0.3,random,et_full,24,nighttime_lights,0.6965376355774777
12,1200,0.3,random,et_full,25,population_density,0.6899127264553955
12,1200,0.3,spatial,rf_baseline,0,elevation,0.4112827012021252
12,1200,0.3,spatial,rf_baseline,1,slope,-0.02304144208031733
12,1200,0.3,spatial,rf_baseline,2,aspect,0.4110169494412518
12,1200,0.3,spatial,rf_baseline,3,flow_accumulation,0.44433262163234954
12,1200,0.3,spatial,rf_baseline,4,clay_fraction,0.2760278429997195
12,1200,0.3,spatial,rf_baseline,5,organic_carbon,0.830390789221988
12,1200,0.3,spatial,rf_baseline,6,soil_ph,0.1611182852286127
12,1200,0.3,spatial,rf_baseline,7,water_capacity,0.2599815219847462
12,1200,0.3,spatial,rf_baseline,8,ndvi_mean,0.4731455331537955
12,1200,0.3,spatial,rf_baseline,9,ndvi_max,0.4231296500503071
12,1200,0.3,spatial,rf_baseline,10,evi_mean,0.552501084895054
12,1200,0.3,spatial,rf_baseline,11,lai_mean,0.1348811438762737
12,1200,0.3,spatial,rf_baseline,12,tree_cover,0.5660114935020396
12,1200,0.3,spatial,rf_baseline,13,albedo,0.39498772113725955
12,1200,0.3,spatial,rf_baseline,14,lst_daytime,0.5491733452882871
12,1200,0.3,spatial,rf_baseline,15,lst_nighttime,0.5521589720350214
12,1200,0.3,spatial,rf_baseline,16,air_temp_mean,0.5447804309031725
12,1200,0.3,spatial,rf_baseline,17,dew_point_temp,0.48739180092273104
12,1200,0.3,spatial,rf_baseline,18,annual_precip,0.6992383551263166
12,1200,0.3,spatial,rf_baseline,19,max_monthly_precip,0.7888750806163937
12,1200,0.3,spatial,rf_baseline,20,soil_moisture,0.8381569530395253
12,1200,0.3,spatial,rf_baseline,21,annual_runoff,0.6248397635136558
12,1200,0.3,spatial,rf_baseline,22,annual_et,0.502432740521805
12,1200,0.3,spatial,rf_baseline,23,impervious_surface,0.5193747254423948
12,1200,0.3,spatial,rf_baseline,24,nighttime_lights,0.6184743880526152
12,1200,0.3,spatial,rf_baseline,25,population_density,0.5369922593111729
12,1200,0.3,spatial,et_full,0,elevation,0.4660654798679419
12,1200,0.3,spatial,et_full,1,slope,-0.037488369673663424
12,1200,0.3,spatial,et_full,2,aspect,0.42524120397522835
12,1200,0.3,spatial,et_full,3,flow_accumulation,0.4804191319958451
12,1200,0.3,spatial,et_full,4,clay_fraction,0.29977347084890116
12,1200,0.3,spatial,et_full,5,organic_carbon,0.8357134309069241
12,1200,0.3,spatial,et_full,6,soil_ph,0.16769165156126253
12,1200,0.3,spatial,et_full,7,water_capacity,0.308688721097384
12,1200,0.3,spatial,et_full,8,ndvi_mean,0.5051419099112671
12,1200,0.3,spatial,et_full,9,ndvi_max,0.4373376899708469
12,1200,0.3,spatial,et_full,10,evi_mean,0.5901266423638345
12,1200,0.3,spatial,et_full,11,lai_mean,0.10814541150088841
12,1200,0.3,spatial,et_full,12,tree_cover,0.5838563103160663
12,1200,0.3,spatial,et_full,13,albedo,0.4256444346211168
12,1200,0.3,spatial,et_full,14,lst_daytime,0.5793122351339696
12,1200,0.3,spatial,et_full,15,lst_nighttime,0.6022290893466384
12,1200,0.3,spatial,et_full,16,air_temp_mean,0.5722541033747972
12,1200,0.3,spatial,et_full,17,dew_point_temp,0.5334166058787682
12,1200,0.3,spatial,et_full,18,annual_precip,0.7173891026220733
12,1200,0.3,spatial,et_full,19,max_monthly_precip,0.8067614175103084
12,1200,0.3,spatial,et_full,20,soil_moisture,0.841713814041112
12,1200,0.3,spatial,et_full,21,annual_runoff,0.6257686390372931
12,1200,0.3,spatial,et_full,22,annual_et,0.5501934393351613
12,1200,0.3,spatial,et_full,23,impervious_surface,0.5707718492274756
12,1200,0.3,spatial,et_full,24,nighttime_lights,0.6569502000764799
12,1200,0.3,spatial,et_full,25,population_density,0.5997335992409933
13,1200,0.3,random,rf_baseline,0,elevation,0.23507461312210043
13,1200,0.3,random,rf_baseline,1,slope,0.3154610644346074
13,1200,0.3,random,rf_baseline,2,aspect,0.22552345582897526
13,1200,0.3,random,rf_baseline,3,flow_accumulation,0.010474075741177313
13,1200,0.3,random,rf_baseline,4,clay_fraction,0.37310117485023886
13,1200,0.3,random,rf_baseline,5,organic_carbon,0.14253711043315742
13,1200,0.3,random,rf_baseline,6,soil_ph,0.2062390959352166
13,1200,0.3,random,rf_baseline,7,water_capacity,0.31044841660610556
13,1200,0.3,random,rf_baseline,8,ndvi_mean,0.8226603633052103
13,1200,0.3,random,rf_baseline,9,ndvi_max,0.7739253604512568
13,1200,0.3,random,rf_baseline,10,evi_mean,0.7148224337437346
13,1200,0.3,random,rf_baseline,11,lai_mean,0.22259202094644492
13,1200,0.3,random,rf_baseline,12,tree_cover,0.2697844584332957
13,1200,0.3,random,rf_baseline,13,albedo,0.5276489108197026
13,1200,0.3,random,rf_baseline,14,lst_daytime,0.6673293615578757
13,1200,0.3,random,rf_baseline,15,lst_nighttime,0.6397068194575468
13,1200,0.3,random,rf_baseline,16,air_temp_mean,0.6341195403350387
13,1200,0.3,random,rf_baseline,17,dew_point_temp,0.6583195661677833
13,1200,0.3,random,rf_baseline,18,annual_precip,0.4275486792667146
13,1200,0.3,random,rf_baseline,19,max_monthly_precip,0.4152450186371255
13,1200,0.3,random,rf_baseline,20,soil_moisture,0.36696899163658836
13,1200,0.3,random,rf_baseline,21,annual_runoff,0.39933842920728857
13,1200,0.3,random,rf_baseline,22,annual_et,0.5843243258160891
13,1200,0.3,random,rf_baseline,23,impervious_surface,0.6497303132237148
13,1200,0.3,random,rf_baseline,24,nighttime_lights,0.529570998945565
13,1200,0.3,random,rf_baseline,25,population_density,0.6376553656284945
13,1200,0.3,random,et_random_thresholds,0,elevation,0.2436007337640569
13,1200,0.3,random,et_random_thresholds,1,slope,0.3069143526607143
13,1200,0.3,random,et_random_thresholds,2,aspect,0.2449340393787831
13,1200,0.3,random,et_random_thresholds,3,flow_accumulation,0.01724024609607333
13,1200,0.3,random,et_random_thresholds,4,clay_fraction,0.3834924484731257
13,1200,0.3,random,et_random_thresholds,5,organic_carbon,0.16549100423915208
13,1200,0.3,random,et_random_thresholds,6,soil_ph,0.22400934867989775
13,1200,0.3,random,et_random_thresholds,7,water_capacity,0.31736627818457286
13,1200,0.3,random,et_random_thresholds,8,ndvi_mean,0.8302781528980605
13,1200,0.3,random,et_random_thresholds,9,ndvi_max,0.7727219319833358
13,1200,0.3,random,et_random_thresholds,10,evi_mean,0.7263985565864615
13,1200,0.3,random,et_random_thresholds,11,lai_mean,0.23822913937850454
13,1200,0.3,random,et_random_thresholds,12,tree_cover,0.2792294817780062
13,1200,0.3,random,et_random_thresholds,13,albedo,0.5180451451477945
13,1200,0.3,random,et_random_thresholds,14,lst_daytime,0.6904382677159555
13,1200,0.3,random,et_random_thresholds,15,lst_nighttime,0.6693570508001361
13,1200,0.3,random,et_random_thresholds,16,air_temp_mean,0.6565014328073235
13,1200,0.3,random,et_random_thresholds,17,dew_point_temp,0.673486139362458
13,1200,0.3,random,et_random_thresholds,18,annual_precip,0.4385022756363042
13,1200,0.3,random,et_random_thresholds,19,max_monthly_precip,0.4215623616262931
13,1200,0.3,random,et_random_thresholds,20,soil_moisture,0.4139937572721005
13,1200,0.3,random,et_random_thresholds,21,annual_runoff,0.404043244601754
13,1200,0.3,random,et_random_thresholds,22,annual_et,0.6019981320765243
13,1200,0.3,random,et_random_thresholds,23,impervious_surface,0.6701009302343391
13,1200,0.3,random,et_random_thresholds,24,nighttime_lights,0.5699875273371459
13,1200,0.3,random,et_random_thresholds,25,population_density,0.6758806872494113
13,1200,0.3,random,et_more_trees,0,elevation,0.25137873391087995
13,1200,0.3,random,et_more_trees,1,slope,0.32198692207546453
13,1200,0.3,random,et_more_trees,2,aspect,0.24765463155191847
13,1200,0.3,random,et_more_trees,3,flow_accumulation,0.039325739284974404
13,1200,0.3,random,et_more_trees,4,clay_fraction,0.39076482128796064
13,1200,0.3,random,et_more_trees,5,organic_carbon,0.1667516406197167
13,1200,0.3,random,et_more_trees,6,soil_ph,0.22793996567622676
13,1200,0.3,random,et_more_trees,7,water_capacity,0.3264624725750662
13,1200,0.3,random,et_more_trees,8,ndvi_mean,0.8303698483899862
13,1200,0.3,random,et_more_trees,9,ndvi_max,0.7734292075957521
13,1200,0.3,random,et_more_trees,10,evi_mean,0.7267610227249774
13,1200,0.3,random,et_more_trees,11,lai_mean,0.23810982085314847
13,1200,0.3,random,et_more_trees,12,tree_cover,0.28253300127019343
13,1200,0.3,random,et_more_trees,13,albedo,0.5242372435462512
13,1200,0.3,random,et_more_trees,14,lst_daytime,0.7041856702293069
13,1200,0.3,random,et_more_trees,15,lst_nighttime,0.6670783778078907
13,1200,0.3,random,et_more_trees,16,air_temp_mean,0.6659113307868172
13,1200,0.3,random,et_more_trees,17,dew_point_temp,0.6794256642027764
13,1200,0.3,random,et_more_trees,18,annual_precip,0.44682710113818813
13,1200,0.3,random,et_more_trees,19,max_monthly_precip,0.4320947990204619
13,1200,0.3,random,et_more_trees,20,soil_moisture,0.42414071757880145
13,1200,0.3,random,et_more_trees,21,annual_runoff,0.4125256682723235
13,1200,0.3,random,et_more_trees,22,annual_et,0.6012865987083831
13,1200,0.3,random,et_more_trees,23,impervious_surface,0.666725440117246
13,1200,0.3,random,et_more_trees,24,nighttime_lights,0.5761434553728249
13,1200,0.3,random,et_more_trees,25,population_density,0.6771865939984111
13,1200,0.3,random,et_feature_subsample,0,elevation,0.20017212489159852
13,1200,0.3,random,et_feature_subsample,1,slope,0.3096653676727654
13,1200,0.3,random,et_feature_subsample,2,aspect,0.23557754188481816
13,1200,0.3,random,et_feature_subsample,3,flow_accumulation,0.057570466982113655
13,1200,0.3,random,et_feature_subsample,4,clay_fraction,0.3833214432058437
13,1200,0.3,random,et_feature_subsample,5,organic_carbon,0.14243418078189074
13,1200,0.3,random,et_feature_subsample,6,soil_ph,0.23043684668008657
13,1200,0.3,random,et_feature_subsample,7,water_capacity,0.31698167875415273
13,1200,0.3,random,et_feature_subsample,8,ndvi_mean,0.8356992558468371
13,1200,0.3,random,et_feature_subsample,9,ndvi_max,0.7786280809609504
13,1200,0.3,random,et_feature_subsample,10,evi_mean,0.7196666839831205
13,1200,0.3,random,et_feature_subsample,11,lai_mean,0.23658123929200914
13,1200,0.3,random,et_feature_subsample,12,tree_cover,0.275753528833691
13,1200,0.3,random,et_feature_subsample,13,albedo,0.5325038994506114
13,1200,0.3,random,et_feature_subsample,14,lst_daytime,0.6935689900297315
13,1200,0.3,random,et_feature_subsample,15,lst_nighttime,0.6673038877355627
13,1200,0.3,random,et_feature_subsample,16,air_temp_mean,0.6580659969843692
13,1200,0.3,random,et_feature_subsample,17,dew_point_temp,0.6771498792012098
13,1200,0.3,random,et_feature_subsample,18,annual_precip,0.4466804343751617
13,1200,0.3,random,et_feature_subsample,19,max_monthly_precip,0.408409781496479
13,1200,0.3,random,et_feature_subsample,20,soil_moisture,0.40978942670361884
13,1200,0.3,random,et_feature_subsample,21,annual_runoff,0.40622912280929413
13,1200,0.3,random,et_feature_subsample,22,annual_et,0.6032333268947467
13,1200,0.3,random,et_feature_subsample,23,impervious_surface,0.660616522502217
13,1200,0.3,random,et_feature_subsample,24,nighttime_lights,0.5628153967485756
13,1200,0.3,random,et_feature_subsample,25,population_density,0.6729079996359171
13,1200,0.3,random,et_full,0,elevation,0.21867801691761424
13,1200,0.3,random,et_full,1,slope,0.31848149996196917
13,1200,0.3,random,et_full,2,aspect,0.23360729328788232
13,1200,0.3,random,et_full,3,flow_accumulation,0.053925345583568096
13,1200,0.3,random,et_full,4,clay_fraction,0.39776284847944743
13,1200,0.3,random,et_full,5,organic_carbon,0.15704950292266495
13,1200,0.3,random,et_full,6,soil_ph,0.22973653164978658
13,1200,0.3,random,et_full,7,water_capacity,0.32860665956527746
13,1200,0.3,random,et_full,8,ndvi_mean,0.8370057859597704
13,1200,0.3,random,et_full,9,ndvi_max,0.7798870031842635
13,1200,0.3,random,et_full,10,evi_mean,0.7234255901082458
13,1200,0.3,random,et_full,11,lai_mean,0.228079648773852
13,1200,0.3,random,et_full,12,tree_cover,0.29380622436985293
13,1200,0.3,random,et_full,13,albedo,0.5392953627548001
13,1200,0.3,random,et_full,14,lst_daytime,0.7049032856588484
13,1200,0.3,random,et_full,15,lst_nighttime,0.6712342321143765
13,1200,0.3,random,et_full,16,air_temp_mean,0.67097507957472
13,1200,0.3,random,et_full,17,dew_point_temp,0.6860379969693147
13,1200,0.3,random,et_full,18,annual_precip,0.4593671432489177
13,1200,0.3,random,et_full,19,max_monthly_precip,0.4189378320559948
13,1200,0.3,random,et_full,20,soil_moisture,0.421221218390868
13,1200,0.3,random,et_full,21,annual_runoff,0.41243748038615624
13,1200,0.3,random,et_full,22,annual_et,0.6128278349897285
13,1200,0.3,random,et_full,23,impervious_surface,0.6680499036921801
13,1200,0.3,random,et_full,24,nighttime_lights,0.5730133024395057
13,1200,0.3,random,et_full,25,population_density,0.6747372124261015
13,1200,0.3,spatial,rf_baseline,0,elevation,0.2515613297949204
13,1200,0.3,spatial,rf_baseline,1,slope,0.3272268992388503
13,1200,0.3,spatial,rf_baseline,2,aspect,0.18671434519269836
13,1200,0.3,spatial,rf_baseline,3,flow_accumulation,0.07237048137000912
13,1200,0.3,spatial,rf_baseline,4,clay_fraction,0.3897547681726762
13,1200,0.3,spatial,rf_baseline,5,organic_carbon,0.19676881105188415
13,1200,0.3,spatial,rf_baseline,6,soil_ph,0.24196498188208748
13,1200,0.3,spatial,rf_baseline,7,water_capacity,0.3400567760911224
13,1200,0.3,spatial,rf_baseline,8,ndvi_mean,0.8097997290405659
13,1200,0.3,spatial,rf_baseline,9,ndvi_max,0.7511487576476327
13,1200,0.3,spatial,rf_baseline,10,evi_mean,0.6784301216743551
13,1200,0.3,spatial,rf_baseline,11,lai_mean,0.2768037293074235
13,1200,0.3,spatial,rf_baseline,12,tree_cover,0.2994244355384712
13,1200,0.3,spatial,rf_baseline,13,albedo,0.6086000656587771
13,1200,0.3,spatial,rf_baseline,14,lst_daytime,0.7487763482862824
13,1200,0.3,spatial,rf_baseline,15,lst_nighttime,0.7198460359976362
13,1200,0.3,spatial,rf_baseline,16,air_temp_mean,0.7318788330186959
13,1200,0.3,spatial,rf_baseline,17,dew_point_temp,0.7005228443309078
13,1200,0.3,spatial,rf_baseline,18,annual_precip,0.4521934590626059
13,1200,0.3,spatial,rf_baseline,19,max_monthly_precip,0.41485229535536405
13,1200,0.3,spatial,rf_baseline,20,soil_moisture,0.4459884920652385
13,1200,0.3,spatial,rf_baseline,21,annual_runoff,0.4169490558310116
13,1200,0.3,spatial,rf_baseline,22,annual_et,0.6878748726389331
13,1200,0.3,spatial,rf_baseline,23,impervious_surface,0.3705975330254174
13,1200,0.3,spatial,rf_baseline,24,nighttime_lights,0.33638475507249743
13,1200,0.3,spatial,rf_baseline,25,population_density,0.32188575803224195
13,1200,0.3,spatial,et_full,0,elevation,0.23789071549176133
13,1200,0.3,spatial,et_full,1,slope,0.3229123855227791
13,1200,0.3,spatial,et_full,2,aspect,0.17806290319547302
13,1200,0.3,spatial,et_full,3,flow_accumulation,0.06986461772780928
13,1200,0.3,spatial,et_full,4,clay_fraction,0.42862863325087197
13,1200,0.3,spatial,et_full,5,organic_carbon,0.19687665941429855
13,1200,0.3,spatial,et_full,6,soil_ph,0.23878642490210034
13,1200,0.3,spatial,et_full,7,water_capacity,0.34967324091018503
13,1200,0.3,spatial,et_full,8,ndvi_mean,0.8285158856864729
13,1200,0.3,spatial,et_full,9,ndvi_max,0.7728377057662547
13,1200,0.3,spatial,et_full,10,evi_mean,0.6958041565383575
13,1200,0.3,spatial,et_full,11,lai_mean,0.2748331166415199
13,1200,0.3,spatial,et_full,12,tree_cover,0.29949020236897284
13,1200,0.3,spatial,et_full,13,albedo,0.61090569871195
13,1200,0.3,spatial,et_full,14,lst_daytime,0.7634704298140145
13,1200,0.3,spatial,et_full,15,lst_nighttime,0.7288639971781647
13,1200,0.3,spatial,et_full,16,air_temp_mean,0.7458848235288743
13,1200,0.3,spatial,et_full,17,dew_point_temp,0.7284807836840611
13,1200,0.3,spatial,et_full,18,annual_precip,0.47461890625980674
13,1200,0.3,spatial,et_full,19,max_monthly_precip,0.38298041460377774
13,1200,0.3,spatial,et_full,20,soil_moisture,0.4667376313104358
13,1200,0.3,spatial,et_full,21,annual_runoff,0.410210979091987
13,1200,0.3,spatial,et_full,22,annual_et,0.6970042092304172
13,1200,0.3,spatial,et_full,23,impervious_surface,0.38062670642969565
13,1200,0.3,spatial,et_full,24,nighttime_lights,0.36012168201717765
13,1200,0.3,spatial,et_full,25,population_density,0.36672664679582445
14,1200,0.3,random,rf_baseline,0,elevation,0.694559121917
14,1200,0.3,random,rf_baseline,1,slope,0.44975327060469317
14,1200,0.3,random,rf_baseline,2,aspect,0.4160220279245447
14,1200,0.3,random,rf_baseline,3,flow_accumulation,0.7738372151241115
14,1200,0.3,random,rf_baseline,4,clay_fraction,0.3361733871082878
14,1200,0.3,random,rf_baseline,5,organic_carbon,0.6838711082935092
14,1200,0.3,random,rf_baseline,6,soil_ph,0.2480140587187286
14,1200,0.3,random,rf_baseline,7,water_capacity,0.8441831716413157
14,1200,0.3,random,rf_baseline,8,ndvi_mean,0.8718220355802521
14,1200,0.3,random,rf_baseline,9,ndvi_max,0.7854295832284997
14,1200,0.3,random,rf_baseline,10,evi_mean,0.6339460500162578
14,1200,0.3,random,rf_baseline,11,lai_mean,0.2363246302797658
14,1200,0.3,random,rf_baseline,12,tree_cover,0.2920342575167011
14,1200,0.3,random,rf_baseline,13,albedo,0.15032401540814044
14,1200,0.3,random,rf_baseline,14,lst_daytime,0.7050489871412662
14,1200,0.3,random,rf_baseline,15,lst_nighttime,0.7373373037840683
14,1200,0.3,random,rf_baseline,16,air_temp_mean,0.7032022558673573
14,1200,0.3,random,rf_baseline,17,dew_point_temp,0.6690996373726652
14,1200,0.3,random,rf_baseline,18,annual_precip,0.7222410899364063
14,1200,0.3,random,rf_baseline,19,max_monthly_precip,0.7167663144339237
14,1200,0.3,random,rf_baseline,20,soil_moisture,0.339690632761677
14,1200,0.3,random,rf_baseline,21,annual_runoff,0.746987246859997
14,1200,0.3,random,rf_baseline,22,annual_et,0.6058207280881707
14,1200,0.3,random,rf_baseline,23,impervious_surface,-0.07231442702598478
14,1200,0.3,random,rf_baseline,24,nighttime_lights,0.04721112802129779
14,1200,0.3,random,rf_baseline,25,population_density,-0.04778443104933672
14,1200,0.3,random,et_random_thresholds,0,elevation,0.703803927538267
14,1200,0.3,random,et_random_thresholds,1,slope,0.4544365577058743
14,1200,0.3,random,et_random_thresholds,2,aspect,0.41323737908013225
14,1200,0.3,random,et_random_thresholds,3,flow_accumulation,0.7830070693286822
14,1200,0.3,random,et_random_thresholds,4,clay_fraction,0.34593487286919533
14,1200,0.3,random,et_random_thresholds,5,organic_carbon,0.6894641410202254
14,1200,0.3,random,et_random_thresholds,6,soil_ph,0.23629061242929517
14,1200,0.3,random,et_random_thresholds,7,water_capacity,0.8535071204312726
14,1200,0.3,random,et_random_thresholds,8,ndvi_mean,0.8890433006837983
14,1200,0.3,random,et_random_thresholds,9,ndvi_max,0.8038190569114924
14,1200,0.3,random,et_random_thresholds,10,evi_mean,0.6266241246197439
14,1200,0.3,random,et_random_thresholds,11,lai_mean,0.27866333156045264
14,1200,0.3,random,et_random_thresholds,12,tree_cover,0.28966590305175854
14,1200,0.3,random,et_random_thresholds,13,albedo,0.1698802466123578
14,1200,0.3,random,et_random_thresholds,14,lst_daytime,0.7266262745227126
14,1200,0.3,random,et_random_thresholds,15,lst_nighttime,0.7679964776832007
14,1200,0.3,random,et_random_thresholds,16,air_temp_mean,0.7277328873749066
14,1200,0.3,random,et_random_thresholds,17,dew_point_temp,0.6838148557749613
14,1200,0.3,random,et_random_thresholds,18,annual_precip,0.7482828457774311
14,1200,0.3,random,et_random_thresholds,19,max_monthly_precip,0.7273622681329044
14,1200,0.3,random,et_random_thresholds,20,soil_moisture,0.3638735311190182
14,1200,0.3,random,et_random_thresholds,21,annual_runoff,0.7486633746604029
14,1200,0.3,random,et_random_thresholds,22,annual_et,0.6481982808537241
14,1200,0.3,random,et_random_thresholds,23,impervious_surface,0.03806206074014307
14,1200,0.3,random,et_random_thresholds,24,nighttime_lights,0.12420207604013067
14,1200,0.3,random,et_random_thresholds,25,population_density,0.035627691445266896
14,1200,0.3,random,et_more_trees,0,elevation,0.7057836858136448
14,1200,0.3,random,et_more_trees,1,slope,0.46069877181793895
14,1200,0.3,random,et_more_trees,2,aspect,0.41684747307686765
14,1200,0.3,random,et_more_trees,3,flow_accumulation,0.7837084560501482
14,1200,0.3,random,et_more_trees,4,clay_fraction,0.36005354017964464
14,1200,0.3,random,et_more_trees,5,organic_carbon,0.6865570161450048
14,1200,0.3,random,et_more_trees,6,soil_ph,0.24166260988859134
14,1200,0.3,random,et_more_trees,7,water_capacity,0.8567763263720396
14,1200,0.3,random,et_more_trees,8,ndvi_mean,0.8883249379742728
14,1200,0.3,random,et_more_trees,9,ndvi_max,0.8037394623312105
14,1200,0.3,random,et_more_trees,10,evi_mean,0.6295501825347873
14,1200,0.3,random,et_more_trees,11,lai_mean,0.2803938071003338
14,1200,0.3,random,et_more_trees,12,tree_cover,0.2898813241983319
14,1200,0.3,random,et_more_trees,13,albedo,0.16360996510183212
14,1200,0.3,random,et_more_trees,14,lst_daytime,0.7233595208075683
14,1200,0.3,random,et_more_trees,15,lst_nighttime,0.7691088685053284
14,1200,0.3,random,et_more_trees,16,air_temp_mean,0.7299856445976348
14,1200,0.3,random,et_more_trees,17,dew_point_temp,0.6915943785211105
14,1200,0.3,random,et_more_trees,18,annual_precip,0.7507996701862998
14,1200,0.3,random,et_more_trees,19,max_monthly_precip,0.729473324807911
14,1200,0.3,random,et_more_trees,20,soil_moisture,0.3703752238420098
14,1200,0.3,random,et_more_trees,21,annual_runoff,0.7515347038334111
14,1200,0.3,random,et_more_trees,22,annual_et,0.6468318511017268
14,1200,0.3,random,et_more_trees,23,impervious_surface,0.02308351765947403
14,1200,0.3,random,et_more_trees,24,nighttime_lights,0.13095770816323282
14,1200,0.3,random,et_more_trees,25,population_density,0.05381465701653054
14,1200,0.3,random,et_feature_subsample,0,elevation,0.6957183438879934
14,1200,0.3,random,et_feature_subsample,1,slope,0.44094385547487314
14,1200,0.3,random,et_feature_subsample,2,aspect,0.41519965409701176
14,1200,0.3,random,et_feature_subsample,3,flow_accumulation,0.7707449079454151
14,1200,0.3,random,et_feature_subsample,4,clay_fraction,0.39479795905000725
14,1200,0.3,random,et_feature_subsample,5,organic_carbon,0.6956584935670918
14,1200,0.3,random,et_feature_subsample,6,soil_ph,0.22592207904829498
14,1200,0.3,random,et_feature_subsample,7,water_capacity,0.8542047027522071
14,1200,0.3,random,et_feature_subsample,8,ndvi_mean,0.8875559233364494
14,1200,0.3,random,et_feature_subsample,9,ndvi_max,0.8089892223621938
14,1200,0.3,random,et_feature_subsample,10,evi_mean,0.6265285442689801
14,1200,0.3,random,et_feature_subsample,11,lai_mean,0.2700175066901668
14,1200,0.3,random,et_feature_subsample,12,tree_cover,0.2749127718740624
14,1200,0.3,random,et_feature_subsample,13,albedo,0.14772249230448486
14,1200,0.3,random,et_feature_subsample,14,lst_daytime,0.7278738038991552
14,1200,0.3,random,et_feature_subsample,15,lst_nighttime,0.7580876288895905
14,1200,0.3,random,et_feature_subsample,16,air_temp_mean,0.7394391451419233
14,1200,0.3,random,et_feature_subsample,17,dew_point_temp,0.6906412724244857
14,1200,0.3,random,et_feature_subsample,18,annual_precip,0.745496368090884
14,1200,0.3,random,et_feature_subsample,19,max_monthly_precip,0.728685846225565
14,1200,0.3,random,et_feature_subsample,20,soil_moisture,0.3786671936808498
14,1200,0.3,random,et_feature_subsample,21,annual_runoff,0.7571196628800387
14,1200,0.3,random,et_feature_subsample,22,annual_et,0.6421985223700206
14,1200,0.3,random,et_feature_subsample,23,impervious_surface,-0.01761925951517873
14,1200,0.3,random,et_feature_subsample,24,nighttime_lights,0.14886548519261567
14,1200,0.3,random,et_feature_subsample,25,population_density,0.06636931889599951
14,1200,0.3,random,et_full,0,elevation,0.703995031656985
14,1200,0.3,random,et_full,1,slope,0.4464604727821838
14,1200,0.3,random,et_full,2,aspect,0.4269130517040167
14,1200,0.3,random,et_full,3,flow_accumulation,0.7826265151966969
14,1200,0.3,random,et_full,4,clay_fraction,0.39855033174323073
14,1200,0.3,random,et_full,5,organic_carbon,0.7022422638654668
14,1200,0.3,random,et_full,6,soil_ph,0.23925155395383635
14,1200,0.3,random,et_full,7,water_capacity,0.8577121505244488
14,1200,0.3,random,et_full,8,ndvi_mean,0.891336612492123
14,1200,0.3,random,et_full,9,ndvi_max,0.811264744316421
14,1200,0.3,random,et_full,10,evi_mean,0.6393460582833006
14,1200,0.3,random,et_full,11,lai_mean,0.2855182926152874
14,1200,0.3,random,et_full,12,tree_cover,0.29481518687987107
14,1200,0.3,random,et_full,13,albedo,0.16257163708689282
14,1200,0.3,random,et_full,14,lst_daytime,0.7292615999393043
14,1200,0.3,random,et_full,15,lst_nighttime,0.7584878196266824
14,1200,0.3,random,et_full,16,air_temp_mean,0.7385948703252863
14,1200,0.3,random,et_full,17,dew_point_temp,0.6929350633466981
14,1200,0.3,random,et_full,18,annual_precip,0.7506040925447621
14,1200,0.3,random,et_full,19,max_monthly_precip,0.7301174843214602
14,1200,0.3,random,et_full,20,soil_moisture,0.38412659044113895
14,1200,0.3,random,et_full,21,annual_runoff,0.7618962917639653
14,1200,0.3,random,et_full,22,annual_et,0.647823760971042
14,1200,0.3,random,et_full,23,impervious_surface,0.021615801691119763
14,1200,0.3,random,et_full,24,nighttime_lights,0.1475238924939839
14,1200,0.3,random,et_full,25,population_density,0.08979829958351804
14,1200,0.3,spatial,rf_baseline,0,elevation,0.6052413998497256
14,1200,0.3,spatial,rf_baseline,1,slope,0.36637744087774926
14,1200,0.3,spatial,rf_baseline,2,aspect,0.0966575243514074
14,1200,0.3,spatial,rf_baseline,3,flow_accumulation,0.7605562944886826
14,1200,0.3,spatial,rf_baseline,4,clay_fraction,0.4396739161528568
14,1200,0.3,spatial,rf_baseline,5,organic_carbon,0.7038398716806186
14,1200,0.3,spatial,rf_baseline,6,soil_ph,0.26849202234376435
14,1200,0.3,spatial,rf_baseline,7,water_capacity,0.8233923958682283
14,1200,0.3,spatial,rf_baseline,8,ndvi_mean,0.887222821562041
14,1200,0.3,spatial,rf_baseline,9,ndvi_max,0.7987331829431323
14,1200,0.3,spatial,rf_baseline,10,evi_mean,0.6332208659556313
14,1200,0.3,spatial,rf_baseline,11,lai_mean,0.2397884531026757
14,1200,0.3,spatial,rf_baseline,12,tree_cover,0.2791867346031729
14,1200,0.3,spatial,rf_baseline,13,albedo,0.14911961546507846
14,1200,0.3,spatial,rf_baseline,14,lst_daytime,0.6994024966196332
14,1200,0.3,spatial,rf_baseline,15,lst_nighttime,0.7502612620298095
14,1200,0.3,spatial,rf_baseline,16,air_temp_mean,0.7358684518632079
14,1200,0.3,spatial,rf_baseline,17,dew_point_temp,0.6921346872422356
14,1200,0.3,spatial,rf_baseline,18,annual_precip,0.660098577452225
14,1200,0.3,spatial,rf_baseline,19,max_monthly_precip,0.622702275769081
14,1200,0.3,spatial,rf_baseline,20,soil_moisture,0.3385235494034363
14,1200,0.3,spatial,rf_baseline,21,annual_runoff,0.7340775365203197
14,1200,0.3,spatial,rf_baseline,22,annual_et,0.6494056821496406
14,1200,0.3,spatial,rf_baseline,23,impervious_surface,-0.04951691556247506
14,1200,0.3,spatial,rf_baseline,24,nighttime_lights,0.05110844204752629
14,1200,0.3,spatial,rf_baseline,25,population_density,-0.0077381815306372115
14,1200,0.3,spatial,et_full,0,elevation,0.6193751535909129
14,1200,0.3,spatial,et_full,1,slope,0.3892736877226899
14,1200,0.3,spatial,et_full,2,aspect,0.15791765432110716
14,1200,0.3,spatial,et_full,3,flow_accumulation,0.7696521889893024
14,1200,0.3,spatial,et_full,4,clay_fraction,0.42184113966171455
14,1200,0.3,spatial,et_full,5,organic_carbon,0.7041021457029503
14,1200,0.3,spatial,et_full,6,soil_ph,0.25656489468832744
14,1200,0.3,spatial,et_full,7,water_capacity,0.8302638690869856
14,1200,0.3,spatial,et_full,8,ndvi_mean,0.892835321210528
14,1200,0.3,spatial,et_full,9,ndvi_max,0.8125904710404246
14,1200,0.3,spatial,et_full,10,evi_mean,0.6441276292174595
14,1200,0.3,spatial,et_full,11,lai_mean,0.2665536308303589
14,1200,0.3,spatial,et_full,12,tree_cover,0.3021732090106436
14,1200,0.3,spatial,et_full,13,albedo,0.16583856116424045
14,1200,0.3,spatial,et_full,14,lst_daytime,0.7214360848991498
14,1200,0.3,spatial,et_full,15,lst_nighttime,0.7706961584258256
14,1200,0.3,spatial,et_full,16,air_temp_mean,0.7389997581527257
14,1200,0.3,spatial,et_full,17,dew_point_temp,0.6907167599760003
14,1200,0.3,spatial,et_full,18,annual_precip,0.7193460424961304
14,1200,0.3,spatial,et_full,19,max_monthly_precip,0.6601250767749054
14,1200,0.3,spatial,et_full,20,soil_moisture,0.3712320434194708
14,1200,0.3,spatial,et_full,21,annual_runoff,0.7504725317407887
14,1200,0.3,spatial,et_full,22,annual_et,0.6854588869263591
14,1200,0.3,spatial,et_full,23,impervious_surface,0.07166796110078899
14,1200,0.3,spatial,et_full,24,nighttime_lights,0.1461109668216496
14,1200,0.3,spatial,et_full,25,population_density,0.1103069515593198
15,1200,0.3,random,rf_baseline,0,elevation,0.6397602826452511
15,1200,0.3,random,rf_baseline,1,slope,-0.010938378011470462
15,1200,0.3,random,rf_baseline,2,aspect,0.3910519868699831
15,1200,0.3,random,rf_baseline,3,flow_accumulation,0.7295706887013998
15,1200,0.3,random,rf_baseline,4,clay_fraction,0.8973188604808712
15,1200,0.3,random,rf_baseline,5,organic_carbon,0.18305479207949604
15,1200,0.3,random,rf_baseline,6,soil_ph,0.21503628539879172
15,1200,0.3,random,rf_baseline,7,water_capacity,0.661382792938521
15,1200,0.3,random,rf_baseline,8,ndvi_mean,0.5014612472363349
15,1200,0.3,random,rf_baseline,9,ndvi_max,0.41933262116123915
15,1200,0.3,random,rf_baseline,10,evi_mean,0.33253084164094904
15,1200,0.3,random,rf_baseline,11,lai_mean,0.17756251807727896
15,1200,0.3,random,rf_baseline,12,tree_cover,0.7805934314378832
15,1200,0.3,random,rf_baseline,13,albedo,0.5019899917704367
15,1200,0.3,random,rf_baseline,14,lst_daytime,0.9046262647838524
15,1200,0.3,random,rf_baseline,15,lst_nighttime,0.888766214184534
15,1200,0.3,random,rf_baseline,16,air_temp_mean,0.8730301819971513
15,1200,0.3,random,rf_baseline,17,dew_point_temp,0.8560691105650426
15,1200,0.3,random,rf_baseline,18,annual_precip,0.3826160822769642
15,1200,0.3,random,rf_baseline,19,max_monthly_precip,0.3437348550722614
15,1200,0.3,random,rf_baseline,20,soil_moisture,0.48288328998142527
15,1200,0.3,random,rf_baseline,21,annual_runoff,0.332509565665584
15,1200,0.3,random,rf_baseline,22,annual_et,0.8048189405908056
15,1200,0.3,random,rf_baseline,23,impervious_surface,0.3521981317668501
15,1200,0.3,random,rf_baseline,24,nighttime_lights,0.5951535509724941
15,1200,0.3,random,rf_baseline,25,population_density,0.48743399356980555
15,1200,0.3,random,et_random_thresholds,0,elevation,0.6477116001989415
15,1200,0.3,random,et_random_thresholds,1,slope,-0.02657147079041544
15,1200,0.3,random,et_random_thresholds,2,aspect,0.38745653203738273
15,1200,0.3,random,et_random_thresholds,3,flow_accumulation,0.7405891133507523
15,1200,0.3,random,et_random_thresholds,4,clay_fraction,0.9014515544853865
15,1200,0.3,random,et_random_thresholds,5,organic_carbon,0.17333493083860785
15,1200,0.3,random,et_random_thresholds,6,soil_ph,0.2169539189488835
15,1200,0.3,random,et_random_thresholds,7,water_capacity,0.6633046840847797
15,1200,0.3,random,et_random_thresholds,8,ndvi_mean,0.5104638928241845
15,1200,0.3,random,et_random_thresholds,9,ndvi_max,0.44272399418888253
15,1200,0.3,random,et_random_thresholds,10,evi_mean,0.3506994425828025
15,1200,0.3,random,et_random_thresholds,11,lai_mean,0.17186790899122817
15,1200,0.3,random,et_random_thresholds,12,tree_cover,0.7825998846104214
15,1200,0.3,random,et_random_thresholds,13,albedo,0.5087114561415987
15,1200,0.3,random,et_random_thresholds,14,lst_daytime,0.909202598480057
15,1200,0.3,random,et_random_thresholds,15,lst_nighttime,0.8953140599664793
15,1200,0.3,random,et_random_thresholds,16,air_temp_mean,0.8856326235018
15,1200,0.3,random,et_random_thresholds,17,dew_point_temp,0.8755875640322521
15,1200,0.3,random,et_random_thresholds,18,annual_precip,0.38563269231243213
15,1200,0.3,random,et_random_thresholds,19,max_monthly_precip,0.351578894535729
15,1200,0.3,random,et_random_thresholds,20,soil_moisture,0.475996448982853
15,1200,0.3,random,et_random_thresholds,21,annual_runoff,0.3407172636789402
15,1200,0.3,random,et_random_thresholds,22,annual_et,0.8104393422656603
15,1200,0.3,random,et_random_thresholds,23,impervious_surface,0.4278800593652602
15,1200,0.3,random,et_random_thresholds,24,nighttime_lights,0.6099096566290209
15,1200,0.3,random,et_random_thresholds,25,population_density,0.5558697919744635
15,1200,0.3,random,et_more_trees,0,elevation,0.6506641834243347
15,1200,0.3,random,et_more_trees,1,slope,-0.0261794406673459
15,1200,0.3,random,et_more_trees,2,aspect,0.4017434631836527
15,1200,0.3,random,et_more_trees,3,flow_accumulation,0.7470257950653008
15,1200,0.3,random,et_more_trees,4,clay_fraction,0.9026133214145552
15,1200,0.3,random,et_more_trees,5,organic_carbon,0.1867302551138338
15,1200,0.3,random,et_more_trees,6,soil_ph,0.22043993754186986
15,1200,0.3,random,et_more_trees,7,water_capacity,0.6720424743514488
15,1200,0.3,random,et_more_trees,8,ndvi_mean,0.5085338683760812
15,1200,0.3,random,et_more_trees,9,ndvi_max,0.44634565245357993
15,1200,0.3,random,et_more_trees,10,evi_mean,0.3529168300610074
15,1200,0.3,random,et_more_trees,11,lai_mean,0.1999859345321645
15,1200,0.3,random,et_more_trees,12,tree_cover,0.7849751552276059
15,1200,0.3,random,et_more_trees,13,albedo,0.5207760825821235
15,1200,0.3,random,et_more_trees,14,lst_daytime,0.9117452066862537
15,1200,0.3,random,et_more_trees,15,lst_nighttime,0.8981142904808294
15,1200,0.3,random,et_more_trees,16,air_temp_mean,0.8874130258307684
15,1200,0.3,random,et_more_trees,17,dew_point_temp,0.8754835662742959
15,1200,0.3,random,et_more_trees,18,annual_precip,0.40407215674266583
15,1200,0.3,random,et_more_trees,19,max_monthly_precip,0.3623205099076322
15,1200,0.3,random,et_more_trees,20,soil_moisture,0.4855962434188248
15,1200,0.3,random,et_more_trees,21,annual_runoff,0.34337605525311
15,1200,0.3,random,et_more_trees,22,annual_et,0.8091496143946053
15,1200,0.3,random,et_more_trees,23,impervious_surface,0.46216269514883457
15,1200,0.3,random,et_more_trees,24,nighttime_lights,0.6116757828492596
15,1200,0.3,random,et_more_trees,25,population_density,0.5545372085550813
15,1200,0.3,random,et_feature_subsample,0,elevation,0.6406150519110315
15,1200,0.3,random,et_feature_subsample,1,slope,-0.030380711077039768
15,1200,0.3,random,et_feature_subsample,2,aspect,0.38975675153047373
15,1200,0.3,random,et_feature_subsample,3,flow_accumulation,0.7459107728257757
15,1200,0.3,random,et_feature_subsample,4,clay_fraction,0.8971923776032947
15,1200,0.3,random,et_feature_subsample,5,organic_carbon,0.18943354879933227
15,1200,0.3,random,et_feature_subsample,6,soil_ph,0.22481333421622052
15,1200,0.3,random,et_feature_subsample,7,water_capacity,0.6603441566714093
15,1200,0.3,random,et_feature_subsample,8,ndvi_mean,0.5067484526094128
15,1200,0.3,random,et_feature_subsample,9,ndvi_max,0.4375589071304602
15,1200,0.3,random,et_feature_subsample,10,evi_mean,0.3490038241533311
15,1200,0.3,random,et_feature_subsample,11,lai_mean,0.17961084838494745
15,1200,0.3,random,et_feature_subsample,12,tree_cover,0.791992733533182
15,1200,0.3,random,et_feature_subsample,13,albedo,0.5158508905547912
15,1200,0.3,random,et_feature_subsample,14,lst_daytime,0.9150743300534145
15,1200,0.3,random,et_feature_subsample,15,lst_nighttime,0.9058857359272335
15,1200,0.3,random,et_feature_subsample,16,air_temp_mean,0.8841588733776422
15,1200,0.3,random,et_feature_subsample,17,dew_point_temp,0.873687443412684
15,1200,0.3,random,et_feature_subsample,18,annual_precip,0.3916576378057397
15,1200,0.3,random,et_feature_subsample,19,max_monthly_precip,0.34471265958185204
15,1200,0.3,random,et_feature_subsample,20,soil_moisture,0.477238129003867
15,1200,0.3,random,et_feature_subsample,21,annual_runoff,0.3149107124860073
15,1200,0.3,random,et_feature_subsample,22,annual_et,0.8149760958277615
15,1200,0.3,random,et_feature_subsample,23,impervious_surface,0.4980595160366157
15,1200,0.3,random,et_feature_subsample,24,nighttime_lights,0.6181901400455689
15,1200,0.3,random,et_feature_subsample,25,population_density,0.5548978270494247
15,1200,0.3,random,et_full,0,elevation,0.6440577935511466
15,1200,0.3,random,et_full,1,slope,-0.012703283426497736
15,1200,0.3,random,et_full,2,aspect,0.3922013056558419
15,1200,0.3,random,et_full,3,flow_accumulation,0.749254932656541
15,1200,0.3,random,et_full,4,clay_fraction,0.9021230377813138
15,1200,0.3,random,et_full,5,organic_carbon,0.20502754260744194
15,1200,0.3,random,et_full,6,soil_ph,0.2248585787023334
15,1200,0.3,random,et_full,7,water_capacity,0.6643266806854586
15,1200,0.3,random,et_full,8,ndvi_mean,0.5087734183774096
15,1200,0.3,random,et_full,9,ndvi_max,0.4519485330252213
15,1200,0.3,random,et_full,10,evi_mean,0.3377377523418501
15,1200,0.3,random,et_full,11,lai_mean,0.19567298316687376
15,1200,0.3,random,et_full,12,tree_cover,0.7948978230589837
15,1200,0.3,random,et_full,13,albedo,0.5191979835970006
15,1200,0.3,random,et_full,14,lst_daytime,0.9162706462617236
15,1200,0.3,random,et_full,15,lst_nighttime,0.9066820666188999
15,1200,0.3,random,et_full,16,air_temp_mean,0.890951821274893
15,1200,0.3,random,et_full,17,dew_point_temp,0.8793992524762856
15,1200,0.3,random,et_full,18,annual_precip,0.4085307901244247
15,1200,0.3,random,et_full,19,max_monthly_precip,0.3655771621436126
15,1200,0.3,random,et_full,20,soil_moisture,0.48330234612487877
15,1200,0.3,random,et_full,21,annual_runoff,0.32653432649653014
15,1200,0.3,random,et_full,22,annual_et,0.820390895057725
15,1200,0.3,random,et_full,23,impervious_surface,0.4904129784227811
15,1200,0.3,random,et_full,24,nighttime_lights,0.6173446147786926
15,1200,0.3,random,et_full,25,population_density,0.573338646135808
15,1200,0.3,spatial,rf_baseline,0,elevation,0.5894125873227679
15,1200,0.3,spatial,rf_baseline,1,slope,-0.06568389625529059
15,1200,0.3,spatial,rf_baseline,2,aspect,0.2785880483787817
15,1200,0.3,spatial,rf_baseline,3,flow_accumulation,0.7921871997050602
15,1200,0.3,spatial,rf_baseline,4,clay_fraction,0.8906854614454964
15,1200,0.3,spatial,rf_baseline,5,organic_carbon,0.12981291205528211
15,1200,0.3,spatial,rf_baseline,6,soil_ph,0.1214196351055502
15,1200,0.3,spatial,rf_baseline,7,water_capacity,0.6320867521879845
15,1200,0.3,spatial,rf_baseline,8,ndvi_mean,0.5045525504151047
15,1200,0.3,spatial,rf_baseline,9,ndvi_max,0.4146684411478906
15,1200,0.3,spatial,rf_baseline,10,evi_mean,0.3065563453205703
15,1200,0.3,spatial,rf_baseline,11,lai_mean,0.07048411322918513
15,1200,0.3,spatial,rf_baseline,12,tree_cover,0.7680627606083252
15,1200,0.3,spatial,rf_baseline,13,albedo,0.4578318376645626
15,1200,0.3,spatial,rf_baseline,14,lst_daytime,0.9053894116844429
15,1200,0.3,spatial,rf_baseline,15,lst_nighttime,0.8929883880813616
15,1200,0.3,spatial,rf_baseline,16,air_temp_mean,0.8770488655832728
15,1200,0.3,spatial,rf_baseline,17,dew_point_temp,0.8487532152389714
15,1200,0.3,spatial,rf_baseline,18,annual_precip,0.1557460536187294
15,1200,0.3,spatial,rf_baseline,19,max_monthly_precip,0.1374093841318933
15,1200,0.3,spatial,rf_baseline,20,soil_moisture,0.48790670669862235
15,1200,0.3,spatial,rf_baseline,21,annual_runoff,0.0712052287674304
15,1200,0.3,spatial,rf_baseline,22,annual_et,0.8137350969984782
15,1200,0.3,spatial,rf_baseline,23,impervious_surface,0.06481251434241764
15,1200,0.3,spatial,rf_baseline,24,nighttime_lights,0.2278534172137725
15,1200,0.3,spatial,rf_baseline,25,population_density,0.0593057488425468
15,1200,0.3,spatial,et_full,0,elevation,0.593640328369645
15,1200,0.3,spatial,et_full,1,slope,-0.038692317727311076
15,1200,0.3,spatial,et_full,2,aspect,0.2826059542082441
15,1200,0.3,spatial,et_full,3,flow_accumulation,0.8015556836909314
15,1200,0.3,spatial,et_full,4,clay_fraction,0.8946690823415133
15,1200,0.3,spatial,et_full,5,organic_carbon,0.15578272976658203
15,1200,0.3,spatial,et_full,6,soil_ph,0.15778700128811807
15,1200,0.3,spatial,et_full,7,water_capacity,0.6529453616475006
15,1200,0.3,spatial,et_full,8,ndvi_mean,0.5067008225361226
15,1200,0.3,spatial,et_full,9,ndvi_max,0.43759579505433144
15,1200,0.3,spatial,et_full,10,evi_mean,0.32743524597978646
15,1200,0.3,spatial,et_full,11,lai_mean,0.10715716101192496
15,1200,0.3,spatial,et_full,12,tree_cover,0.7858929160746664
15,1200,0.3,spatial,et_full,13,albedo,0.4755948582299472
15,1200,0.3,spatial,et_full,14,lst_daytime,0.9207726156721228
15,1200,0.3,spatial,et_full,15,lst_nighttime,0.9067085257707441
15,1200,0.3,spatial,et_full,16,air_temp_mean,0.8963459866921515
15,1200,0.3,spatial,et_full,17,dew_point_temp,0.8670569825657493
15,1200,0.3,spatial,et_full,18,annual_precip,0.21825404040625607
15,1200,0.3,spatial,et_full,19,max_monthly_precip,0.18381387241133196
15,1200,0.3,spatial,et_full,20,soil_moisture,0.5093584418183192
15,1200,0.3,spatial,et_full,21,annual_runoff,0.15494078827175695
15,1200,0.3,spatial,et_full,22,annual_et,0.8223155383372514
15,1200,0.3,spatial,et_full,23,impervious_surface,0.269745876158183
15,1200,0.3,spatial,et_full,24,nighttime_lights,0.3709946231167409
15,1200,0.3,spatial,et_full,25,population_density,0.2757250564435011
16,1200,0.3,random,rf_baseline,0,elevation,0.6322756482437832
16,1200,0.3,random,rf_baseline,1,slope,0.3418710740032884
16,1200,0.3,random,rf_baseline,2,aspect,0.5489603794753799
16,1200,0.3,random,rf_baseline,3,flow_accumulation,0.563387011358877
16,1200,0.3,random,rf_baseline,4,clay_fraction,0.7065814135068559
16,1200,0.3,random,rf_baseline,5,organic_carbon,0.7293403510886045
16,1200,0.3,random,rf_baseline,6,soil_ph,0.25908790171347396
16,1200,0.3,random,rf_baseline,7,water_capacity,0.31080623235020144
16,1200,0.3,random,rf_baseline,8,ndvi_mean,0.6923445520783966
16,1200,0.3,random,rf_baseline,9,ndvi_max,0.6688493195215959
16,1200,0.3,random,rf_baseline,10,evi_mean,0.7558951951532225
16,1200,0.3,random,rf_baseline,11,lai_mean,0.1705185205232177
16,1200,0.3,random,rf_baseline,12,tree_cover,0.20010551599725868
16,1200,0.3,random,rf_baseline,13,albedo,0.11500945276121011
16,1200,0.3,random,rf_baseline,14,lst_daytime,0.6545620428831684
16,1200,0.3,random,rf_baseline,15,lst_nighttime,0.6100739850009838
16,1200,0.3,random,rf_baseline,16,air_temp_mean,0.614184693030041
16,1200,0.3,random,rf_baseline,17,dew_point_temp,0.5764131237590853
16,1200,0.3,random,rf_baseline,18,annual_precip,0.5175584023333377
16,1200,0.3,random,rf_baseline,19,max_monthly_precip,0.3893126306097682
16,1200,0.3,random,rf_baseline,20,soil_moisture,0.3836197228551056
16,1200,0.3,random,rf_baseline,21,annual_runoff,0.47649522799306665
16,1200,0.3,random,rf_baseline,22,annual_et,0.5520069553202912
16,1200,0.3,random,rf_baseline,23,impervious_surface,0.5171106933219218
16,1200,0.3,random,rf_baseline,24,nighttime_lights,0.4490993372029516
16,1200,0.3,random,rf_baseline,25,population_density,0.4837407202794236
16,1200,0.3,random,et_random_thresholds,0,elevation,0.6622572308419301
16,1200,0.3,random,et_random_thresholds,1,slope,0.37409307961399185
16,1200,0.3,random,et_random_thresholds,2,aspect,0.588177120440329
16,1200,0.3,random,et_random_thresholds,3,flow_accumulation,0.5839496586798146
16,1200,0.3,random,et_random_thresholds,4,clay_fraction,0.7223030074697243
16,1200,0.3,random,et_random_thresholds,5,organic_carbon,0.7375975517767166
16,1200,0.3,random,et_random_thresholds,6,soil_ph,0.24093825319298812
16,1200,0.3,random,et_random_thresholds,7,water_capacity,0.2998656774896854
16,1200,0.3,random,et_random_thresholds,8,ndvi_mean,0.7107906557067981
16,1200,0.3,random,et_random_thresholds,9,ndvi_max,0.6920309649901966
16,1200,0.3,random,et_random_thresholds,10,evi_mean,0.7676301508927224
16,1200,0.3,random,et_random_thresholds,11,lai_mean,0.19079587112380814
16,1200,0.3,random,et_random_thresholds,12,tree_cover,0.20770787045445016
16,1200,0.3,random,et_random_thresholds,13,albedo,0.12455758726439004
16,1200,0.3,random,et_random_thresholds,14,lst_daytime,0.6625054866051658
16,1200,0.3,random,et_random_thresholds,15,lst_nighttime,0.616686001240556
16,1200,0.3,random,et_random_thresholds,16,air_temp_mean,0.629472877322802
16,1200,0.3,random,et_random_thresholds,17,dew_point_temp,0.5785472307496866
16,1200,0.3,random,et_random_thresholds,18,annual_precip,0.5540360365987393
16,1200,0.3,random,et_random_thresholds,19,max_monthly_precip,0.4391112880738506
16,1200,0.3,random,et_random_thresholds,20,soil_moisture,0.37363912611931316
16,1200,0.3,random,et_random_thresholds,21,annual_runoff,0.46895564967332004
16,1200,0.3,random,et_random_thresholds,22,annual_et,0.5610378499837174
16,1200,0.3,random,et_random_thresholds,23,impervious_surface,0.5208954441396947
16,1200,0.3,random,et_random_thresholds,24,nighttime_lights,0.4673287794999448
16,1200,0.3,random,et_random_thresholds,25,population_density,0.4717874784935978
16,1200,0.3,random,et_more_trees,0,elevation,0.6693808080838972
16,1200,0.3,random,et_more_trees,1,slope,0.38180755463234683
16,1200,0.3,random,et_more_trees,2,aspect,0.5869174279696837
16,1200,0.3,random,et_more_trees,3,flow_accumulation,0.5811946069186646
16,1200,0.3,random,et_more_trees,4,clay_fraction,0.7277654775488438
16,1200,0.3,random,et_more_trees,5,organic_carbon,0.7408141091447598
16,1200,0.3,random,et_more_trees,6,soil_ph,0.24959733992375732
16,1200,0.3,random,et_more_trees,7,water_capacity,0.29429052026000513
16,1200,0.3,random,et_more_trees,8,ndvi_mean,0.7120946456817753
16,1200,0.3,random,et_more_trees,9,ndvi_max,0.6892091496181112
16,1200,0.3,random,et_more_trees,10,evi_mean,0.7685437496893875
16,1200,0.3,random,et_more_trees,11,lai_mean,0.198283560876643
16,1200,0.3,random,et_more_trees,12,tree_cover,0.2130760090335776
16,1200,0.3,random,et_more_trees,13,albedo,0.1252022690797765
16,1200,0.3,random,et_more_trees,14,lst_daytime,0.6628077677553282
16,1200,0.3,random,et_more_trees,15,lst_nighttime,0.6240949209617578
16,1200,0.3,random,et_more_trees,16,air_temp_mean,0.6385167024354614
16,1200,0.3,random,et_more_trees,17,dew_point_temp,0.5900391900866511
16,1200,0.3,random,et_more_trees,18,annual_precip,0.5617423467113252
16,1200,0.3,random,et_more_trees,19,max_monthly_precip,0.44364758744545696
16,1200,0.3,random,et_more_trees,20,soil_moisture,0.39343728591220006
16,1200,0.3,random,et_more_trees,21,annual_runoff,0.47976915608711757
16,1200,0.3,random,et_more_trees,22,annual_et,0.5691919961267959
16,1200,0.3,random,et_more_trees,23,impervious_surface,0.5354335004035378
16,1200,0.3,random,et_more_trees,24,nighttime_lights,0.4688301493946818
16,1200,0.3,random,et_more_trees,25,population_density,0.49226211527469876
16,1200,0.3,random,et_feature_subsample,0,elevation,0.6655045303213791
16,1200,0.3,random,et_feature_subsample,1,slope,0.40261289384410437
16,1200,0.3,random,et_feature_subsample,2,aspect,0.5735369400105395
16,1200,0.3,random,et_feature_subsample,3,flow_accumulation,0.5593135708307078
16,1200,0.3,random,et_feature_subsample,4,clay_fraction,0.7347906836565439
16,1200,0.3,random,et_feature_subsample,5,organic_carbon,0.7326422079759751
16,1200,0.3,random,et_feature_subsample,6,soil_ph,0.25826443244504405
16,1200,0.3,random,et_feature_subsample,7,water_capacity,0.309709987304167
16,1200,0.3,random,et_feature_subsample,8,ndvi_mean,0.7153414311086046
16,1200,0.3,random,et_feature_subsample,9,ndvi_max,0.6853838960019005
16,1200,0.3,random,et_feature_subsample,10,evi_mean,0.7716201849116997
16,1200,0.3,random,et_feature_subsample,11,lai_mean,0.16907657410032695
16,1200,0.3,random,et_feature_subsample,12,tree_cover,0.23238184459774014
16,1200,0.3,random,et_feature_subsample,13,albedo,0.12257923226507983
16,1200,0.3,random,et_feature_subsample,14,lst_daytime,0.6717649269953111
16,1200,0.3,random,et_feature_subsample,15,lst_nighttime,0.6393031730738341
16,1200,0.3,random,et_feature_subsample,16,air_temp_mean,0.6248487050079987
16,1200,0.3,random,et_feature_subsample,17,dew_point_temp,0.5896457493363663
16,1200,0.3,random,et_feature_subsample,18,annual_precip,0.5610341456460939
16,1200,0.3,random,et_feature_subsample,19,max_monthly_precip,0.4250631596419636
16,1200,0.3,random,et_feature_subsample,20,soil_moisture,0.40989649467623257
16,1200,0.3,random,et_feature_subsample,21,annual_runoff,0.4756472158176719
16,1200,0.3,random,et_feature_subsample,22,annual_et,0.5711376403181012
16,1200,0.3,random,et_feature_subsample,23,impervious_surface,0.5511328122141179
16,1200,0.3,random,et_feature_subsample,24,nighttime_lights,0.47221653618033244
16,1200,0.3,random,et_feature_subsample,25,population_density,0.5207316506622548
16,1200,0.3,random,et_full,0,elevation,0.6662785664907072
16,1200,0.3,random,et_full,1,slope,0.4078455544264211
16,1200,0.3,random,et_full,2,aspect,0.5884695253011074
16,1200,0.3,random,et_full,3,flow_accumulation,0.5733273301331566
16,1200,0.3,random,et_full,4,clay_fraction,0.7407127966533533
16,1200,0.3,random,et_full,5,organic_carbon,0.7380581590507511
16,1200,0.3,random,et_full,6,soil_ph,0.2660300036401064
16,1200,0.3,random,et_full,7,water_capacity,0.30515048765330033
16,1200,0.3,random,et_full,8,ndvi_mean,0.7156780903549844
16,1200,0.3,random,et_full,9,ndvi_max,0.7005338430612126
16,1200,0.3,random,et_full,10,evi_mean,0.7732128654856594
16,1200,0.3,random,et_full,11,lai_mean,0.19092191067439823
16,1200,0.3,random,et_full,12,tree_cover,0.22986629279594517
16,1200,0.3,random,et_full,13,albedo,0.13690763158866504
16,1200,0.3,random,et_full,14,lst_daytime,0.6748554801655557
16,1200,0.3,random,et_full,15,lst_nighttime,0.6414784259440034
16,1200,0.3,random,et_full,16,air_temp_mean,0.6325687834591807
16,1200,0.3,random,et_full,17,dew_point_temp,0.5988837991596169
16,1200,0.3,random,et_full,18,annual_precip,0.5656055841197216
16,1200,0.3,random,et_full,19,max_monthly_precip,0.4459193547106324
16,1200,0.3,random,et_full,20,soil_moisture,0.42152917626805053
16,1200,0.3,random,et_full,21,annual_runoff,0.48456886979158975
16,1200,0.3,random,et_full,22,annual_et,0.5731750683703742
16,1200,0.3,random,et_full,23,impervious_surface,0.5615564119629084
16,1200,0.3,random,et_full,24,nighttime_lights,0.48872359582687885
16,1200,0.3,random,et_full,25,population_density,0.5139240813047403
16,1200,0.3,spatial,rf_baseline,0,elevation,0.5995141115458831
16,1200,0.3,spatial,rf_baseline,1,slope,0.401038095585905
16,1200,0.3,spatial,rf_baseline,2,aspect,0.5334245020972284
16,1200,0.3,spatial,rf_baseline,3,flow_accumulation,0.42841287633714065
16,1200,0.3,spatial,rf_baseline,4,clay_fraction,0.7443755355003426
16,1200,0.3,spatial,rf_baseline,5,organic_carbon,0.6699523741604386
16,1200,0.3,spatial,rf_baseline,6,soil_ph,0.18432630249822068
16,1200,0.3,spatial,rf_baseline,7,water_capacity,0.28851012274642385
16,1200,0.3,spatial,rf_baseline,8,ndvi_mean,0.6730812284452152
16,1200,0.3,spatial,rf_baseline,9,ndvi_max,0.6643425023315641
16,1200,0.3,spatial,rf_baseline,10,evi_mean,0.7529206123481129
16,1200,0.3,spatial,rf_baseline,11,lai_mean,0.1642943248391302
16,1200,0.3,spatial,rf_baseline,12,tree_cover,0.19239446083171663
16,1200,0.3,spatial,rf_baseline,13,albedo,0.12436477028509518
16,1200,0.3,spatial,rf_baseline,14,lst_daytime,0.6882812455801086
16,1200,0.3,spatial,rf_baseline,15,lst_nighttime,0.6550484119100991
16,1200,0.3,spatial,rf_baseline,16,air_temp_mean,0.6667116119669552
16,1200,0.3,spatial,rf_baseline,17,dew_point_temp,0.5869548193834357
16,1200,0.3,spatial,rf_baseline,18,annual_precip,0.5356307695909506
16,1200,0.3,spatial,rf_baseline,19,max_monthly_precip,0.3788237884818234
16,1200,0.3,spatial,rf_baseline,20,soil_moisture,0.37871758775491926
16,1200,0.3,spatial,rf_baseline,21,annual_runoff,0.45781469800446706
16,1200,0.3,spatial,rf_baseline,22,annual_et,0.5891927549597442
16,1200,0.3,spatial,rf_baseline,23,impervious_surface,0.662510335243178
16,1200,0.3,spatial,rf_baseline,24,nighttime_lights,0.5729201926413924
16,1200,0.3,spatial,rf_baseline,25,population_density,0.6219118808970336
16,1200,0.3,spatial,et_full,0,elevation,0.6299017820201976
16,1200,0.3,spatial,et_full,1,slope,0.3991087518325851
16,1200,0.3,spatial,et_full,2,aspect,0.5833431264380231
16,1200,0.3,spatial,et_full,3,flow_accumulation,0.4808014772844882
16,1200,0.3,spatial,et_full,4,clay_fraction,0.756083974259511
16,1200,0.3,spatial,et_full,5,organic_carbon,0.6941393153410922
16,1200,0.3,spatial,et_full,6,soil_ph,0.17579045686898787
16,1200,0.3,spatial,et_full,7,water_capacity,0.3293853816168115
16,1200,0.3,spatial,et_full,8,ndvi_mean,0.6983157099800821
16,1200,0.3,spatial,et_full,9,ndvi_max,0.6785449099222443
16,1200,0.3,spatial,et_full,10,evi_mean,0.7687519554718357
16,1200,0.3,spatial,et_full,11,lai_mean,0.1696263181627402
16,1200,0.3,spatial,et_full,12,tree_cover,0.23482121225091523
16,1200,0.3,spatial,et_full,13,albedo,0.12010150123445595
16,1200,0.3,spatial,et_full,14,lst_daytime,0.7161926379331788
16,1200,0.3,spatial,et_full,15,lst_nighttime,0.6706943057173114
16,1200,0.3,spatial,et_full,16,air_temp_mean,0.6796975943757402
16,1200,0.3,spatial,et_full,17,dew_point_temp,0.6162925136353052
16,1200,0.3,spatial,et_full,18,annual_precip,0.5572025878081122
16,1200,0.3,spatial,et_full,19,max_monthly_precip,0.4422658083836025
16,1200,0.3,spatial,et_full,20,soil_moisture,0.4218359091773414
16,1200,0.3,spatial,et_full,21,annual_runoff,0.4698528882226224
16,1200,0.3,spatial,et_full,22,annual_et,0.6213927543768187
16,1200,0.3,spatial,et_full,23,impervious_surface,0.6511330789231926
16,1200,0.3,spatial,et_full,24,nighttime_lights,0.5648804218135453
16,1200,0.3,spatial,et_full,25,population_density,0.6044999942731348
17,1200,0.3,random,rf_baseline,0,elevation,0.5139799562986933
17,1200,0.3,random,rf_baseline,1,slope,-0.04948889778554055
17,1200,0.3,random,rf_baseline,2,aspect,0.27565448623909516
17,1200,0.3,random,rf_baseline,3,flow_accumulation,0.1593732684140876
17,1200,0.3,random,rf_baseline,4,clay_fraction,0.646022075032196
17,1200,0.3,random,rf_baseline,5,organic_carbon,0.1252033712272902
17,1200,0.3,random,rf_baseline,6,soil_ph,0.323139587966889
17,1200,0.3,random,rf_baseline,7,water_capacity,0.23484049395451445
17,1200,0.3,random,rf_baseline,8,ndvi_mean,0.8493170814679581
17,1200,0.3,random,rf_baseline,9,ndvi_max,0.8088375459558985
17,1200,0.3,random,rf_baseline,10,evi_mean,0.6088217743139055
17,1200,0.3,random,rf_baseline,11,lai_mean,0.3103989967757076
17,1200,0.3,random,rf_baseline,12,tree_cover,0.5876525276120648
17,1200,0.3,random,rf_baseline,13,albedo,0.48777575841593057
17,1200,0.3,random,rf_baseline,14,lst_daytime,0.5755286657013368
17,1200,0.3,random,rf_baseline,15,lst_nighttime,0.5854853268951705
17,1200,0.3,random,rf_baseline,16,air_temp_mean,0.5952833454707469
17,1200,0.3,random,rf_baseline,17,dew_point_temp,0.5499234549543217
17,1200,0.3,random,rf_baseline,18,annual_precip,0.5946068471966555
17,1200,0.3,random,rf_baseline,19,max_monthly_precip,0.5472402199308184
17,1200,0.3,random,rf_baseline,20,soil_moisture,0.29152630013473035
17,1200,0.3,random,rf_baseline,21,annual_runoff,0.5989991350188648
17,1200,0.3,random,rf_baseline,22,annual_et,0.5910716325648678
17,1200,0.3,random,rf_baseline,23,impervious_surface,-0.09084344812650569
17,1200,0.3,random,rf_baseline,24,nighttime_lights,0.006037150087529364
17,1200,0.3,random,rf_baseline,25,population_density,-0.026354868657022967
17,1200,0.3,random,et_random_thresholds,0,elevation,0.5224023319342033
17,1200,0.3,random,et_random_thresholds,1,slope,-0.03915177051075447
17,1200,0.3,random,et_random_thresholds,2,aspect,0.2813361542790175
17,1200,0.3,random,et_random_thresholds,3,flow_accumulation,0.1787867235800562
17,1200,0.3,random,et_random_thresholds,4,clay_fraction,0.6672385755009297
17,1200,0.3,random,et_random_thresholds,5,organic_carbon,0.14864803245519842
17,1200,0.3,random,et_random_thresholds,6,soil_ph,0.35389301597002254
17,1200,0.3,random,et_random_thresholds,7,water_capacity,0.25142930661989127
17,1200,0.3,random,et_random_thresholds,8,ndvi_mean,0.8658816793555026
17,1200,0.3,random,et_random_thresholds,9,ndvi_max,0.817508970275526
17,1200,0.3,random,et_random_thresholds,10,evi_mean,0.613624293554575
17,1200,0.3,random,et_random_thresholds,11,lai_mean,0.3180236747737347
17,1200,0.3,random,et_random_thresholds,12,tree_cover,0.591161528268813
17,1200,0.3,random,et_random_thresholds,13,albedo,0.5081193191065192
17,1200,0.3,random,et_random_thresholds,14,lst_daytime,0.5773037112224548
17,1200,0.3,random,et_random_thresholds,15,lst_nighttime,0.5787807677405996
17,1200,0.3,random,et_random_thresholds,16,air_temp_mean,0.5905078217760398
17,1200,0.3,random,et_random_thresholds,17,dew_point_temp,0.5634929155433497
17,1200,0.3,random,et_random_thresholds,18,annual_precip,0.5870200462020467
17,1200,0.3,random,et_random_thresholds,19,max_monthly_precip,0.5390853314061861
17,1200,0.3,random,et_random_thresholds,20,soil_moisture,0.2838195811956703
17,1200,0.3,random,et_random_thresholds,21,annual_runoff,0.6047581170314278
17,1200,0.3,random,et_random_thresholds,22,annual_et,0.5951969925051575
17,1200,0.3,random,et_random_thresholds,23,impervious_surface,-0.047354037102168345
17,1200,0.3,random,et_random_thresholds,24,nighttime_lights,0.05455459671410212
17,1200,0.3,random,et_random_thresholds,25,population_density,0.026545219882794235
17,1200,0.3,random,et_more_trees,0,elevation,0.5317697384094805
17,1200,0.3,random,et_more_trees,1,slope,-0.019092216585812727
17,1200,0.3,random,et_more_trees,2,aspect,0.2876424406465967
17,1200,0.3,random,et_more_trees,3,flow_accumulation,0.18826447694346604
17,1200,0.3,random,et_more_trees,4,clay_fraction,0.6743645233014832
17,1200,0.3,random,et_more_trees,5,organic_carbon,0.16759299991825294
17,1200,0.3,random,et_more_trees,6,soil_ph,0.3542267691334752
17,1200,0.3,random,et_more_trees,7,water_capacity,0.23898723851017445
17,1200,0.3,random,et_more_trees,8,ndvi_mean,0.868766586314339
17,1200,0.3,random,et_more_trees,9,ndvi_max,0.8193923583267593
17,1200,0.3,random,et_more_trees,10,evi_mean,0.6207499875523232
17,1200,0.3,random,et_more_trees,11,lai_mean,0.3190570854566783
17,1200,0.3,random,et_more_trees,12,tree_cover,0.5964846860717095
17,1200,0.3,random,et_more_trees,13,albedo,0.5197875711057953
17,1200,0.3,random,et_more_trees,14,lst_daytime,0.5895338258012325
17,1200,0.3,random,et_more_trees,15,lst_nighttime,0.5942617998196482
17,1200,0.3,random,et_more_trees,16,air_temp_mean,0.6039422358788897
17,1200,0.3,random,et_more_trees,17,dew_point_temp,0.5742351465868698
17,1200,0.3,random,et_more_trees,18,annual_precip,0.5946718311900454
17,1200,0.3,random,et_more_trees,19,max_monthly_precip,0.5501462790845562
17,1200,0.3,random,et_more_trees,20,soil_moisture,0.28434898118289775
17,1200,0.3,random,et_more_trees,21,annual_runoff,0.5987872389200632
17,1200,0.3,random,et_more_trees,22,annual_et,0.608062180740347
17,1200,0.3,random,et_more_trees,23,impervious_surface,-0.013490239467018439
17,1200,0.3,random,et_more_trees,24,nighttime_lights,0.06501352651938275
17,1200,0.3,random,et_more_trees,25,population_density,0.04458607251934854
17,1200,0.3,random,et_feature_subsample,0,elevation,0.512237597577149
17,1200,0.3,random,et_feature_subsample,1,slope,-0.008927764702918228
17,1200,0.3,random,et_feature_subsample,2,aspect,0.2831316475706679
17,1200,0.3,random,et_feature_subsample,3,flow_accumulation,0.12884124482685955
17,1200,0.3,random,et_feature_subsample,4,clay_fraction,0.6699203619863506
17,1200,0.3,random,et_feature_subsample,5,organic_carbon,0.15788048504465246
17,1200,0.3,random,et_feature_subsample,6,soil_ph,0.35306244196753267
17,1200,0.3,random,et_feature_subsample,7,water_capacity,0.2320894905933012
17,1200,0.3,random,et_feature_subsample,8,ndvi_mean,0.8653795048124805
17,1200,0.3,random,et_feature_subsample,9,ndvi_max,0.8189391409746732
17,1200,0.3,random,et_feature_subsample,10,evi_mean,0.6126017704231008
17,1200,0.3,random,et_feature_subsample,11,lai_mean,0.31858276899296056
17,1200,0.3,random,et_feature_subsample,12,tree_cover,0.6005465260194034
17,1200,0.3,random,et_feature_subsample,13,albedo,0.5011086845324708
17,1200,0.3,random,et_feature_subsample,14,lst_daytime,0.5791419522656448
17,1200,0.3,random,et_feature_subsample,15,lst_nighttime,0.5972587945026727
17,1200,0.3,random,et_feature_subsample,16,air_temp_mean,0.607788783729353
17,1200,0.3,random,et_feature_subsample,17,dew_point_temp,0.5733093230459365
17,1200,0.3,random,et_feature_subsample,18,annual_precip,0.5939723797302392
17,1200,0.3,random,et_feature_subsample,19,max_monthly_precip,0.5609296471518339
17,1200,0.3,random,et_feature_subsample,20,soil_moisture,0.27647479412497866
17,1200,0.3,random,et_feature_subsample,21,annual_runoff,0.5680490788543491
17,1200,0.3,random,et_feature_subsample,22,annual_et,0.6022878105783399
17,1200,0.3,random,et_feature_subsample,23,impervious_surface,-0.04390229629626674
17,1200,0.3,random,et_feature_subsample,24,nighttime_lights,0.03735461727603484
17,1200,0.3,random,et_feature_subsample,25,population_density,0.02553701599882141
17,1200,0.3,random,et_full,0,elevation,0.5276958518250221
17,1200,0.3,random,et_full,1,slope,-0.015169523677597718
17,1200,0.3,random,et_full,2,aspect,0.2928963962584429
17,1200,0.3,random,et_full,3,flow_accumulation,0.16598566488614197
17,1200,0.3,random,et_full,4,clay_fraction,0.6757312683400054
17,1200,0.3,random,et_full,5,organic_carbon,0.17138806209884716
17,1200,0.3,random,et_full,6,soil_ph,0.35210394269261225
17,1200,0.3,random,et_full,7,water_capacity,0.24101937709468257
17,1200,0.3,random,et_full,8,ndvi_mean,0.8684978874558187
17,1200,0.3,random,et_full,9,ndvi_max,0.821755984586573
17,1200,0.3,random,et_full,10,evi_mean,0.6189446576796904
17,1200,0.3,random,et_full,11,lai_mean,0.314688033999603
17,1200,0.3,random,et_full,12,tree_cover,0.598146782241703
17,1200,0.3,random,et_full,13,albedo,0.5057722893891988
17,1200,0.3,random,et_full,14,lst_daytime,0.5836775067829452
17,1200,0.3,random,et_full,15,lst_nighttime,0.6041264636283994
17,1200,0.3,random,et_full,16,air_temp_mean,0.6145016944616719
17,1200,0.3,random,et_full,17,dew_point_temp,0.5702899406404032
17,1200,0.3,random,et_full,18,annual_precip,0.5958910249198079
17,1200,0.3,random,et_full,19,max_monthly_precip,0.562529485734323
17,1200,0.3,random,et_full,20,soil_moisture,0.2837702925488609
17,1200,0.3,random,et_full,21,annual_runoff,0.5815772123943801
17,1200,0.3,random,et_full,22,annual_et,0.6068918597980528
17,1200,0.3,random,et_full,23,impervious_surface,-0.025024588745445886
17,1200,0.3,random,et_full,24,nighttime_lights,0.05117067555419752
17,1200,0.3,random,et_full,25,population_density,0.04666420835347673
17,1200,0.3,spatial,rf_baseline,0,elevation,0.48023926298404607
17,1200,0.3,spatial,rf_baseline,1,slope,-0.05501698705777769
17,1200,0.3,spatial,rf_baseline,2,aspect,0.16263767531224438
17,1200,0.3,spatial,rf_baseline,3,flow_accumulation,0.11256834258852133
17,1200,0.3,spatial,rf_baseline,4,clay_fraction,0.6638655414101966
17,1200,0.3,spatial,rf_baseline,5,organic_carbon,0.1855204825367609
17,1200,0.3,spatial,rf_baseline,6,soil_ph,0.37691438105276753
17,1200,0.3,spatial,rf_baseline,7,water_capacity,0.26160050739856633
17,1200,0.3,spatial,rf_baseline,8,ndvi_mean,0.8484396018945
17,1200,0.3,spatial,rf_baseline,9,ndvi_max,0.8029278760495866
17,1200,0.3,spatial,rf_baseline,10,evi_mean,0.5491881907369109
17,1200,0.3,spatial,rf_baseline,11,lai_mean,0.17863663284924192
17,1200,0.3,spatial,rf_baseline,12,tree_cover,0.5803347057096289
17,1200,0.3,spatial,rf_baseline,13,albedo,0.4569188311076938
17,1200,0.3,spatial,rf_baseline,14,lst_daytime,0.5451031275719134
17,1200,0.3,spatial,rf_baseline,15,lst_nighttime,0.561830416094293
17,1200,0.3,spatial,rf_baseline,16,air_temp_mean,0.5794105760044193
17,1200,0.3,spatial,rf_baseline,17,dew_point_temp,0.5518339361778428
17,1200,0.3,spatial,rf_baseline,18,annual_precip,0.6011636366685599
17,1200,0.3,spatial,rf_baseline,19,max_monthly_precip,0.572816198621815
17,1200,0.3,spatial,rf_baseline,20,soil_moisture,0.1910557194668584
17,1200,0.3,spatial,rf_baseline,21,annual_runoff,0.6147352232747251
17,1200,0.3,spatial,rf_baseline,22,annual_et,0.5697172243968669
17,1200,0.3,spatial,rf_baseline,23,impervious_surface,-0.0752319232685299
17,1200,0.3,spatial,rf_baseline,24,nighttime_lights,-0.05362655600691246
17,1200,0.3,spatial,rf_baseline,25,population_density,-0.10990868334186543
17,1200,0.3,spatial,et_full,0,elevation,0.5005628308224909
17,1200,0.3,spatial,et_full,1,slope,-0.0314093469680059
17,1200,0.3,spatial,et_full,2,aspect,0.14944463254404428
17,1200,0.3,spatial,et_full,3,flow_accumulation,0.16246763721606117
17,1200,0.3,spatial,et_full,4,clay_fraction,0.6944159343003434
17,1200,0.3,spatial,et_full,5,organic_carbon,0.21923658188916706
17,1200,0.3,spatial,et_full,6,soil_ph,0.4326136227953904
17,1200,0.3,spatial,et_full,7,water_capacity,0.28787227035859075
17,1200,0.3,spatial,et_full,8,ndvi_mean,0.8640749614985648
17,1200,0.3,spatial,et_full,9,ndvi_max,0.814204586325437
17,1200,0.3,spatial,et_full,10,evi_mean,0.5532025570101382
17,1200,0.3,spatial,et_full,11,lai_mean,0.20476924153166476
17,1200,0.3,spatial,et_full,12,tree_cover,0.6071790191783453
17,1200,0.3,spatial,et_full,13,albedo,0.45159133648134187
17,1200,0.3,spatial,et_full,14,lst_daytime,0.5616752321333323
17,1200,0.3,spatial,et_full,15,lst_nighttime,0.5738903193223667
17,1200,0.3,spatial,et_full,16,air_temp_mean,0.5852104837520629
17,1200,0.3,spatial,et_full,17,dew_point_temp,0.5766579986938007
17,1200,0.3,spatial,et_full,18,annual_precip,0.6221189966132507
17,1200,0.3,spatial,et_full,19,max_monthly_precip,0.6066556259620071
17,1200,0.3,spatial,et_full,20,soil_moisture,0.2030486476339216
17,1200,0.3,spatial,et_full,21,annual_runoff,0.619268186310217
17,1200,0.3,spatial,et_full,22,annual_et,0.569951541108294
17,1200,0.3,spatial,et_full,23,impervious_surface,-0.028879584740028053
17,1200,0.3,spatial,et_full,24,nighttime_lights,0.0023818310599771353
17,1200,0.3,spatial,et_full,25,population_density,-0.04084776394680256
18,1200,0.3,random,rf_baseline,0,elevation,0.5599589751924464
18,1200,0.3,random,rf_baseline,1,slope,0.20143540426060047
18,1200,0.3,random,rf_baseline,2,aspect,0.4257829978409112
18,1200,0.3,random,rf_baseline,3,flow_accumulation,0.5648756589286172
18,1200,0.3,random,rf_baseline,4,clay_fraction,0.5002749190519398
18,1200,0.3,random,rf_baseline,5,organic_carbon,0.03684293661885141
18,1200,0.3,random,rf_baseline,6,soil_ph,0.644496356433893
18,1200,0.3,random,rf_baseline,7,water_capacity,0.3523126175498925
18,1200,0.3,random,rf_baseline,8,ndvi_mean,0.5512121442254214
18,1200,0.3,random,rf_baseline,9,ndvi_max,0.48172680670137447
18,1200,0.3,random,rf_baseline,10,evi_mean,0.45846699489501785
18,1200,0.3,random,rf_baseline,11,lai_mean,0.09674778030315312
18,1200,0.3,random,rf_baseline,12,tree_cover,0.23188379137388093
18,1200,0.3,random,rf_baseline,13,albedo,0.1103421119909399
18,1200,0.3,random,rf_baseline,14,lst_daytime,0.8720556383691138
18,1200,0.3,random,rf_baseline,15,lst_nighttime,0.811848049162171
18,1200,0.3,random,rf_baseline,16,air_temp_mean,0.8500805063821193
18,1200,0.3,random,rf_baseline,17,dew_point_temp,0.7874251815293547
18,1200,0.3,random,rf_baseline,18,annual_precip,0.7356857239848147
18,1200,0.3,random,rf_baseline,19,max_monthly_precip,0.6447144727690843
18,1200,0.3,random,rf_baseline,20,soil_moisture,0.7234504601743335
18,1200,0.3,random,rf_baseline,21,annual_runoff,0.8133977312930034
18,1200,0.3,random,rf_baseline,22,annual_et,0.7634374401860428
18,1200,0.3,random,rf_baseline,23,impervious_surface,0.6833045932317816
18,1200,0.3,random,rf_baseline,24,nighttime_lights,0.568893748358601
18,1200,0.3,random,rf_baseline,25,population_density,0.6788202569744697
18,1200,0.3,random,et_random_thresholds,0,elevation,0.5536450559721512
18,1200,0.3,random,et_random_thresholds,1,slope,0.1987135638723475
18,1200,0.3,random,et_random_thresholds,2,aspect,0.42547700709556213
18,1200,0.3,random,et_random_thresholds,3,flow_accumulation,0.5861644833288965
18,1200,0.3,random,et_random_thresholds,4,clay_fraction,0.5305191711163428
18,1200,0.3,random,et_random_thresholds,5,organic_carbon,0.02921990173904465
18,1200,0.3,random,et_random_thresholds,6,soil_ph,0.6602473461001428
18,1200,0.3,random,et_random_thresholds,7,water_capacity,0.37096641678191167
18,1200,0.3,random,et_random_thresholds,8,ndvi_mean,0.559046857176404
18,1200,0.3,random,et_random_thresholds,9,ndvi_max,0.5049661386978106
18,1200,0.3,random,et_random_thresholds,10,evi_mean,0.5040840554558506
18,1200,0.3,random,et_random_thresholds,11,lai_mean,0.1492620984879267
18,1200,0.3,random,et_random_thresholds,12,tree_cover,0.19390692964407963
18,1200,0.3,random,et_random_thresholds,13,albedo,0.10380630354158227
18,1200,0.3,random,et_random_thresholds,14,lst_daytime,0.8766716938021589
18,1200,0.3,random,et_random_thresholds,15,lst_nighttime,0.8186155016964043
18,1200,0.3,random,et_random_thresholds,16,air_temp_mean,0.8481065229990001
18,1200,0.3,random,et_random_thresholds,17,dew_point_temp,0.7907479675319221
18,1200,0.3,random,et_random_thresholds,18,annual_precip,0.7456962310640133
18,1200,0.3,random,et_random_thresholds,19,max_monthly_precip,0.648680521114271
18,1200,0.3,random,et_random_thresholds,20,soil_moisture,0.7404105275694972
18,1200,0.3,random,et_random_thresholds,21,annual_runoff,0.8146432150612928
18,1200,0.3,random,et_random_thresholds,22,annual_et,0.7710190326810159
18,1200,0.3,random,et_random_thresholds,23,impervious_surface,0.742146801417519
18,1200,0.3,random,et_random_thresholds,24,nighttime_lights,0.5951296659937387
18,1200,0.3,random,et_random_thresholds,25,population_density,0.7116319901710497
18,1200,0.3,random,et_more_trees,0,elevation,0.5545582335486643
18,1200,0.3,random,et_more_trees,1,slope,0.20709779152089625
18,1200,0.3,random,et_more_trees,2,aspect,0.4404513302178973
18,1200,0.3,random,et_more_trees,3,flow_accumulation,0.5869894065958454
18,1200,0.3,random,et_more_trees,4,clay_fraction,0.5293149423321137
18,1200,0.3,random,et_more_trees,5,organic_carbon,0.04698628754769463
18,1200,0.3,random,et_more_trees,6,soil_ph,0.6641973091612492
18,1200,0.3,random,et_more_trees,7,water_capacity,0.3723596089693685
18,1200,0.3,random,et_more_trees,8,ndvi_mean,0.5675533083779762
18,1200,0.3,random,et_more_trees,9,ndvi_max,0.5143583180187461
18,1200,0.3,random,et_more_trees,10,evi_mean,0.5032117417133306
18,1200,0.3,random,et_more_trees,11,lai_mean,0.1661195440761596
18,1200,0.3,random,et_more_trees,12,tree_cover,0.22835887904239205
18,1200,0.3,random,et_more_trees,13,albedo,0.12236320704789883
18,1200,0.3,random,et_more_trees,14,lst_daytime,0.8790003117074794
18,1200,0.3,random,et_more_trees,15,lst_nighttime,0.8198217710743243
18,1200,0.3,random,et_more_trees,16,air_temp_mean,0.8547018835700727
18,1200,0.3,random,et_more_trees,17,dew_point_temp,0.7948844934623714
18,1200,0.3,random,et_more_trees,18,annual_precip,0.7473043205617607
18,1200,0.3,random,et_more_trees,19,max_monthly_precip,0.6552085310576554
18,1200,0.3,random,et_more_trees,20,soil_moisture,0.74397104291993
18,1200,0.3,random,et_more_trees,21,annual_runoff,0.816028316478433
18,1200,0.3,random,et_more_trees,22,annual_et,0.7652736769017514
18,1200,0.3,random,et_more_trees,23,impervious_surface,0.7451210651788744
18,1200,0.3,random,et_more_trees,24,nighttime_lights,0.6155773764313017
18,1200,0.3,random,et_more_trees,25,population_density,0.7070801404439295
18,1200,0.3,random,et_feature_subsample,0,elevation,0.5533535853625886
18,1200,0.3,random,et_feature_subsample,1,slope,0.23332785346598106
18,1200,0.3,random,et_feature_subsample,2,aspect,0.4478553566450517
18,1200,0.3,random,et_feature_subsample,3,flow_accumulation,0.5658837124366952
18,1200,0.3,random,et_feature_subsample,4,clay_fraction,0.5231949190870984
18,1200,0.3,random,et_feature_subsample,5,organic_carbon,0.03235644171555474
18,1200,0.3,random,et_feature_subsample,6,soil_ph,0.6467145757379874
18,1200,0.3,random,et_feature_subsample,7,water_capacity,0.3491987487255317
18,1200,0.3,random,et_feature_subsample,8,ndvi_mean,0.5724468902745175
18,1200,0.3,random,et_feature_subsample,9,ndvi_max,0.5024848095174251
18,1200,0.3,random,et_feature_subsample,10,evi_mean,0.47210520509634835
18,1200,0.3,random,et_feature_subsample,11,lai_mean,0.151296857751971
18,1200,0.3,random,et_feature_subsample,12,tree_cover,0.2326575876456245
18,1200,0.3,random,et_feature_subsample,13,albedo,0.1149893505223668
18,1200,0.3,random,et_feature_subsample,14,lst_daytime,0.8838798279060379
18,1200,0.3,random,et_feature_subsample,15,lst_nighttime,0.8187915051000761
18,1200,0.3,random,et_feature_subsample,16,air_temp_mean,0.8559006133638766
18,1200,0.3,random,et_feature_subsample,17,dew_point_temp,0.7988640705187902
18,1200,0.3,random,et_feature_subsample,18,annual_precip,0.7486699970818327
18,1200,0.3,random,et_feature_subsample,19,max_monthly_precip,0.6628780980678742
18,1200,0.3,random,et_feature_subsample,20,soil_moisture,0.7462933157088452
18,1200,0.3,random,et_feature_subsample,21,annual_runoff,0.8177422716836327
18,1200,0.3,random,et_feature_subsample,22,annual_et,0.7753814397482448
18,1200,0.3,random,et_feature_subsample,23,impervious_surface,0.7535813512302628
18,1200,0.3,random,et_feature_subsample,24,nighttime_lights,0.6177479257013833
18,1200,0.3,random,et_feature_subsample,25,population_density,0.7128627906288024
18,1200,0.3,random,et_full,0,elevation,0.5665381796321426
18,1200,0.3,random,et_full,1,slope,0.24133517131577475
18,1200,0.3,random,et_full,2,aspect,0.4386438916926203
18,1200,0.3,random,et_full,3,flow_accumulation,0.5739699043905531
18,1200,0.3,random,et_full,4,clay_fraction,0.5252138648743891
18,1200,0.3,random,et_full,5,organic_carbon,0.04628210206526062
18,1200,0.3,random,et_full,6,soil_ph,0.6533102475414495
18,1200,0.3,random,et_full,7,water_capacity,0.35772789392780735
18,1200,0.3,random,et_full,8,ndvi_mean,0.5750019568486965
18,1200,0.3,random,et_full,9,ndvi_max,0.5185457662903236
18,1200,0.3,random,et_full,10,evi_mean,0.47591962388739995
18,1200,0.3,random,et_full,11,lai_mean,0.16929903675869762
18,1200,0.3,random,et_full,12,tree_cover,0.2391250152522837
18,1200,0.3,random,et_full,13,albedo,0.13553353247503275
18,1200,0.3,random,et_full,14,lst_daytime,0.8871029641851855
18,1200,0.3,random,et_full,15,lst_nighttime,0.8223571613821075
18,1200,0.3,random,et_full,16,air_temp_mean,0.8586010624088414
18,1200,0.3,random,et_full,17,dew_point_temp,0.8012280095791454
18,1200,0.3,random,et_full,18,annual_precip,0.7565941032965979
18,1200,0.3,random,et_full,19,max_monthly_precip,0.6629174029862905
18,1200,0.3,random,et_full,20,soil_moisture,0.7446227427607857
18,1200,0.3,random,et_full,21,annual_runoff,0.8194613816948509
18,1200,0.3,random,et_full,22,annual_et,0.7814558341285407
18,1200,0.3,random,et_full,23,impervious_surface,0.7551590137655979
18,1200,0.3,random,et_full,24,nighttime_lights,0.6122695600703854
18,1200,0.3,random,et_full,25,population_density,0.7130132280277486
18,1200,0.3,spatial,rf_baseline,0,elevation,0.42941769674641095
18,1200,0.3,spatial,rf_baseline,1,slope,0.2327960393147438
18,1200,0.3,spatial,rf_baseline,2,aspect,0.35960419180788883
18,1200,0.3,spatial,rf_baseline,3,flow_accumulation,0.5446093079147339
18,1200,0.3,spatial,rf_baseline,4,clay_fraction,0.5178502106129673
18,1200,0.3,spatial,rf_baseline,5,organic_carbon,0.2380365631926935
18,1200,0.3,spatial,rf_baseline,6,soil_ph,0.5601567382622558
18,1200,0.3,spatial,rf_baseline,7,water_capacity,0.43584299670480664
18,1200,0.3,spatial,rf_baseline,8,ndvi_mean,0.6173231310815711
18,1200,0.3,spatial,rf_baseline,9,ndvi_max,0.5593781251705642
18,1200,0.3,spatial,rf_baseline,10,evi_mean,0.5161367956320828
18,1200,0.3,spatial,rf_baseline,11,lai_mean,0.16516822741666604
18,1200,0.3,spatial,rf_baseline,12,tree_cover,0.2742911337308833
18,1200,0.3,spatial,rf_baseline,13,albedo,0.07396102516247216
18,1200,0.3,spatial,rf_baseline,14,lst_daytime,0.9011795565504994
18,1200,0.3,spatial,rf_baseline,15,lst_nighttime,0.8527336068468612
18,1200,0.3,spatial,rf_baseline,16,air_temp_mean,0.8622969719754883
18,1200,0.3,spatial,rf_baseline,17,dew_point_temp,0.7939453860482664
18,1200,0.3,spatial,rf_baseline,18,annual_precip,0.7308307615640041
18,1200,0.3,spatial,rf_baseline,19,max_monthly_precip,0.6338838606906317
18,1200,0.3,spatial,rf_baseline,20,soil_moisture,0.7659003232364978
18,1200,0.3,spatial,rf_baseline,21,annual_runoff,0.8066699591554929
18,1200,0.3,spatial,rf_baseline,22,annual_et,0.8011443264912181
18,1200,0.3,spatial,rf_baseline,23,impervious_surface,0.7997191992303425
18,1200,0.3,spatial,rf_baseline,24,nighttime_lights,0.6484565062552105
18,1200,0.3,spatial,rf_baseline,25,population_density,0.7323449184916321
18,1200,0.3,spatial,et_full,0,elevation,0.46029721153077574
18,1200,0.3,spatial,et_full,1,slope,0.2272067896213582
18,1200,0.3,spatial,et_full,2,aspect,0.36059515846149093
18,1200,0.3,spatial,et_full,3,flow_accumulation,0.5600565106118023
18,1200,0.3,spatial,et_full,4,clay_fraction,0.5276507967529394
18,1200,0.3,spatial,et_full,5,organic_carbon,0.19972700530887644
18,1200,0.3,spatial,et_full,6,soil_ph,0.5913558973022847
18,1200,0.3,spatial,et_full,7,water_capacity,0.44710603679056504
18,1200,0.3,spatial,et_full,8,ndvi_mean,0.6224214152925559
18,1200,0.3,spatial,et_full,9,ndvi_max,0.569236700339761
18,1200,0.3,spatial,et_full,10,evi_mean,0.5373362020675855
18,1200,0.3,spatial,et_full,11,lai_mean,0.18344270334324286
18,1200,0.3,spatial,et_full,12,tree_cover,0.2723741218830502
18,1200,0.3,spatial,et_full,13,albedo,0.11423523358472754
18,1200,0.3,spatial,et_full,14,lst_daytime,0.9083277891777419
18,1200,0.3,spatial,et_full,15,lst_nighttime,0.8572615057923669
18,1200,0.3,spatial,et_full,16,air_temp_mean,0.8797889696349049
18,1200,0.3,spatial,et_full,17,dew_point_temp,0.8095373565021687
18,1200,0.3,spatial,et_full,18,annual_precip,0.729375447631827
18,1200,0.3,spatial,et_full,19,max_monthly_precip,0.6821660803882004
18,1200,0.3,spatial,et_full,20,soil_moisture,0.7821324422055481
18,1200,0.3,spatial,et_full,21,annual_runoff,0.817614290999883
18,1200,0.3,spatial,et_full,22,annual_et,0.8095213622490276
18,1200,0.3,spatial,et_full,23,impervious_surface,0.8219507610033856
18,1200,0.3,spatial,et_full,24,nighttime_lights,0.6773112357017081
18,1200,0.3,spatial,et_full,25,population_density,0.7577438403204347
19,1200,0.3,random,rf_baseline,0,elevation,0.3539788962321959
19,1200,0.3,random,rf_baseline,1,slope,-0.04601963841688317
19,1200,0.3,random,rf_baseline,2,aspect,0.3741038938233595
19,1200,0.3,random,rf_baseline,3,flow_accumulation,0.4160894294874824
19,1200,0.3,random,rf_baseline,4,clay_fraction,0.526212613663272
19,1200,0.3,random,rf_baseline,5,organic_carbon,0.5009740218002309
19,1200,0.3,random,rf_baseline,6,soil_ph,0.20706782358284603
19,1200,0.3,random,rf_baseline,7,water_capacity,0.8506744418700247
19,1200,0.3,random,rf_baseline,8,ndvi_mean,0.7050971767912924
19,1200,0.3,random,rf_baseline,9,ndvi_max,0.6990177717574966
19,1200,0.3,random,rf_baseline,10,evi_mean,0.564306700901991
19,1200,0.3,random,rf_baseline,11,lai_mean,0.4131766325914449
19,1200,0.3,random,rf_baseline,12,tree_cover,0.23594564571495125
19,1200,0.3,random,rf_baseline,13,albedo,0.07911029428153293
19,1200,0.3,random,rf_baseline,14,lst_daytime,0.8497068102545626
19,1200,0.3,random,rf_baseline,15,lst_nighttime,0.8342615327277936
19,1200,0.3,random,rf_baseline,16,air_temp_mean,0.832652779574714
19,1200,0.3,random,rf_baseline,17,dew_point_temp,0.7994691508976361
19,1200,0.3,random,rf_baseline,18,annual_precip,0.3745761425749984
19,1200,0.3,random,rf_baseline,19,max_monthly_precip,0.3488802008784633
19,1200,0.3,random,rf_baseline,20,soil_moisture,0.38483408944037534
19,1200,0.3,random,rf_baseline,21,annual_runoff,0.38976037037357814
19,1200,0.3,random,rf_baseline,22,annual_et,0.759154775050938
19,1200,0.3,random,rf_baseline,23,impervious_surface,0.6777892630689051
19,1200,0.3,random,rf_baseline,24,nighttime_lights,0.7950070751446118
19,1200,0.3,random,rf_baseline,25,population_density,0.8865828321275321
19,1200,0.3,random,et_random_thresholds,0,elevation,0.3585160379066319
19,1200,0.3,random,et_random_thresholds,1,slope,-0.08280779653232195
19,1200,0.3,random,et_random_thresholds,2,aspect,0.4024928895557752
19,1200,0.3,random,et_random_thresholds,3,flow_accumulation,0.48236564819512495
19,1200,0.3,random,et_random_thresholds,4,clay_fraction,0.5366786903408494
19,1200,0.3,random,et_random_thresholds,5,organic_carbon,0.5146941644048761
19,1200,0.3,random,et_random_thresholds,6,soil_ph,0.22135244539412757
19,1200,0.3,random,et_random_thresholds,7,water_capacity,0.8565188668269857
19,1200,0.3,random,et_random_thresholds,8,ndvi_mean,0.7140330600382563
19,1200,0.3,random,et_random_thresholds,9,ndvi_max,0.7006222648326383
19,1200,0.3,random,et_random_thresholds,10,evi_mean,0.5811317693197559
19,1200,0.3,random,et_random_thresholds,11,lai_mean,0.41670235389878096
19,1200,0.3,random,et_random_thresholds,12,tree_cover,0.24320790295101413
19,1200,0.3,random,et_random_thresholds,13,albedo,0.08175287116628616
19,1200,0.3,random,et_random_thresholds,14,lst_daytime,0.8608406736042636
19,1200,0.3,random,et_random_thresholds,15,lst_nighttime,0.8441814039278339
19,1200,0.3,random,et_random_thresholds,16,air_temp_mean,0.836805505674926
19,1200,0.3,random,et_random_thresholds,17,dew_point_temp,0.797860942711975
19,1200,0.3,random,et_random_thresholds,18,annual_precip,0.40141527226312745
19,1200,0.3,random,et_random_thresholds,19,max_monthly_precip,0.3631282298178462
19,1200,0.3,random,et_random_thresholds,20,soil_moisture,0.3635745134497824
19,1200,0.3,random,et_random_thresholds,21,annual_runoff,0.41044348828667754
19,1200,0.3,random,et_random_thresholds,22,annual_et,0.771493870422343
19,1200,0.3,random,et_random_thresholds,23,impervious_surface,0.707453885390652
19,1200,0.3,random,et_random_thresholds,24,nighttime_lights,0.8106216648364439
19,1200,0.3,random,et_random_thresholds,25,population_density,0.897259265036022
19,1200,0.3,random,et_more_trees,0,elevation,0.3638018029893204
19,1200,0.3,random,et_more_trees,1,slope,-0.057081246154291554
19,1200,0.3,random,et_more_trees,2,aspect,0.40166293711394974
19,1200,0.3,random,et_more_trees,3,flow_accumulation,0.47978677172534445
19,1200,0.3,random,et_more_trees,4,clay_fraction,0.5370961415600292
19,1200,0.3,random,et_more_trees,5,organic_carbon,0.5150907319817404
19,1200,0.3,random,et_more_trees,6,soil_ph,0.23823597450015654
19,1200,0.3,random,et_more_trees,7,water_capacity,0.8600129919659621
19,1200,0.3,random,et_more_trees,8,ndvi_mean,0.7204941849578219
19,1200,0.3,random,et_more_trees,9,ndvi_max,0.7062079508506782
19,1200,0.3,random,et_more_trees,10,evi_mean,0.5815362066900047
19,1200,0.3,random,et_more_trees,11,lai_mean,0.42660188914384634
19,1200,0.3,random,et_more_trees,12,tree_cover,0.2516175402665305
19,1200,0.3,random,et_more_trees,13,albedo,0.08704705888628761
19,1200,0.3,random,et_more_trees,14,lst_daytime,0.8614886984597211
19,1200,0.3,random,et_more_trees,15,lst_nighttime,0.8430367842867649
19,1200,0.3,random,et_more_trees,16,air_temp_mean,0.8407961766270484
19,1200,0.3,random,et_more_trees,17,dew_point_temp,0.7966898209197744
19,1200,0.3,random,et_more_trees,18,annual_precip,0.39557730690870274
19,1200,0.3,random,et_more_trees,19,max_monthly_precip,0.37092552852980054
19,1200,0.3,random,et_more_trees,20,soil_moisture,0.36519274630512033
19,1200,0.3,random,et_more_trees,21,annual_runoff,0.4241172949752251
19,1200,0.3,random,et_more_trees,22,annual_et,0.7754163708602617
19,1200,0.3,random,et_more_trees,23,impervious_surface,0.706391376630044
19,1200,0.3,random,et_more_trees,24,nighttime_lights,0.8086388746834773
19,1200,0.3,random,et_more_trees,25,population_density,0.8995841868830037
19,1200,0.3,random,et_feature_subsample,0,elevation,0.3222462456480213
19,1200,0.3,random,et_feature_subsample,1,slope,-0.04217740889369814
19,1200,0.3,random,et_feature_subsample,2,aspect,0.3887189865954943
19,1200,0.3,random,et_feature_subsample,3,flow_accumulation,0.4359910542517652
19,1200,0.3,random,et_feature_subsample,4,clay_fraction,0.5296336306949627
19,1200,0.3,random,et_feature_subsample,5,organic_carbon,0.5237096485017986
19,1200,0.3,random,et_feature_subsample,6,soil_ph,0.21248089663349612
19,1200,0.3,random,et_feature_subsample,7,water_capacity,0.8503154306209704
19,1200,0.3,random,et_feature_subsample,8,ndvi_mean,0.707286827600664
19,1200,0.3,random,et_feature_subsample,9,ndvi_max,0.7060204970322151
19,1200,0.3,random,et_feature_subsample,10,evi_mean,0.5644988736547705
19,1200,0.3,random,et_feature_subsample,11,lai_mean,0.4389045179546279
19,1200,0.3,random,et_feature_subsample,12,tree_cover,0.24502644227908466
19,1200,0.3,random,et_feature_subsample,13,albedo,0.07905112243612011
19,1200,0.3,random,et_feature_subsample,14,lst_daytime,0.8639004951536278
19,1200,0.3,random,et_feature_subsample,15,lst_nighttime,0.8416724551339072
19,1200,0.3,random,et_feature_subsample,16,air_temp_mean,0.8400277855855298
19,1200,0.3,random,et_feature_subsample,17,dew_point_temp,0.7962918450783723
19,1200,0.3,random,et_feature_subsample,18,annual_precip,0.38976696932681676
19,1200,0.3,random,et_feature_subsample,19,max_monthly_precip,0.32710019360675624
19,1200,0.3,random,et_feature_subsample,20,soil_moisture,0.3673916444790575
19,1200,0.3,random,et_feature_subsample,21,annual_runoff,0.41302638836972294
19,1200,0.3,random,et_feature_subsample,22,annual_et,0.773518375116636
19,1200,0.3,random,et_feature_subsample,23,impervious_surface,0.716205414809433
19,1200,0.3,random,et_feature_subsample,24,nighttime_lights,0.8091214203511263
19,1200,0.3,random,et_feature_subsample,25,population_density,0.9019798757627723
19,1200,0.3,random,et_full,0,elevation,0.33428779043873047
19,1200,0.3,random,et_full,1,slope,-0.03370037106425583
19,1200,0.3,random,et_full,2,aspect,0.39369359195453557
19,1200,0.3,random,et_full,3,flow_accumulation,0.45088971312941617
19,1200,0.3,random,et_full,4,clay_fraction,0.5340827870938183
19,1200,0.3,random,et_full,5,organic_carbon,0.52606816889494
19,1200,0.3,random,et_full,6,soil_ph,0.21670960529808314
19,1200,0.3,random,et_full,7,water_capacity,0.8510057424060669
19,1200,0.3,random,et_full,8,ndvi_mean,0.7176373643608385
19,1200,0.3,random,et_full,9,ndvi_max,0.7104810046259437
19,1200,0.3,random,et_full,10,evi_mean,0.5705327816828787
19,1200,0.3,random,et_full,11,lai_mean,0.43193696107235835
19,1200,0.3,random,et_full,12,tree_cover,0.248180448934179
19,1200,0.3,random,et_full,13,albedo,0.1129436353501424
19,1200,0.3,random,et_full,14,lst_daytime,0.8655095373689973
19,1200,0.3,random,et_full,15,lst_nighttime,0.8455698637927302
19,1200,0.3,random,et_full,16,air_temp_mean,0.8414261639769806
19,1200,0.3,random,et_full,17,dew_point_temp,0.7988689684017077
19,1200,0.3,random,et_full,18,annual_precip,0.4077322396969879
19,1200,0.3,random,et_full,19,max_monthly_precip,0.3522315329918535
19,1200,0.3,random,et_full,20,soil_moisture,0.3758340333510364
19,1200,0.3,random,et_full,21,annual_runoff,0.4244298131192329
19,1200,0.3,random,et_full,22,annual_et,0.7735778368251509
19,1200,0.3,random,et_full,23,impervious_surface,0.7194195646704746
19,1200,0.3,random,et_full,24,nighttime_lights,0.8143349007686365
19,1200,0.3,random,et_full,25,population_density,0.9034890230087533
19,1200,0.3,spatial,rf_baseline,0,elevation,0.11151639011766712
19,1200,0.3,spatial,rf_baseline,1,slope,-0.07508846789490864
19,1200,0.3,spatial,rf_baseline,2,aspect,0.2213535040405693
19,1200,0.3,spatial,rf_baseline,3,flow_accumulation,0.3515340053917845
19,1200,0.3,spatial,rf_baseline,4,clay_fraction,0.4214884143284032
19,1200,0.3,spatial,rf_baseline,5,organic_carbon,0.503303728448451
19,1200,0.3,spatial,rf_baseline,6,soil_ph,0.121061347912777
19,1200,0.3,spatial,rf_baseline,7,water_capacity,0.8145474378608208
19,1200,0.3,spatial,rf_baseline,8,ndvi_mean,0.6605455812148475
19,1200,0.3,spatial,rf_baseline,9,ndvi_max,0.6692419017592168
19,1200,0.3,spatial,rf_baseline,10,evi_mean,0.5071153307617742
19,1200,0.3,spatial,rf_baseline,11,lai_mean,0.4039440247015127
19,1200,0.3,spatial,rf_baseline,12,tree_cover,0.1453667921393642
19,1200,0.3,spatial,rf_baseline,13,albedo,0.1143871141049354
19,1200,0.3,spatial,rf_baseline,14,lst_daytime,0.8611682201710893
19,1200,0.3,spatial,rf_baseline,15,lst_nighttime,0.8387953761122482
19,1200,0.3,spatial,rf_baseline,16,air_temp_mean,0.8308330069310009
19,1200,0.3,spatial,rf_baseline,17,dew_point_temp,0.7878456810879249
19,1200,0.3,spatial,rf_baseline,18,annual_precip,0.2874613788870226
19,1200,0.3,spatial,rf_baseline,19,max_monthly_precip,0.28659111340671006
19,1200,0.3,spatial,rf_baseline,20,soil_moisture,0.3955604793212163
19,1200,0.3,spatial,rf_baseline,21,annual_runoff,0.288488189624739
19,1200,0.3,spatial,rf_baseline,22,annual_et,0.7448369675031777
19,1200,0.3,spatial,rf_baseline,23,impervious_surface,0.6000590052135537
19,1200,0.3,spatial,rf_baseline,24,nighttime_lights,0.6720586968493178
19,1200,0.3,spatial,rf_baseline,25,population_density,0.8574144610337371
19,1200,0.3,spatial,et_full,0,elevation,0.12729263562511262
19,1200,0.3,spatial,et_full,1,slope,-0.055618458470429566
19,1200,0.3,spatial,et_full,2,aspect,0.24111494367003383
19,1200,0.3,spatial,et_full,3,flow_accumulation,0.3855759650132
19,1200,0.3,spatial,et_full,4,clay_fraction,0.46340356329117405
19,1200,0.3,spatial,et_full,5,organic_carbon,0.5342328579262778
19,1200,0.3,spatial,et_full,6,soil_ph,0.1755225012280096
19,1200,0.3,spatial,et_full,7,water_capacity,0.8346090667651599
19,1200,0.3,spatial,et_full,8,ndvi_mean,0.669243250557728
19,1200,0.3,spatial,et_full,9,ndvi_max,0.6813660440468168
19,1200,0.3,spatial,et_full,10,evi_mean,0.5430038244444049
19,1200,0.3,spatial,et_full,11,lai_mean,0.44499577212921737
19,1200,0.3,spatial,et_full,12,tree_cover,0.19621422596685933
19,1200,0.3,spatial,et_full,13,albedo,0.13331279539080942
19,1200,0.3,spatial,et_full,14,lst_daytime,0.8749603995166063
19,1200,0.3,spatial,et_full,15,lst_nighttime,0.8500515399949624
19,1200,0.3,spatial,et_full,16,air_temp_mean,0.8453467782307367
19,1200,0.3,spatial,et_full,17,dew_point_temp,0.7987258300948987
19,1200,0.3,spatial,et_full,18,annual_precip,0.27222348670396246
19,1200,0.3,spatial,et_full,19,max_monthly_precip,0.2962457312851676
19,1200,0.3,spatial,et_full,20,soil_moisture,0.40397339012451994
19,1200,0.3,spatial,et_full,21,annual_runoff,0.3010767341322921
19,1200,0.3,spatial,et_full,22,annual_et,0.7664039484401193
19,1200,0.3,spatial,et_full,23,impervious_surface,0.6186894336422538
19,1200,0.3,spatial,et_full,24,nighttime_lights,0.6960140725123407
19,1200,0.3,spatial,et_full,25,population_density,0.8661456066969745
0,500,0.3,robustness,rf_baseline,0,elevation,-0.01028116524733469
0,500,0.3,robustness,rf_baseline,1,slope,0.2971367153452794
0,500,0.3,robustness,rf_baseline,2,aspect,-0.10628674228119417
0,500,0.3,robustness,rf_baseline,3,flow_accumulation,-0.005850289748874138
0,500,0.3,robustness,rf_baseline,4,clay_fraction,0.39832437177730207
0,500,0.3,robustness,rf_baseline,5,organic_carbon,0.03126718975067411
0,500,0.3,robustness,rf_baseline,6,soil_ph,0.8824806883564376
0,500,0.3,robustness,rf_baseline,7,water_capacity,0.3184909696803915
0,500,0.3,robustness,rf_baseline,8,ndvi_mean,0.5875892942758971
0,500,0.3,robustness,rf_baseline,9,ndvi_max,0.4799765788422401
0,500,0.3,robustness,rf_baseline,10,evi_mean,0.627607108843772
0,500,0.3,robustness,rf_baseline,11,lai_mean,0.7265784983069682
0,500,0.3,robustness,rf_baseline,12,tree_cover,0.18240047077775778
0,500,0.3,robustness,rf_baseline,13,albedo,0.11992408702958801
0,500,0.3,robustness,rf_baseline,14,lst_daytime,0.5066675590193728
0,500,0.3,robustness,rf_baseline,15,lst_nighttime,0.5300732127677588
0,500,0.3,robustness,rf_baseline,16,air_temp_mean,0.5206329912059056
0,500,0.3,robustness,rf_baseline,17,dew_point_temp,0.5291774241011801
0,500,0.3,robustness,rf_baseline,18,annual_precip,0.14011201688567365
0,500,0.3,robustness,rf_baseline,19,max_monthly_precip,0.08544232127734719
0,500,0.3,robustness,rf_baseline,20,soil_moisture,0.21834861127076766
0,500,0.3,robustness,rf_baseline,21,annual_runoff,0.10643356765528056
0,500,0.3,robustness,rf_baseline,22,annual_et,0.509993873263223
0,500,0.3,robustness,rf_baseline,23,impervious_surface,-0.178975704392496
0,500,0.3,robustness,rf_baseline,24,nighttime_lights,-0.07244248682334131
0,500,0.3,robustness,rf_baseline,25,population_density,-0.139956463446669
0,500,0.3,robustness,et_full,0,elevation,0.018469189505931016
0,500,0.3,robustness,et_full,1,slope,0.31586836737778723
0,500,0.3,robustness,et_full,2,aspect,-0.025895377268436492
0,500,0.3,robustness,et_full,3,flow_accumulation,0.016962670485216824
0,500,0.3,robustness,et_full,4,clay_fraction,0.4136223361705872
0,500,0.3,robustness,et_full,5,organic_carbon,0.08084403394103024
0,500,0.3,robustness,et_full,6,soil_ph,0.885958900229886
0,500,0.3,robustness,et_full,7,water_capacity,0.4245255588429169
0,500,0.3,robustness,et_full,8,ndvi_mean,0.6163118834953892
0,500,0.3,robustness,et_full,9,ndvi_max,0.5544623225180796
0,500,0.3,robustness,et_full,10,evi_mean,0.681343989631666
0,500,0.3,robustness,et_full,11,lai_mean,0.7225316795099403
0,500,0.3,robustness,et_full,12,tree_cover,0.2516110091582938
0,500,0.3,robustness,et_full,13,albedo,0.1471330912191775
0,500,0.3,robustness,et_full,14,lst_daytime,0.5797617788580751
0,500,0.3,robustness,et_full,15,lst_nighttime,0.589427604382732
0,500,0.3,robustness,et_full,16,air_temp_mean,0.5825691077700308
0,500,0.3,robustness,et_full,17,dew_point_temp,0.5841623806297274
0,500,0.3,robustness,et_full,18,annual_precip,0.11780400314676587
0,500,0.3,robustness,et_full,19,max_monthly_precip,0.06515607071770169
0,500,0.3,robustness,et_full,20,soil_moisture,0.2444170604083873
0,500,0.3,robustness,et_full,21,annual_runoff,0.1198408559172831
0,500,0.3,robustness,et_full,22,annual_et,0.5686331824338863
0,500,0.3,robustness,et_full,23,impervious_surface,-0.09579178122443821
0,500,0.3,robustness,et_full,24,nighttime_lights,-0.04875905507555278
0,500,0.3,robustness,et_full,25,population_density,-0.04508342225765749
1,500,0.3,robustness,rf_baseline,0,elevation,0.8403595275781224
1,500,0.3,robustness,rf_baseline,1,slope,0.5727371647319186
1,500,0.3,robustness,rf_baseline,2,aspect,0.46265733028615796
1,500,0.3,robustness,rf_baseline,3,flow_accumulation,0.3409114387210149
1,500,0.3,robustness,rf_baseline,4,clay_fraction,0.16274682430029996
1,500,0.3,robustness,rf_baseline,5,organic_carbon,0.09406255845820322
1,500,0.3,robustness,rf_baseline,6,soil_ph,0.10500089214079278
1,500,0.3,robustness,rf_baseline,7,water_capacity,0.6936378531581457
1,500,0.3,robustness,rf_baseline,8,ndvi_mean,0.5834077152899307
1,500,0.3,robustness,rf_baseline,9,ndvi_max,0.4460420266089681
1,500,0.3,robustness,rf_baseline,10,evi_mean,0.49190606022098504
1,500,0.3,robustness,rf_baseline,11,lai_mean,0.7676814959925504
1,500,0.3,robustness,rf_baseline,12,tree_cover,0.6197518825339718
1,500,0.3,robustness,rf_baseline,13,albedo,0.08644901145736106
1,500,0.3,robustness,rf_baseline,14,lst_daytime,0.38319090452618987
1,500,0.3,robustness,rf_baseline,15,lst_nighttime,0.38824947472991345
1,500,0.3,robustness,rf_baseline,16,air_temp_mean,0.42370012620267616
1,500,0.3,robustness,rf_baseline,17,dew_point_temp,0.3829665035347646
1,500,0.3,robustness,rf_baseline,18,annual_precip,0.7371523430151504
1,500,0.3,robustness,rf_baseline,19,max_monthly_precip,0.6821999456032644
1,500,0.3,robustness,rf_baseline,20,soil_moisture,0.17342667959255054
1,500,0.3,robustness,rf_baseline,21,annual_runoff,0.7046089514211211
1,500,0.3,robustness,rf_baseline,22,annual_et,0.3480123602609243
1,500,0.3,robustness,rf_baseline,23,impervious_surface,0.7652189338268519
1,500,0.3,robustness,rf_baseline,24,nighttime_lights,0.8139390199481052
1,500,0.3,robustness,rf_baseline,25,population_density,0.9305170597907737
1,500,0.3,robustness,et_full,0,elevation,0.8507344564387608
1,500,0.3,robustness,et_full,1,slope,0.5727899389305724
1,500,0.3,robustness,et_full,2,aspect,0.5006547397773957
1,500,0.3,robustness,et_full,3,flow_accumulation,0.3573426336436958
1,500,0.3,robustness,et_full,4,clay_fraction,0.20699409715891248
1,500,0.3,robustness,et_full,5,organic_carbon,0.09672174730927519
1,500,0.3,robustness,et_full,6,soil_ph,0.12331339062951086
1,500,0.3,robustness,et_full,7,water_capacity,0.7213749308419137
1,500,0.3,robustness,et_full,8,ndvi_mean,0.614299959543219
1,500,0.3,robustness,et_full,9,ndvi_max,0.5352424880605079
1,500,0.3,robustness,et_full,10,evi_mean,0.5173260741705854
1,500,0.3,robustness,et_full,11,lai_mean,0.776604676768974
1,500,0.3,robustness,et_full,12,tree_cover,0.633604776816207
1,500,0.3,robustness,et_full,13,albedo,0.11659521366004788
1,500,0.3,robustness,et_full,14,lst_daytime,0.37604026885532105
1,500,0.3,robustness,et_full,15,lst_nighttime,0.37297465677660857
1,500,0.3,robustness,et_full,16,air_temp_mean,0.3876057106282772
1,500,0.3,robustness,et_full,17,dew_point_temp,0.3747170397673316
1,500,0.3,robustness,et_full,18,annual_precip,0.7459480584907077
1,500,0.3,robustness,et_full,19,max_monthly_precip,0.7051122774287134
1,500,0.3,robustness,et_full,20,soil_moisture,0.2039120632458089
1,500,0.3,robustness,et_full,21,annual_runoff,0.7120541374746645
1,500,0.3,robustness,et_full,22,annual_et,0.3622088822233518
1,500,0.3,robustness,et_full,23,impervious_surface,0.7937621211022592
1,500,0.3,robustness,et_full,24,nighttime_lights,0.8419340761742318
1,500,0.3,robustness,et_full,25,population_density,0.9285260637735652
2,500,0.3,robustness,rf_baseline,0,elevation,0.09532184349267192
2,500,0.3,robustness,rf_baseline,1,slope,0.33196567623660944
2,500,0.3,robustness,rf_baseline,2,aspect,0.23170109992922872
2,500,0.3,robustness,rf_baseline,3,flow_accumulation,0.04135261279962421
2,500,0.3,robustness,rf_baseline,4,clay_fraction,0.41263911492777994
2,500,0.3,robustness,rf_baseline,5,organic_carbon,0.16108681323212848
2,500,0.3,robustness,rf_baseline,6,soil_ph,0.17835492967107924
2,500,0.3,robustness,rf_baseline,7,water_capacity,0.7159737149488605
2,500,0.3,robustness,rf_baseline,8,ndvi_mean,0.6253441962381676
2,500,0.3,robustness,rf_baseline,9,ndvi_max,0.5633903448628041
2,500,0.3,robustness,rf_baseline,10,evi_mean,0.6772437811174177
2,500,0.3,robustness,rf_baseline,11,lai_mean,0.3839531847970812
2,500,0.3,robustness,rf_baseline,12,tree_cover,0.2801913181272644
2,500,0.3,robustness,rf_baseline,13,albedo,0.8096331822168668
2,500,0.3,robustness,rf_baseline,14,lst_daytime,0.799103749848413
2,500,0.3,robustness,rf_baseline,15,lst_nighttime,0.7883339261603917
2,500,0.3,robustness,rf_baseline,16,air_temp_mean,0.7785643897104898
2,500,0.3,robustness,rf_baseline,17,dew_point_temp,0.7794048129473683
2,500,0.3,robustness,rf_baseline,18,annual_precip,0.2058637019141626
2,500,0.3,robustness,rf_baseline,19,max_monthly_precip,0.1905797723407573
2,500,0.3,robustness,rf_baseline,20,soil_moisture,0.3953113018193022
2,500,0.3,robustness,rf_baseline,21,annual_runoff,0.15801516199470023
2,500,0.3,robustness,rf_baseline,22,annual_et,0.7797255657098257
2,500,0.3,robustness,rf_baseline,23,impervious_surface,-0.09624361105952062
2,500,0.3,robustness,rf_baseline,24,nighttime_lights,0.07782056762245493
2,500,0.3,robustness,rf_baseline,25,population_density,-0.005689157266568268
2,500,0.3,robustness,et_full,0,elevation,0.12235307809097062
2,500,0.3,robustness,et_full,1,slope,0.3552014003463173
2,500,0.3,robustness,et_full,2,aspect,0.3237520408841478
2,500,0.3,robustness,et_full,3,flow_accumulation,0.08073607125190252
2,500,0.3,robustness,et_full,4,clay_fraction,0.40778342637613363
2,500,0.3,robustness,et_full,5,organic_carbon,0.14071774953991323
2,500,0.3,robustness,et_full,6,soil_ph,0.2098092640336915
2,500,0.3,robustness,et_full,7,water_capacity,0.7420279700388368
2,500,0.3,robustness,et_full,8,ndvi_mean,0.6247301940326214
2,500,0.3,robustness,et_full,9,ndvi_max,0.5587804587434283
2,500,0.3,robustness,et_full,10,evi_mean,0.6716715195178489
2,500,0.3,robustness,et_full,11,lai_mean,0.35812545488403846
2,500,0.3,robustness,et_full,12,tree_cover,0.2939315291912262
2,500,0.3,robustness,et_full,13,albedo,0.8300716026142949
2,500,0.3,robustness,et_full,14,lst_daytime,0.8106917710011232
2,500,0.3,robustness,et_full,15,lst_nighttime,0.7909173790990798
2,500,0.3,robustness,et_full,16,air_temp_mean,0.7974439348907347
2,500,0.3,robustness,et_full,17,dew_point_temp,0.7708431953742428
2,500,0.3,robustness,et_full,18,annual_precip,0.2251453553789896
2,500,0.3,robustness,et_full,19,max_monthly_precip,0.18494118852356722
2,500,0.3,robustness,et_full,20,soil_moisture,0.4079522616165395
2,500,0.3,robustness,et_full,21,annual_runoff,0.19520863108051145
2,500,0.3,robustness,et_full,22,annual_et,0.8102733225765777
2,500,0.3,robustness,et_full,23,impervious_surface,-0.008770836170991947
2,500,0.3,robustness,et_full,24,nighttime_lights,0.19703105386479647
2,500,0.3,robustness,et_full,25,population_density,0.048347691585375885
3,500,0.3,robustness,rf_baseline,0,elevation,0.47240943692269544
3,500,0.3,robustness,rf_baseline,1,slope,-0.11725907812619774
3,500,0.3,robustness,rf_baseline,2,aspect,0.6471370998649586
3,500,0.3,robustness,rf_baseline,3,flow_accumulation,0.14151544385570491
3,500,0.3,robustness,rf_baseline,4,clay_fraction,0.36637985259112393
3,500,0.3,robustness,rf_baseline,5,organic_carbon,0.0676538369675812
3,500,0.3,robustness,rf_baseline,6,soil_ph,0.17721572291177556
3,500,0.3,robustness,rf_baseline,7,water_capacity,0.35290194900161775
3,500,0.3,robustness,rf_baseline,8,ndvi_mean,0.6476045838031859
3,500,0.3,robustness,rf_baseline,9,ndvi_max,0.6151577636217971
3,500,0.3,robustness,rf_baseline,10,evi_mean,0.43747510247690513
3,500,0.3,robustness,rf_baseline,11,lai_mean,-0.06585349189686918
3,500,0.3,robustness,rf_baseline,12,tree_cover,0.21015653983457683
3,500,0.3,robustness,rf_baseline,13,albedo,0.2841581895225034
3,500,0.3,robustness,rf_baseline,14,lst_daytime,0.899950719414887
3,500,0.3,robustness,rf_baseline,15,lst_nighttime,0.8585966133502428
3,500,0.3,robustness,rf_baseline,16,air_temp_mean,0.8748794644500653
3,500,0.3,robustness,rf_baseline,17,dew_point_temp,0.839863001847524
3,500,0.3,robustness,rf_baseline,18,annual_precip,0.7255161552807708
3,500,0.3,robustness,rf_baseline,19,max_monthly_precip,0.6871848180803437
3,500,0.3,robustness,rf_baseline,20,soil_moisture,0.4592994474379404
3,500,0.3,robustness,rf_baseline,21,annual_runoff,0.6300240855064074
3,500,0.3,robustness,rf_baseline,22,annual_et,0.8807061177665578
3,500,0.3,robustness,rf_baseline,23,impervious_surface,0.23058422106630694
3,500,0.3,robustness,rf_baseline,24,nighttime_lights,0.4829614027039735
3,500,0.3,robustness,rf_baseline,25,population_density,0.3683589746747201
3,500,0.3,robustness,et_full,0,elevation,0.4609213175558061
3,500,0.3,robustness,et_full,1,slope,-0.019106112731552827
3,500,0.3,robustness,et_full,2,aspect,0.6997292205606743
3,500,0.3,robustness,et_full,3,flow_accumulation,0.1685699932414323
3,500,0.3,robustness,et_full,4,clay_fraction,0.39186891755692543
3,500,0.3,robustness,et_full,5,organic_carbon,0.08485640363041946
3,500,0.3,robustness,et_full,6,soil_ph,0.2015993039377083
3,500,0.3,robustness,et_full,7,water_capacity,0.3617324195341126
3,500,0.3,robustness,et_full,8,ndvi_mean,0.6611436948667039
3,500,0.3,robustness,et_full,9,ndvi_max,0.6688304220232131
3,500,0.3,robustness,et_full,10,evi_mean,0.4336375560576623
3,500,0.3,robustness,et_full,11,lai_mean,0.051663416521638306
3,500,0.3,robustness,et_full,12,tree_cover,0.22907471707629545
3,500,0.3,robustness,et_full,13,albedo,0.3195827704486125
3,500,0.3,robustness,et_full,14,lst_daytime,0.9159407435203663
3,500,0.3,robustness,et_full,15,lst_nighttime,0.8885162372373165
3,500,0.3,robustness,et_full,16,air_temp_mean,0.8957272671530212
3,500,0.3,robustness,et_full,17,dew_point_temp,0.8766053829593959
3,500,0.3,robustness,et_full,18,annual_precip,0.7297237786350871
3,500,0.3,robustness,et_full,19,max_monthly_precip,0.6600629316878134
3,500,0.3,robustness,et_full,20,soil_moisture,0.4203784864151684
3,500,0.3,robustness,et_full,21,annual_runoff,0.6651629079893628
3,500,0.3,robustness,et_full,22,annual_et,0.9024972429015421
3,500,0.3,robustness,et_full,23,impervious_surface,0.20723431868207576
3,500,0.3,robustness,et_full,24,nighttime_lights,0.47459803373541365
3,500,0.3,robustness,et_full,25,population_density,0.42822839631334064
4,500,0.3,robustness,rf_baseline,0,elevation,0.6256972387189359
4,500,0.3,robustness,rf_baseline,1,slope,-0.10487712706315788
4,500,0.3,robustness,rf_baseline,2,aspect,0.5204996909575103
4,500,0.3,robustness,rf_baseline,3,flow_accumulation,0.15904312213671878
4,500,0.3,robustness,rf_baseline,4,clay_fraction,0.45266938782159927
4,500,0.3,robustness,rf_baseline,5,organic_carbon,0.4954759625259253
4,500,0.3,robustness,rf_baseline,6,soil_ph,0.5876582209682989
4,500,0.3,robustness,rf_baseline,7,water_capacity,0.22541969282823415
4,500,0.3,robustness,rf_baseline,8,ndvi_mean,0.6707896595402216
4,500,0.3,robustness,rf_baseline,9,ndvi_max,0.6334222353457041
4,500,0.3,robustness,rf_baseline,10,evi_mean,0.6593489907373048
4,500,0.3,robustness,rf_baseline,11,lai_mean,0.16763677110718833
4,500,0.3,robustness,rf_baseline,12,tree_cover,0.49656613018220197
4,500,0.3,robustness,rf_baseline,13,albedo,0.2102539944814792
4,500,0.3,robustness,rf_baseline,14,lst_daytime,0.7922876331417675
4,500,0.3,robustness,rf_baseline,15,lst_nighttime,0.7886913145811554
4,500,0.3,robustness,rf_baseline,16,air_temp_mean,0.8155115928548434
4,500,0.3,robustness,rf_baseline,17,dew_point_temp,0.8198558931932263
4,500,0.3,robustness,rf_baseline,18,annual_precip,0.8413368167850138
4,500,0.3,robustness,rf_baseline,19,max_monthly_precip,0.7511186390494378
4,500,0.3,robustness,rf_baseline,20,soil_moisture,0.3415264227665742
4,500,0.3,robustness,rf_baseline,21,annual_runoff,0.7435791067867766
4,500,0.3,robustness,rf_baseline,22,annual_et,0.8376011177363235
4,500,0.3,robustness,rf_baseline,23,impervious_surface,-0.13577104694561126
4,500,0.3,robustness,rf_baseline,24,nighttime_lights,0.07296496109525852
4,500,0.3,robustness,rf_baseline,25,population_density,-0.10214899173817016
4,500,0.3,robustness,et_full,0,elevation,0.7077259248640617
4,500,0.3,robustness,et_full,1,slope,-0.09893776955511968
4,500,0.3,robustness,et_full,2,aspect,0.595963951862077
4,500,0.3,robustness,et_full,3,flow_accumulation,0.22267404721013562
4,500,0.3,robustness,et_full,4,clay_fraction,0.4498645356231402
4,500,0.3,robustness,et_full,5,organic_carbon,0.5051407297494401
4,500,0.3,robustness,et_full,6,soil_ph,0.6179660602888783
4,500,0.3,robustness,et_full,7,water_capacity,0.27873603979085915
4,500,0.3,robustness,et_full,8,ndvi_mean,0.6843322398261915
4,500,0.3,robustness,et_full,9,ndvi_max,0.6370948391862166
4,500,0.3,robustness,et_full,10,evi_mean,0.6355600980082815
4,500,0.3,robustness,et_full,11,lai_mean,0.2253599777928733
4,500,0.3,robustness,et_full,12,tree_cover,0.4959072674324657
4,500,0.3,robustness,et_full,13,albedo,0.2201859996579313
4,500,0.3,robustness,et_full,14,lst_daytime,0.8145448823439447
4,500,0.3,robustness,et_full,15,lst_nighttime,0.7978400795039491
4,500,0.3,robustness,et_full,16,air_temp_mean,0.8357645691105977
4,500,0.3,robustness,et_full,17,dew_point_temp,0.8354999271400727
4,500,0.3,robustness,et_full,18,annual_precip,0.8574110932477257
4,500,0.3,robustness,et_full,19,max_monthly_precip,0.7836587163553737
4,500,0.3,robustness,et_full,20,soil_moisture,0.39435315830762296
4,500,0.3,robustness,et_full,21,annual_runoff,0.7866047983960165
4,500,0.3,robustness,et_full,22,annual_et,0.8470489275719044
4,500,0.3,robustness,et_full,23,impervious_surface,0.013190714043995744
4,500,0.3,robustness,et_full,24,nighttime_lights,0.17416802689496702
4,500,0.3,robustness,et_full,25,population_density,0.06053232267373099
5,500,0.3,robustness,rf_baseline,0,elevation,0.3328484986938559
5,500,0.3,robustness,rf_baseline,1,slope,0.26201351810455487
5,500,0.3,robustness,rf_baseline,2,aspect,0.27409504408268637
5,500,0.3,robustness,rf_baseline,3,flow_accumulation,0.19230472544366883
5,500,0.3,robustness,rf_baseline,4,clay_fraction,0.2512842840978752
5,500,0.3,robustness,rf_baseline,5,organic_carbon,-0.12467030029183435
5,500,0.3,robustness,rf_baseline,6,soil_ph,0.8451839501379643
5,500,0.3,robustness,rf_baseline,7,water_capacity,0.24312737549960795
5,500,0.3,robustness,rf_baseline,8,ndvi_mean,0.5860351846928438
5,500,0.3,robustness,rf_baseline,9,ndvi_max,0.6175727172477412
5,500,0.3,robustness,rf_baseline,10,evi_mean,0.3808108966227015
5,500,0.3,robustness,rf_baseline,11,lai_mean,0.24896304885335452
5,500,0.3,robustness,rf_baseline,12,tree_cover,0.3812193022146836
5,500,0.3,robustness,rf_baseline,13,albedo,0.6414410331180481
5,500,0.3,robustness,rf_baseline,14,lst_daytime,0.4523337746343076
5,500,0.3,robustness,rf_baseline,15,lst_nighttime,0.43385391013530816
5,500,0.3,robustness,rf_baseline,16,air_temp_mean,0.47265695076259673
5,500,0.3,robustness,rf_baseline,17,dew_point_temp,0.5005569972398134
5,500,0.3,robustness,rf_baseline,18,annual_precip,0.6088467948612577
5,500,0.3,robustness,rf_baseline,19,max_monthly_precip,0.5594792615181587
5,500,0.3,robustness,rf_baseline,20,soil_moisture,0.26783022006058854
5,500,0.3,robustness,rf_baseline,21,annual_runoff,0.6358786556323053
5,500,0.3,robustness,rf_baseline,22,annual_et,0.4158940915431171
5,500,0.3,robustness,rf_baseline,23,impervious_surface,0.7602206308464428
5,500,0.3,robustness,rf_baseline,24,nighttime_lights,0.5244988536329253
5,500,0.3,robustness,rf_baseline,25,population_density,0.6692985699775504
5,500,0.3,robustness,et_full,0,elevation,0.3429921100633062
5,500,0.3,robustness,et_full,1,slope,0.2607270345553223
5,500,0.3,robustness,et_full,2,aspect,0.3345634973817563
5,500,0.3,robustness,et_full,3,flow_accumulation,0.26694512683356264
5,500,0.3,robustness,et_full,4,clay_fraction,0.23114916229276916
5,500,0.3,robustness,et_full,5,organic_carbon,-0.07578852827542604
5,500,0.3,robustness,et_full,6,soil_ph,0.8516962771213832
5,500,0.3,robustness,et_full,7,water_capacity,0.2100819802065934
5,500,0.3,robustness,et_full,8,ndvi_mean,0.6180132283797753
5,500,0.3,robustness,et_full,9,ndvi_max,0.6118280045349652
5,500,0.3,robustness,et_full,10,evi_mean,0.38306323156608857
5,500,0.3,robustness,et_full,11,lai_mean,0.3302589494288174
5,500,0.3,robustness,et_full,12,tree_cover,0.35862921472131437
5,500,0.3,robustness,et_full,13,albedo,0.6542947375900687
5,500,0.3,robustness,et_full,14,lst_daytime,0.47738614128415946
5,500,0.3,robustness,et_full,15,lst_nighttime,0.49667089255779806
5,500,0.3,robustness,et_full,16,air_temp_mean,0.514534509495397
5,500,0.3,robustness,et_full,17,dew_point_temp,0.5831667957161982
5,500,0.3,robustness,et_full,18,annual_precip,0.6228092446662383
5,500,0.3,robustness,et_full,19,max_monthly_precip,0.6044731904086573
5,500,0.3,robustness,et_full,20,soil_moisture,0.26700322955602707
5,500,0.3,robustness,et_full,21,annual_runoff,0.6690927805176705
5,500,0.3,robustness,et_full,22,annual_et,0.4722135718237678
5,500,0.3,robustness,et_full,23,impervious_surface,0.787683085210016
5,500,0.3,robustness,et_full,24,nighttime_lights,0.5481056276666563
5,500,0.3,robustness,et_full,25,population_density,0.6972602782594415
6,500,0.3,robustness,rf_baseline,0,elevation,0.5379654182403302
6,500,0.3,robustness,rf_baseline,1,slope,-0.04777337803995918
6,500,0.3,robustness,rf_baseline,2,aspect,0.33073513984873404
6,500,0.3,robustness,rf_baseline,3,flow_accumulation,0.07725601711798136
6,500,0.3,robustness,rf_baseline,4,clay_fraction,0.8227472258607267
6,500,0.3,robustness,rf_baseline,5,organic_carbon,0.14451524210811462
6,500,0.3,robustness,rf_baseline,6,soil_ph,0.2590340614171326
6,500,0.3,robustness,rf_baseline,7,water_capacity,0.27076360432366053
6,500,0.3,robustness,rf_baseline,8,ndvi_mean,0.5398301070095797
6,500,0.3,robustness,rf_baseline,9,ndvi_max,0.5193306530381594
6,500,0.3,robustness,rf_baseline,10,evi_mean,0.370827732608616
6,500,0.3,robustness,rf_baseline,11,lai_mean,0.0030581894527186293
6,500,0.3,robustness,rf_baseline,12,tree_cover,0.13555466196739396
6,500,0.3,robustness,rf_baseline,13,albedo,0.8322862084613019
6,500,0.3,robustness,rf_baseline,14,lst_daytime,0.8717636825899038
6,500,0.3,robustness,rf_baseline,15,lst_nighttime,0.8623541194180588
6,500,0.3,robustness,rf_baseline,16,air_temp_mean,0.8700930642111476
6,500,0.3,robustness,rf_baseline,17,dew_point_temp,0.8378630366538804
6,500,0.3,robustness,rf_baseline,18,annual_precip,0.7378055258149381
6,500,0.3,robustness,rf_baseline,19,max_monthly_precip,0.6137016670034072
6,500,0.3,robustness,rf_baseline,20,soil_moisture,0.40458509240034457
6,500,0.3,robustness,rf_baseline,21,annual_runoff,0.6671169056687529
6,500,0.3,robustness,rf_baseline,22,annual_et,0.7960035609197039
6,500,0.3,robustness,rf_baseline,23,impervious_surface,0.5452079174047912
6,500,0.3,robustness,rf_baseline,24,nighttime_lights,0.518456613642853
6,500,0.3,robustness,rf_baseline,25,population_density,0.5498695547824511
6,500,0.3,robustness,et_full,0,elevation,0.568732242606947
6,500,0.3,robustness,et_full,1,slope,-0.023645591749388295
6,500,0.3,robustness,et_full,2,aspect,0.32724297895426535
6,500,0.3,robustness,et_full,3,flow_accumulation,0.16320466077657858
6,500,0.3,robustness,et_full,4,clay_fraction,0.8234365761954662
6,500,0.3,robustness,et_full,5,organic_carbon,0.15249734778234492
6,500,0.3,robustness,et_full,6,soil_ph,0.2834042926743475
6,500,0.3,robustness,et_full,7,water_capacity,0.3350422620522042
6,500,0.3,robustness,et_full,8,ndvi_mean,0.5689550287534011
6,500,0.3,robustness,et_full,9,ndvi_max,0.5310658376677847
6,500,0.3,robustness,et_full,10,evi_mean,0.3992639039860483
6,500,0.3,robustness,et_full,11,lai_mean,0.05985280569386675
6,500,0.3,robustness,et_full,12,tree_cover,0.10969509431010382
6,500,0.3,robustness,et_full,13,albedo,0.8347821604239198
6,500,0.3,robustness,et_full,14,lst_daytime,0.885258696272212
6,500,0.3,robustness,et_full,15,lst_nighttime,0.871841713461305
6,500,0.3,robustness,et_full,16,air_temp_mean,0.887588485327764
6,500,0.3,robustness,et_full,17,dew_point_temp,0.8647665363405774
6,500,0.3,robustness,et_full,18,annual_precip,0.7499623477597698
6,500,0.3,robustness,et_full,19,max_monthly_precip,0.617713593611313
6,500,0.3,robustness,et_full,20,soil_moisture,0.41157081120379535
6,500,0.3,robustness,et_full,21,annual_runoff,0.681847999326004
6,500,0.3,robustness,et_full,22,annual_et,0.8222775013862164
6,500,0.3,robustness,et_full,23,impervious_surface,0.5801040045676082
6,500,0.3,robustness,et_full,24,nighttime_lights,0.5401574067866334
6,500,0.3,robustness,et_full,25,population_density,0.5887356636031322
7,500,0.3,robustness,rf_baseline,0,elevation,0.2977202091440845
7,500,0.3,robustness,rf_baseline,1,slope,-0.11577100321187617
7,500,0.3,robustness,rf_baseline,2,aspect,0.5998895990261426
7,500,0.3,robustness,rf_baseline,3,flow_accumulation,0.14179881861153332
7,500,0.3,robustness,rf_baseline,4,clay_fraction,0.5059033374619851
7,500,0.3,robustness,rf_baseline,5,organic_carbon,0.1172229159655872
7,500,0.3,robustness,rf_baseline,6,soil_ph,0.08538437008127175
7,500,0.3,robustness,rf_baseline,7,water_capacity,0.302250740377881
7,500,0.3,robustness,rf_baseline,8,ndvi_mean,0.4565647569811291
7,500,0.3,robustness,rf_baseline,9,ndvi_max,0.4055913911839396
7,500,0.3,robustness,rf_baseline,10,evi_mean,0.2772678515409692
7,500,0.3,robustness,rf_baseline,11,lai_mean,0.034031005163710826
7,500,0.3,robustness,rf_baseline,12,tree_cover,0.699249335123223
7,500,0.3,robustness,rf_baseline,13,albedo,0.060607427065726194
7,500,0.3,robustness,rf_baseline,14,lst_daytime,0.662594214816111
7,500,0.3,robustness,rf_baseline,15,lst_nighttime,0.6312488325392849
7,500,0.3,robustness,rf_baseline,16,air_temp_mean,0.68750423088769
7,500,0.3,robustness,rf_baseline,17,dew_point_temp,0.6450900628336171
7,500,0.3,robustness,rf_baseline,18,annual_precip,0.3703013130150944
7,500,0.3,robustness,rf_baseline,19,max_monthly_precip,0.3883780894469031
7,500,0.3,robustness,rf_baseline,20,soil_moisture,0.6456363430857832
7,500,0.3,robustness,rf_baseline,21,annual_runoff,0.3416656503739832
7,500,0.3,robustness,rf_baseline,22,annual_et,0.6576184964868523
7,500,0.3,robustness,rf_baseline,23,impervious_surface,0.7212956663302099
7,500,0.3,robustness,rf_baseline,24,nighttime_lights,0.9207835353220613
7,500,0.3,robustness,rf_baseline,25,population_density,0.8577751594345853
7,500,0.3,robustness,et_full,0,elevation,0.30430705504763056
7,500,0.3,robustness,et_full,1,slope,-0.061651853905678955
7,500,0.3,robustness,et_full,2,aspect,0.6066460190735341
7,500,0.3,robustness,et_full,3,flow_accumulation,0.17635208509615252
7,500,0.3,robustness,et_full,4,clay_fraction,0.4928839708584307
7,500,0.3,robustness,et_full,5,organic_carbon,0.1493573987682698
7,500,0.3,robustness,et_full,6,soil_ph,0.14301571781538236
7,500,0.3,robustness,et_full,7,water_capacity,0.29179816745214304
7,500,0.3,robustness,et_full,8,ndvi_mean,0.4988416860856878
7,500,0.3,robustness,et_full,9,ndvi_max,0.48385512198543046
7,500,0.3,robustness,et_full,10,evi_mean,0.3638846349171183
7,500,0.3,robustness,et_full,11,lai_mean,0.11987232908780165
7,500,0.3,robustness,et_full,12,tree_cover,0.7297994649053724
7,500,0.3,robustness,et_full,13,albedo,0.1256182076085266
7,500,0.3,robustness,et_full,14,lst_daytime,0.7045225500490693
7,500,0.3,robustness,et_full,15,lst_nighttime,0.6727654455998717
7,500,0.3,robustness,et_full,16,air_temp_mean,0.6995269735127647
7,500,0.3,robustness,et_full,17,dew_point_temp,0.6490481539054105
7,500,0.3,robustness,et_full,18,annual_precip,0.3592581052664118
7,500,0.3,robustness,et_full,19,max_monthly_precip,0.34203413542974825
7,500,0.3,robustness,et_full,20,soil_moisture,0.6606027525678648
7,500,0.3,robustness,et_full,21,annual_runoff,0.31942650703879805
7,500,0.3,robustness,et_full,22,annual_et,0.7140342044016696
7,500,0.3,robustness,et_full,23,impervious_surface,0.8022278477946161
7,500,0.3,robustness,et_full,24,nighttime_lights,0.9312200812195236
7,500,0.3,robustness,et_full,25,population_density,0.8806869005409612
0,500,0.9,robustness,rf_baseline,0,elevation,-0.01825899418471777
0,500,0.9,robustness,rf_baseline,1,slope,0.26658523770303844
0,500,0.9,robustness,rf_baseline,2,aspect,-0.02694632791489715
0,500,0.9,robustness,rf_baseline,3,flow_accumulation,-0.01431357516068621
0,500,0.9,robustness,rf_baseline,4,clay_fraction,0.3906897939478995
0,500,0.9,robustness,rf_baseline,5,organic_carbon,0.07125399488092199
0,500,0.9,robustness,rf_baseline,6,soil_ph,0.8577307835878052
0,500,0.9,robustness,rf_baseline,7,water_capacity,0.3393282953331468
0,500,0.9,robustness,rf_baseline,8,ndvi_mean,0.598129714245434
0,500,0.9,robustness,rf_baseline,9,ndvi_max,0.4901394310743681
0,500,0.9,robustness,rf_baseline,10,evi_mean,0.6375530236457505
0,500,0.9,robustness,rf_baseline,11,lai_mean,0.6931850070932131
0,500,0.9,robustness,rf_baseline,12,tree_cover,0.2184978578297433
0,500,0.9,robustness,rf_baseline,13,albedo,0.1342333041844388
0,500,0.9,robustness,rf_baseline,14,lst_daytime,0.5407752215998678
0,500,0.9,robustness,rf_baseline,15,lst_nighttime,0.5324035597652683
0,500,0.9,robustness,rf_baseline,16,air_temp_mean,0.5245862989138689
0,500,0.9,robustness,rf_baseline,17,dew_point_temp,0.57129102877294
0,500,0.9,robustness,rf_baseline,18,annual_precip,0.04719523499128986
0,500,0.9,robustness,rf_baseline,19,max_monthly_precip,0.08554757687716963
0,500,0.9,robustness,rf_baseline,20,soil_moisture,0.17089322898803727
0,500,0.9,robustness,rf_baseline,21,annual_runoff,0.11444345982535664
0,500,0.9,robustness,rf_baseline,22,annual_et,0.49475684383558627
0,500,0.9,robustness,rf_baseline,23,impervious_surface,-0.18443510614862957
0,500,0.9,robustness,rf_baseline,24,nighttime_lights,-0.10881423447385363
0,500,0.9,robustness,rf_baseline,25,population_density,-0.1643261133356868
0,500,0.9,robustness,et_full,0,elevation,-0.006070727732847336
0,500,0.9,robustness,et_full,1,slope,0.2902128651925926
0,500,0.9,robustness,et_full,2,aspect,-0.03770226447562264
0,500,0.9,robustness,et_full,3,flow_accumulation,0.0282263872353522
0,500,0.9,robustness,et_full,4,clay_fraction,0.4035295332642316
0,500,0.9,robustness,et_full,5,organic_carbon,0.06648134354056101
0,500,0.9,robustness,et_full,6,soil_ph,0.8671619462765982
0,500,0.9,robustness,et_full,7,water_capacity,0.3674975332791187
0,500,0.9,robustness,et_full,8,ndvi_mean,0.6091399497375617
0,500,0.9,robustness,et_full,9,ndvi_max,0.5272463989977323
0,500,0.9,robustness,et_full,10,evi_mean,0.6637376295631727
0,500,0.9,robustness,et_full,11,lai_mean,0.6956037020112382
0,500,0.9,robustness,et_full,12,tree_cover,0.24270861120627996
0,500,0.9,robustness,et_full,13,albedo,0.13182775443607686
0,500,0.9,robustness,et_full,14,lst_daytime,0.5445647181535105
0,500,0.9,robustness,et_full,15,lst_nighttime,0.5871983262634206
0,500,0.9,robustness,et_full,16,air_temp_mean,0.5552022440964007
0,500,0.9,robustness,et_full,17,dew_point_temp,0.5676676539604626
0,500,0.9,robustness,et_full,18,annual_precip,0.08798197686534459
0,500,0.9,robustness,et_full,19,max_monthly_precip,0.0616297152236398
0,500,0.9,robustness,et_full,20,soil_moisture,0.22360474432292687
0,500,0.9,robustness,et_full,21,annual_runoff,0.11983428131141216
0,500,0.9,robustness,et_full,22,annual_et,0.5400624104350691
0,500,0.9,robustness,et_full,23,impervious_surface,-0.1026884221501263
0,500,0.9,robustness,et_full,24,nighttime_lights,-0.05660459786977867
0,500,0.9,robustness,et_full,25,population_density,-0.0906340886440542
1,500,0.9,robustness,rf_baseline,0,elevation,0.8133906429408155
1,500,0.9,robustness,rf_baseline,1,slope,0.5734614183349662
1,500,0.9,robustness,rf_baseline,2,aspect,0.40814169289041424
1,500,0.9,robustness,rf_baseline,3,flow_accumulation,0.2791999463604603
1,500,0.9,robustness,rf_baseline,4,clay_fraction,0.1780158874964195
1,500,0.9,robustness,rf_baseline,5,organic_carbon,0.13434375276075472
1,500,0.9,robustness,rf_baseline,6,soil_ph,0.12140417602643205
1,500,0.9,robustness,rf_baseline,7,water_capacity,0.691939706130213
1,500,0.9,robustness,rf_baseline,8,ndvi_mean,0.5835621381886213
1,500,0.9,robustness,rf_baseline,9,ndvi_max,0.4793174970191023
1,500,0.9,robustness,rf_baseline,10,evi_mean,0.4718940671499583
1,500,0.9,robustness,rf_baseline,11,lai_mean,0.7450389086615711
1,500,0.9,robustness,rf_baseline,12,tree_cover,0.5853180785114416
1,500,0.9,robustness,rf_baseline,13,albedo,0.11751962690157103
1,500,0.9,robustness,rf_baseline,14,lst_daytime,0.417664626608926
1,500,0.9,robustness,rf_baseline,15,lst_nighttime,0.3661975007060163
1,500,0.9,robustness,rf_baseline,16,air_temp_mean,0.3599095436250562
1,500,0.9,robustness,rf_baseline,17,dew_point_temp,0.40091189779816083
1,500,0.9,robustness,rf_baseline,18,annual_precip,0.7215646440109147
1,500,0.9,robustness,rf_baseline,19,max_monthly_precip,0.6917797078032555
1,500,0.9,robustness,rf_baseline,20,soil_moisture,0.1618099942356741
1,500,0.9,robustness,rf_baseline,21,annual_runoff,0.6620273631551017
1,500,0.9,robustness,rf_baseline,22,annual_et,0.3158063343596744
1,500,0.9,robustness,rf_baseline,23,impervious_surface,0.7764724949443811
1,500,0.9,robustness,rf_baseline,24,nighttime_lights,0.8182748505661013
1,500,0.9,robustness,rf_baseline,25,population_density,0.9080710515849395
1,500,0.9,robustness,et_full,0,elevation,0.8286705818816286
1,500,0.9,robustness,et_full,1,slope,0.5720591622149795
1,500,0.9,robustness,et_full,2,aspect,0.48437061450471985
1,500,0.9,robustness,et_full,3,flow_accumulation,0.36396788553720383
1,500,0.9,robustness,et_full,4,clay_fraction,0.1911717899090596
1,500,0.9,robustness,et_full,5,organic_carbon,0.07631348666731563
1,500,0.9,robustness,et_full,6,soil_ph,0.15824789178711374
1,500,0.9,robustness,et_full,7,water_capacity,0.7205360182060276
1,500,0.9,robustness,et_full,8,ndvi_mean,0.5984867926218029
1,500,0.9,robustness,et_full,9,ndvi_max,0.4940847873920595
1,500,0.9,robustness,et_full,10,evi_mean,0.5161642924501291
1,500,0.9,robustness,et_full,11,lai_mean,0.7668443950828958
1,500,0.9,robustness,et_full,12,tree_cover,0.598607935389554
1,500,0.9,robustness,et_full,13,albedo,0.10543974627546349
1,500,0.9,robustness,et_full,14,lst_daytime,0.3425634027707274
1,500,0.9,robustness,et_full,15,lst_nighttime,0.36238222378740703
1,500,0.9,robustness,et_full,16,air_temp_mean,0.3623066735987249
1,500,0.9,robustness,et_full,17,dew_point_temp,0.3646564960394624
1,500,0.9,robustness,et_full,18,annual_precip,0.734668341610931
1,500,0.9,robustness,et_full,19,max_monthly_precip,0.6987327187503507
1,500,0.9,robustness,et_full,20,soil_moisture,0.20647748034503532
1,500,0.9,robustness,et_full,21,annual_runoff,0.695428657625301
1,500,0.9,robustness,et_full,22,annual_et,0.31682395834887733
1,500,0.9,robustness,et_full,23,impervious_surface,0.7807755680670503
1,500,0.9,robustness,et_full,24,nighttime_lights,0.8404681640218407
1,500,0.9,robustness,et_full,25,population_density,0.911658463217629
2,500,0.9,robustness,rf_baseline,0,elevation,0.05619300456945575
2,500,0.9,robustness,rf_baseline,1,slope,0.32920288721598345
2,500,0.9,robustness,rf_baseline,2,aspect,0.20162595818912976
2,500,0.9,robustness,rf_baseline,3,flow_accumulation,0.10140886841812691
2,500,0.9,robustness,rf_baseline,4,clay_fraction,0.4155761972055184
2,500,0.9,robustness,rf_baseline,5,organic_carbon,0.15290078735520085
2,500,0.9,robustness,rf_baseline,6,soil_ph,0.14299085731468353
2,500,0.9,robustness,rf_baseline,7,water_capacity,0.7143461116990157
2,500,0.9,robustness,rf_baseline,8,ndvi_mean,0.625129962791066
2,500,0.9,robustness,rf_baseline,9,ndvi_max,0.5666782853970806
2,500,0.9,robustness,rf_baseline,10,evi_mean,0.6812517105246718
2,500,0.9,robustness,rf_baseline,11,lai_mean,0.32775247976502075
2,500,0.9,robustness,rf_baseline,12,tree_cover,0.29157618662825047
2,500,0.9,robustness,rf_baseline,13,albedo,0.7856814173600697
2,500,0.9,robustness,rf_baseline,14,lst_daytime,0.7824339964601926
2,500,0.9,robustness,rf_baseline,15,lst_nighttime,0.7838816246202907
2,500,0.9,robustness,rf_baseline,16,air_temp_mean,0.7714537014232378
2,500,0.9,robustness,rf_baseline,17,dew_point_temp,0.7525283511157755
2,500,0.9,robustness,rf_baseline,18,annual_precip,0.2257292487706336
2,500,0.9,robustness,rf_baseline,19,max_monthly_precip,0.17609015798847916
2,500,0.9,robustness,rf_baseline,20,soil_moisture,0.42059645823988123
2,500,0.9,robustness,rf_baseline,21,annual_runoff,0.17141082755092418
2,500,0.9,robustness,rf_baseline,22,annual_et,0.7916181934582974
2,500,0.9,robustness,rf_baseline,23,impervious_surface,-0.050523855472360824
2,500,0.9,robustness,rf_baseline,24,nighttime_lights,0.11550267065740782
2,500,0.9,robustness,rf_baseline,25,population_density,0.02887795108357305
2,500,0.9,robustness,et_full,0,elevation,0.11995931600989262
2,500,0.9,robustness,et_full,1,slope,0.3504956056590748
2,500,0.9,robustness,et_full,2,aspect,0.3094024489956062
2,500,0.9,robustness,et_full,3,flow_accumulation,0.06891500954433372
2,500,0.9,robustness,et_full,4,clay_fraction,0.4251727508329318
2,500,0.9,robustness,et_full,5,organic_carbon,0.1670402825489603
2,500,0.9,robustness,et_full,6,soil_ph,0.18111535365843523
2,500,0.9,robustness,et_full,7,water_capacity,0.7470155191206296
2,500,0.9,robustness,et_full,8,ndvi_mean,0.6152563203492099
2,500,0.9,robustness,et_full,9,ndvi_max,0.5668094507244692
2,500,0.9,robustness,et_full,10,evi_mean,0.6848839913161204
2,500,0.9,robustness,et_full,11,lai_mean,0.3373445002224075
2,500,0.9,robustness,et_full,12,tree_cover,0.27375019670982836
2,500,0.9,robustness,et_full,13,albedo,0.7986034182628166
2,500,0.9,robustness,et_full,14,lst_daytime,0.778859142577602
2,500,0.9,robustness,et_full,15,lst_nighttime,0.7829615654301018
2,500,0.9,robustness,et_full,16,air_temp_mean,0.7789726154809369
2,500,0.9,robustness,et_full,17,dew_point_temp,0.7647700575701091
2,500,0.9,robustness,et_full,18,annual_precip,0.2441008930647801
2,500,0.9,robustness,et_full,19,max_monthly_precip,0.21179318210466824
2,500,0.9,robustness,et_full,20,soil_moisture,0.40617258774775145
2,500,0.9,robustness,et_full,21,annual_runoff,0.15824031375761438
2,500,0.9,robustness,et_full,22,annual_et,0.7988069639129188
2,500,0.9,robustness,et_full,23,impervious_surface,0.0007824110480251223
2,500,0.9,robustness,et_full,24,nighttime_lights,0.12929826231585062
2,500,0.9,robustness,et_full,25,population_density,0.06470151743714236
3,500,0.9,robustness,rf_baseline,0,elevation,0.48299771831056315
3,500,0.9,robustness,rf_baseline,1,slope,-0.12353655670719421
3,500,0.9,robustness,rf_baseline,2,aspect,0.6789581339725131
3,500,0.9,robustness,rf_baseline,3,flow_accumulation,0.1656028767223312
3,500,0.9,robustness,rf_baseline,4,clay_fraction,0.4062364165287341
3,500,0.9,robustness,rf_baseline,5,organic_carbon,0.04337532292080293
3,500,0.9,robustness,rf_baseline,6,soil_ph,0.164015763054842
3,500,0.9,robustness,rf_baseline,7,water_capacity,0.3196562972449747
3,500,0.9,robustness,rf_baseline,8,ndvi_mean,0.6410067299239803
3,500,0.9,robustness,rf_baseline,9,ndvi_max,0.6508488160134562
3,500,0.9,robustness,rf_baseline,10,evi_mean,0.3954706581790385
3,500,0.9,robustness,rf_baseline,11,lai_mean,-0.02264792398577753
3,500,0.9,robustness,rf_baseline,12,tree_cover,0.2125331303628596
3,500,0.9,robustness,rf_baseline,13,albedo,0.2791847948263414
3,500,0.9,robustness,rf_baseline,14,lst_daytime,0.8844128175185766
3,500,0.9,robustness,rf_baseline,15,lst_nighttime,0.8504284605125556
3,500,0.9,robustness,rf_baseline,16,air_temp_mean,0.852947118813622
3,500,0.9,robustness,rf_baseline,17,dew_point_temp,0.8319676175495088
3,500,0.9,robustness,rf_baseline,18,annual_precip,0.7056881649141162
3,500,0.9,robustness,rf_baseline,19,max_monthly_precip,0.6661298109624847
3,500,0.9,robustness,rf_baseline,20,soil_moisture,0.4300049036782949
3,500,0.9,robustness,rf_baseline,21,annual_runoff,0.6429280040552895
3,500,0.9,robustness,rf_baseline,22,annual_et,0.8731274125196276
3,500,0.9,robustness,rf_baseline,23,impervious_surface,0.23156567100814962
3,500,0.9,robustness,rf_baseline,24,nighttime_lights,0.39180277665746677
3,500,0.9,robustness,rf_baseline,25,population_density,0.31303746961964907
3,500,0.9,robustness,et_full,0,elevation,0.4491082431170663
3,500,0.9,robustness,et_full,1,slope,-0.03541077825232852
3,500,0.9,robustness,et_full,2,aspect,0.6934831348248514
3,500,0.9,robustness,et_full,3,flow_accumulation,0.18381802625096777
3,500,0.9,robustness,et_full,4,clay_fraction,0.4080787289980611
3,500,0.9,robustness,et_full,5,organic_carbon,0.07113360948494962
3,500,0.9,robustness,et_full,6,soil_ph,0.20324391353096039
3,500,0.9,robustness,et_full,7,water_capacity,0.3453875340334257
3,500,0.9,robustness,et_full,8,ndvi_mean,0.657602350073877
3,500,0.9,robustness,et_full,9,ndvi_max,0.6553658653455499
3,500,0.9,robustness,et_full,10,evi_mean,0.41812387243555094
3,500,0.9,robustness,et_full,11,lai_mean,0.018171338408528803
3,500,0.9,robustness,et_full,12,tree_cover,0.221923931066642
3,500,0.9,robustness,et_full,13,albedo,0.28579957948001067
3,500,0.9,robustness,et_full,14,lst_daytime,0.9037219303566896
3,500,0.9,robustness,et_full,15,lst_nighttime,0.8831786589428605
3,500,0.9,robustness,et_full,16,air_temp_mean,0.876627264544529
3,500,0.9,robustness,et_full,17,dew_point_temp,0.8626490817976411
3,500,0.9,robustness,et_full,18,annual_precip,0.7394296868964363
3,500,0.9,robustness,et_full,19,max_monthly_precip,0.6580454226410171
3,500,0.9,robustness,et_full,20,soil_moisture,0.43080518080208985
3,500,0.9,robustness,et_full,21,annual_runoff,0.6411076051797462
3,500,0.9,robustness,et_full,22,annual_et,0.8926702196666557
3,500,0.9,robustness,et_full,23,impervious_surface,0.20110101935150604
3,500,0.9,robustness,et_full,24,nighttime_lights,0.4553287094321663
3,500,0.9,robustness,et_full,25,population_density,0.39543301928205754
4,500,0.9,robustness,rf_baseline,0,elevation,0.6306402693444253
4,500,0.9,robustness,rf_baseline,1,slope,-0.03244589982059276
4,500,0.9,robustness,rf_baseline,2,aspect,0.49883294264182154
4,500,0.9,robustness,rf_baseline,3,flow_accumulation,0.10532323125746479
4,500,0.9,robustness,rf_baseline,4,clay_fraction,0.46167007935287685
4,500,0.9,robustness,rf_baseline,5,organic_carbon,0.44010587899434295
4,500,0.9,robustness,rf_baseline,6,soil_ph,0.5489463829183975
4,500,0.9,robustness,rf_baseline,7,water_capacity,0.221063445349015
4,500,0.9,robustness,rf_baseline,8,ndvi_mean,0.6474458942915347
4,500,0.9,robustness,rf_baseline,9,ndvi_max,0.6218504922548941
4,500,0.9,robustness,rf_baseline,10,evi_mean,0.6482970108370962
4,500,0.9,robustness,rf_baseline,11,lai_mean,0.19300033896327407
4,500,0.9,robustness,rf_baseline,12,tree_cover,0.4585221372608522
4,500,0.9,robustness,rf_baseline,13,albedo,0.19849609053652328
4,500,0.9,robustness,rf_baseline,14,lst_daytime,0.8154358434090655
4,500,0.9,robustness,rf_baseline,15,lst_nighttime,0.7825669401390926
4,500,0.9,robustness,rf_baseline,16,air_temp_mean,0.801818382142004
4,500,0.9,robustness,rf_baseline,17,dew_point_temp,0.8241455851869179
4,500,0.9,robustness,rf_baseline,18,annual_precip,0.8288494720478055
4,500,0.9,robustness,rf_baseline,19,max_monthly_precip,0.7401659723626319
4,500,0.9,robustness,rf_baseline,20,soil_moisture,0.36542043462317464
4,500,0.9,robustness,rf_baseline,21,annual_runoff,0.7359306275895243
4,500,0.9,robustness,rf_baseline,22,annual_et,0.8395978807468094
4,500,0.9,robustness,rf_baseline,23,impervious_surface,-0.08665922636603152
4,500,0.9,robustness,rf_baseline,24,nighttime_lights,0.11731913421576134
4,500,0.9,robustness,rf_baseline,25,population_density,0.00531497146239468
4,500,0.9,robustness,et_full,0,elevation,0.6785904764207549
4,500,0.9,robustness,et_full,1,slope,-0.04371501764784491
4,500,0.9,robustness,et_full,2,aspect,0.5542133829541427
4,500,0.9,robustness,et_full,3,flow_accumulation,0.20284644386494288
4,500,0.9,robustness,et_full,4,clay_fraction,0.4619321849722109
4,500,0.9,robustness,et_full,5,organic_carbon,0.511592068553486
4,500,0.9,robustness,et_full,6,soil_ph,0.577412854561737
4,500,0.9,robustness,et_full,7,water_capacity,0.31063484837097943
4,500,0.9,robustness,et_full,8,ndvi_mean,0.6707631804294762
4,500,0.9,robustness,et_full,9,ndvi_max,0.6307494641355724
4,500,0.9,robustness,et_full,10,evi_mean,0.6428845664137463
4,500,0.9,robustness,et_full,11,lai_mean,0.2096039508765386
4,500,0.9,robustness,et_full,12,tree_cover,0.48658783747003775
4,500,0.9,robustness,et_full,13,albedo,0.1762471554008943
4,500,0.9,robustness,et_full,14,lst_daytime,0.8192643034422133
4,500,0.9,robustness,et_full,15,lst_nighttime,0.8070721001713873
4,500,0.9,robustness,et_full,16,air_temp_mean,0.8117644720085817
4,500,0.9,robustness,et_full,17,dew_point_temp,0.830475914888851
4,500,0.9,robustness,et_full,18,annual_precip,0.8403962557412326
4,500,0.9,robustness,et_full,19,max_monthly_precip,0.7637156537993434
4,500,0.9,robustness,et_full,20,soil_moisture,0.36397259371424084
4,500,0.9,robustness,et_full,21,annual_runoff,0.7618372064134995
4,500,0.9,robustness,et_full,22,annual_et,0.8430620215448005
4,500,0.9,robustness,et_full,23,impervious_surface,-0.005782067362319454
4,500,0.9,robustness,et_full,24,nighttime_lights,0.15643558996491058
4,500,0.9,robustness,et_full,25,population_density,0.07055842840951188
5,500,0.9,robustness,rf_baseline,0,elevation,0.2988431647439893
5,500,0.9,robustness,rf_baseline,1,slope,0.20450237307822539
5,500,0.9,robustness,rf_baseline,2,aspect,0.2873603751345565
5,500,0.9,robustness,rf_baseline,3,flow_accumulation,0.2447845048330839
5,500,0.9,robustness,rf_baseline,4,clay_fraction,0.26883212585826055
5,500,0.9,robustness,rf_baseline,5,organic_carbon,-0.1367246107857183
5,500,0.9,robustness,rf_baseline,6,soil_ph,0.8337622312026389
5,500,0.9,robustness,rf_baseline,7,water_capacity,0.19356886156168251
5,500,0.9,robustness,rf_baseline,8,ndvi_mean,0.566598649207368
5,500,0.9,robustness,rf_baseline,9,ndvi_max,0.5882514420362412
5,500,0.9,robustness,rf_baseline,10,evi_mean,0.32848039624758596
5,500,0.9,robustness,rf_baseline,11,lai_mean,0.25485355436033197
5,500,0.9,robustness,rf_baseline,12,tree_cover,0.2691900585031187
5,500,0.9,robustness,rf_baseline,13,albedo,0.609537694158762
5,500,0.9,robustness,rf_baseline,14,lst_daytime,0.44724879701742537
5,500,0.9,robustness,rf_baseline,15,lst_nighttime,0.43413392604130063
5,500,0.9,robustness,rf_baseline,16,air_temp_mean,0.46344698602655077
5,500,0.9,robustness,rf_baseline,17,dew_point_temp,0.4584123981818563
5,500,0.9,robustness,rf_baseline,18,annual_precip,0.5856775275651713
5,500,0.9,robustness,rf_baseline,19,max_monthly_precip,0.5754563222240987
5,500,0.9,robustness,rf_baseline,20,soil_moisture,0.19741571485863973
5,500,0.9,robustness,rf_baseline,21,annual_runoff,0.586559912581001
5,500,0.9,robustness,rf_baseline,22,annual_et,0.4164900430976366
5,500,0.9,robustness,rf_baseline,23,impervious_surface,0.7522948348648872
5,500,0.9,robustness,rf_baseline,24,nighttime_lights,0.5158813175438035
5,500,0.9,robustness,rf_baseline,25,population_density,0.6907351772082084
5,500,0.9,robustness,et_full,0,elevation,0.32471321485052007
5,500,0.9,robustness,et_full,1,slope,0.2317988565041884
5,500,0.9,robustness,et_full,2,aspect,0.3116949077064298
5,500,0.9,robustness,et_full,3,flow_accumulation,0.2660516495326607
5,500,0.9,robustness,et_full,4,clay_fraction,0.21664864932086614
5,500,0.9,robustness,et_full,5,organic_carbon,-0.035434667423211774
5,500,0.9,robustness,et_full,6,soil_ph,0.8358635077108769
5,500,0.9,robustness,et_full,7,water_capacity,0.17709843653391333
5,500,0.9,robustness,et_full,8,ndvi_mean,0.5747442357058363
5,500,0.9,robustness,et_full,9,ndvi_max,0.5790346651795097
5,500,0.9,robustness,et_full,10,evi_mean,0.381538858822259
5,500,0.9,robustness,et_full,11,lai_mean,0.28286446531092313
5,500,0.9,robustness,et_full,12,tree_cover,0.359768873388717
5,500,0.9,robustness,et_full,13,albedo,0.6303447902275681
5,500,0.9,robustness,et_full,14,lst_daytime,0.47287402381586496
5,500,0.9,robustness,et_full,15,lst_nighttime,0.47541053663295973
5,500,0.9,robustness,et_full,16,air_temp_mean,0.48242709707015297
5,500,0.9,robustness,et_full,17,dew_point_temp,0.5330005739177828
5,500,0.9,robustness,et_full,18,annual_precip,0.6132832402370031
5,500,0.9,robustness,et_full,19,max_monthly_precip,0.5682813482795492
5,500,0.9,robustness,et_full,20,soil_moisture,0.24566303365618503
5,500,0.9,robustness,et_full,21,annual_runoff,0.6290881646898779
5,500,0.9,robustness,et_full,22,annual_et,0.4734006808681407
5,500,0.9,robustness,et_full,23,impervious_surface,0.780455581144193
5,500,0.9,robustness,et_full,24,nighttime_lights,0.5738534711465306
5,500,0.9,robustness,et_full,25,population_density,0.7084991731917104
6,500,0.9,robustness,rf_baseline,0,elevation,0.5081939446826044
6,500,0.9,robustness,rf_baseline,1,slope,0.004775237559401013
6,500,0.9,robustness,rf_baseline,2,aspect,0.28667467130356583
6,500,0.9,robustness,rf_baseline,3,flow_accumulation,0.08574919428611671
6,500,0.9,robustness,rf_baseline,4,clay_fraction,0.8083350117240865
6,500,0.9,robustness,rf_baseline,5,organic_carbon,0.12246047823888928
6,500,0.9,robustness,rf_baseline,6,soil_ph,0.2290516509166678
6,500,0.9,robustness,rf_baseline,7,water_capacity,0.26111315218913655
6,500,0.9,robustness,rf_baseline,8,ndvi_mean,0.5343978810202448
6,500,0.9,robustness,rf_baseline,9,ndvi_max,0.5159002586814194
6,500,0.9,robustness,rf_baseline,10,evi_mean,0.33259369726644705
6,500,0.9,robustness,rf_baseline,11,lai_mean,-0.017115038883136924
6,500,0.9,robustness,rf_baseline,12,tree_cover,0.10792523432921952
6,500,0.9,robustness,rf_baseline,13,albedo,0.8220349197472456
6,500,0.9,robustness,rf_baseline,14,lst_daytime,0.831938553884837
6,500,0.9,robustness,rf_baseline,15,lst_nighttime,0.8339842541752658
6,500,0.9,robustness,rf_baseline,16,air_temp_mean,0.8522423978813987
6,500,0.9,robustness,rf_baseline,17,dew_point_temp,0.837618885317361
6,500,0.9,robustness,rf_baseline,18,annual_precip,0.714450970275899
6,500,0.9,robustness,rf_baseline,19,max_monthly_precip,0.6204127677493444
6,500,0.9,robustness,rf_baseline,20,soil_moisture,0.38637863263480343
6,500,0.9,robustness,rf_baseline,21,annual_runoff,0.650291403937264
6,500,0.9,robustness,rf_baseline,22,annual_et,0.8003158634459544
6,500,0.9,robustness,rf_baseline,23,impervious_surface,0.6118937969419933
6,500,0.9,robustness,rf_baseline,24,nighttime_lights,0.5121384066206667
6,500,0.9,robustness,rf_baseline,25,population_density,0.5470648942873997
6,500,0.9,robustness,et_full,0,elevation,0.550066204598552
6,500,0.9,robustness,et_full,1,slope,0.00910116495023039
6,500,0.9,robustness,et_full,2,aspect,0.3275648409144767
6,500,0.9,robustness,et_full,3,flow_accumulation,0.16002260161542858
6,500,0.9,robustness,et_full,4,clay_fraction,0.826068719662379
6,500,0.9,robustness,et_full,5,organic_carbon,0.17037770412700848
6,500,0.9,robustness,et_full,6,soil_ph,0.2920790126612891
6,500,0.9,robustness,et_full,7,water_capacity,0.3190929961938307
6,500,0.9,robustness,et_full,8,ndvi_mean,0.548295018998598
6,500,0.9,robustness,et_full,9,ndvi_max,0.5299020099548599
6,500,0.9,robustness,et_full,10,evi_mean,0.3795274217065042
6,500,0.9,robustness,et_full,11,lai_mean,0.049095310836194894
6,500,0.9,robustness,et_full,12,tree_cover,0.12374970608307245
6,500,0.9,robustness,et_full,13,albedo,0.8344706668426158
6,500,0.9,robustness,et_full,14,lst_daytime,0.8781079678176685
6,500,0.9,robustness,et_full,15,lst_nighttime,0.8579000398626386
6,500,0.9,robustness,et_full,16,air_temp_mean,0.8708967970616524
6,500,0.9,robustness,et_full,17,dew_point_temp,0.8468703390021193
6,500,0.9,robustness,et_full,18,annual_precip,0.7247588441713633
6,500,0.9,robustness,et_full,19,max_monthly_precip,0.6119308051900318
6,500,0.9,robustness,et_full,20,soil_moisture,0.39053096440432733
6,500,0.9,robustness,et_full,21,annual_runoff,0.6678317096353595
6,500,0.9,robustness,et_full,22,annual_et,0.8027557838165708
6,500,0.9,robustness,et_full,23,impervious_surface,0.585608133116433
6,500,0.9,robustness,et_full,24,nighttime_lights,0.5293700454284469
6,500,0.9,robustness,et_full,25,population_density,0.5654935689462899
7,500,0.9,robustness,rf_baseline,0,elevation,0.2900010912583747
7,500,0.9,robustness,rf_baseline,1,slope,-0.08668049364919517
7,500,0.9,robustness,rf_baseline,2,aspect,0.6010316213928102
7,500,0.9,robustness,rf_baseline,3,flow_accumulation,0.07748023607822085
7,500,0.9,robustness,rf_baseline,4,clay_fraction,0.4719240444907392
7,500,0.9,robustness,rf_baseline,5,organic_carbon,0.06239294542178808
7,500,0.9,robustness,rf_baseline,6,soil_ph,0.058088317860308436
7,500,0.9,robustness,rf_baseline,7,water_capacity,0.27523647540633
7,500,0.9,robustness,rf_baseline,8,ndvi_mean,0.4361901256425055
7,500,0.9,robustness,rf_baseline,9,ndvi_max,0.41151876977931456
7,500,0.9,robustness,rf_baseline,10,evi_mean,0.24345317853090054
7,500,0.9,robustness,rf_baseline,11,lai_mean,0.019913240837438062
7,500,0.9,robustness,rf_baseline,12,tree_cover,0.6871628237516538
7,500,0.9,robustness,rf_baseline,13,albedo,0.010805666812069736
7,500,0.9,robustness,rf_baseline,14,lst_daytime,0.6850114420791917
7,500,0.9,robustness,rf_baseline,15,lst_nighttime,0.6518671443169031
7,500,0.9,robustness,rf_baseline,16,air_temp_mean,0.6790927166770124
7,500,0.9,robustness,rf_baseline,17,dew_point_temp,0.629889797433828
7,500,0.9,robustness,rf_baseline,18,annual_precip,0.3096560745947583
7,500,0.9,robustness,rf_baseline,19,max_monthly_precip,0.278653251089348
7,500,0.9,robustness,rf_baseline,20,soil_moisture,0.6212535761352516
7,500,0.9,robustness,rf_baseline,21,annual_runoff,0.2743236309270414
7,500,0.9,robustness,rf_baseline,22,annual_et,0.6837632354733969
7,500,0.9,robustness,rf_baseline,23,impervious_surface,0.7334501300609705
7,500,0.9,robustness,rf_baseline,24,nighttime_lights,0.9047218945623564
7,500,0.9,robustness,rf_baseline,25,population_density,0.8673618869496098
7,500,0.9,robustness,et_full,0,elevation,0.2767011360897845
7,500,0.9,robustness,et_full,1,slope,-0.09057587086638641
7,500,0.9,robustness,et_full,2,aspect,0.6159806652543902
7,500,0.9,robustness,et_full,3,flow_accumulation,0.166774297868735
7,500,0.9,robustness,et_full,4,clay_fraction,0.4810611104248037
7,500,0.9,robustness,et_full,5,organic_carbon,0.13220399081757128
7,500,0.9,robustness,et_full,6,soil_ph,0.12645515510077965
7,500,0.9,robustness,et_full,7,water_capacity,0.295815254537349
7,500,0.9,robustness,et_full,8,ndvi_mean,0.4938944294682811
7,500,0.9,robustness,et_full,9,ndvi_max,0.46567957126114334
7,500,0.9,robustness,et_full,10,evi_mean,0.36609861824675627
7,500,0.9,robustness,et_full,11,lai_mean,0.1274660730878041
7,500,0.9,robustness,et_full,12,tree_cover,0.7187930094909569
7,500,0.9,robustness,et_full,13,albedo,0.08816302750570393
7,500,0.9,robustness,et_full,14,lst_daytime,0.7146813242474517
7,500,0.9,robustness,et_full,15,lst_nighttime,0.6974711236805071
7,500,0.9,robustness,et_full,16,air_temp_mean,0.6926290752560704
7,500,0.9,robustness,et_full,17,dew_point_temp,0.6464143583606059
7,500,0.9,robustness,et_full,18,annual_precip,0.3256022908197771
7,500,0.9,robustness,et_full,19,max_monthly_precip,0.3113563341485226
7,500,0.9,robustness,et_full,20,soil_moisture,0.6316950286297576
7,500,0.9,robustness,et_full,21,annual_runoff,0.2858607887441169
7,500,0.9,robustness,et_full,22,annual_et,0.6828116753948001
7,500,0.9,robustness,et_full,23,impervious_surface,0.7928565593288862
7,500,0.9,robustness,et_full,24,nighttime_lights,0.9244452488061677
7,500,0.9,robustness,et_full,25,population_density,0.8661849660614983
0,1200,0.3,robustness,rf_baseline,0,elevation,0.42492461019376015
0,1200,0.3,robustness,rf_baseline,1,slope,0.4618633745528573
0,1200,0.3,robustness,rf_baseline,2,aspect,0.3366629495628024
0,1200,0.3,robustness,rf_baseline,3,flow_accumulation,0.10286459348998789
0,1200,0.3,robustness,rf_baseline,4,clay_fraction,0.44801704894168537
0,1200,0.3,robustness,rf_baseline,5,organic_carbon,0.3883617839795691
0,1200,0.3,robustness,rf_baseline,6,soil_ph,0.21348706475072998
0,1200,0.3,robustness,rf_baseline,7,water_capacity,0.3585974135430027
0,1200,0.3,robustness,rf_baseline,8,ndvi_mean,0.8900149011616509
0,1200,0.3,robustness,rf_baseline,9,ndvi_max,0.8144793212190913
0,1200,0.3,robustness,rf_baseline,10,evi_mean,0.6382014777854376
0,1200,0.3,robustness,rf_baseline,11,lai_mean,0.40651795822495296
0,1200,0.3,robustness,rf_baseline,12,tree_cover,0.48275341753645096
0,1200,0.3,robustness,rf_baseline,13,albedo,0.1473924713474788
0,1200,0.3,robustness,rf_baseline,14,lst_daytime,0.697848394273588
0,1200,0.3,robustness,rf_baseline,15,lst_nighttime,0.6799784704968079
0,1200,0.3,robustness,rf_baseline,16,air_temp_mean,0.6804217673858873
0,1200,0.3,robustness,rf_baseline,17,dew_point_temp,0.6097515066418563
0,1200,0.3,robustness,rf_baseline,18,annual_precip,0.7619213693373403
0,1200,0.3,robustness,rf_baseline,19,max_monthly_precip,0.6410428545369665
0,1200,0.3,robustness,rf_baseline,20,soil_moisture,0.7906876006792831
0,1200,0.3,robustness,rf_baseline,21,annual_runoff,0.7790384419993485
0,1200,0.3,robustness,rf_baseline,22,annual_et,0.6479120849167443
0,1200,0.3,robustness,rf_baseline,23,impervious_surface,0.3646794922603408
0,1200,0.3,robustness,rf_baseline,24,nighttime_lights,0.4979841152775102
0,1200,0.3,robustness,rf_baseline,25,population_density,0.43764204443290244
0,1200,0.3,robustness,et_full,0,elevation,0.48762010148060375
0,1200,0.3,robustness,et_full,1,slope,0.46569650416229647
0,1200,0.3,robustness,et_full,2,aspect,0.39376132729529834
0,1200,0.3,robustness,et_full,3,flow_accumulation,0.12632632461443793
0,1200,0.3,robustness,et_full,4,clay_fraction,0.4365819876521124
0,1200,0.3,robustness,et_full,5,organic_carbon,0.3927680534793626
0,1200,0.3,robustness,et_full,6,soil_ph,0.2599471432677296
0,1200,0.3,robustness,et_full,7,water_capacity,0.3896431260328558
0,1200,0.3,robustness,et_full,8,ndvi_mean,0.9022493015774884
0,1200,0.3,robustness,et_full,9,ndvi_max,0.8300528909296752
0,1200,0.3,robustness,et_full,10,evi_mean,0.650547519350062
0,1200,0.3,robustness,et_full,11,lai_mean,0.4498515420453547
0,1200,0.3,robustness,et_full,12,tree_cover,0.5074120910752653
0,1200,0.3,robustness,et_full,13,albedo,0.15106118391615975
0,1200,0.3,robustness,et_full,14,lst_daytime,0.7080215230011866
0,1200,0.3,robustness,et_full,15,lst_nighttime,0.704313556078962
0,1200,0.3,robustness,et_full,16,air_temp_mean,0.7198616645171667
0,1200,0.3,robustness,et_full,17,dew_point_temp,0.6323818683824707
0,1200,0.3,robustness,et_full,18,annual_precip,0.7744041866660665
0,1200,0.3,robustness,et_full,19,max_monthly_precip,0.6747276650933494
0,1200,0.3,robustness,et_full,20,soil_moisture,0.8024259906300014
0,1200,0.3,robustness,et_full,21,annual_runoff,0.8010875288980532
0,1200,0.3,robustness,et_full,22,annual_et,0.6662304647849077
0,1200,0.3,robustness,et_full,23,impervious_surface,0.45726659858393315
0,1200,0.3,robustness,et_full,24,nighttime_lights,0.542453762994759
0,1200,0.3,robustness,et_full,25,population_density,0.5540300688265164
1,1200,0.3,robustness,rf_baseline,0,elevation,0.8779589467116149
1,1200,0.3,robustness,rf_baseline,1,slope,0.7794309840021525
1,1200,0.3,robustness,rf_baseline,2,aspect,0.4928194017538646
1,1200,0.3,robustness,rf_baseline,3,flow_accumulation,0.4471459442141369
1,1200,0.3,robustness,rf_baseline,4,clay_fraction,0.3562236835797955
1,1200,0.3,robustness,rf_baseline,5,organic_carbon,0.13085903553822098
1,1200,0.3,robustness,rf_baseline,6,soil_ph,0.7797398107930718
1,1200,0.3,robustness,rf_baseline,7,water_capacity,0.37955576173161587
1,1200,0.3,robustness,rf_baseline,8,ndvi_mean,0.830215459345551
1,1200,0.3,robustness,rf_baseline,9,ndvi_max,0.7457379034337924
1,1200,0.3,robustness,rf_baseline,10,evi_mean,0.5703971522430357
1,1200,0.3,robustness,rf_baseline,11,lai_mean,0.46774562380266294
1,1200,0.3,robustness,rf_baseline,12,tree_cover,0.32491944498232106
1,1200,0.3,robustness,rf_baseline,13,albedo,0.7242631223576739
1,1200,0.3,robustness,rf_baseline,14,lst_daytime,0.7331131699939224
1,1200,0.3,robustness,rf_baseline,15,lst_nighttime,0.6886531296030889
1,1200,0.3,robustness,rf_baseline,16,air_temp_mean,0.7219766537422315
1,1200,0.3,robustness,rf_baseline,17,dew_point_temp,0.6720188332906109
1,1200,0.3,robustness,rf_baseline,18,annual_precip,0.6650420603973162
1,1200,0.3,robustness,rf_baseline,19,max_monthly_precip,0.5733928455423176
1,1200,0.3,robustness,rf_baseline,20,soil_moisture,0.41331395455252506
1,1200,0.3,robustness,rf_baseline,21,annual_runoff,0.5842238568806186
1,1200,0.3,robustness,rf_baseline,22,annual_et,0.678130424619598
1,1200,0.3,robustness,rf_baseline,23,impervious_surface,0.007826717400210348
1,1200,0.3,robustness,rf_baseline,24,nighttime_lights,0.17315075271254365
1,1200,0.3,robustness,rf_baseline,25,population_density,0.07616536238832283
1,1200,0.3,robustness,et_full,0,elevation,0.882561935998828
1,1200,0.3,robustness,et_full,1,slope,0.7884494544215089
1,1200,0.3,robustness,et_full,2,aspect,0.5173918249632568
1,1200,0.3,robustness,et_full,3,flow_accumulation,0.45811309653108534
1,1200,0.3,robustness,et_full,4,clay_fraction,0.40837591910495574
1,1200,0.3,robustness,et_full,5,organic_carbon,0.1660835208144691
1,1200,0.3,robustness,et_full,6,soil_ph,0.7978396331508674
1,1200,0.3,robustness,et_full,7,water_capacity,0.4243424893481378
1,1200,0.3,robustness,et_full,8,ndvi_mean,0.8422476527083029
1,1200,0.3,robustness,et_full,9,ndvi_max,0.7572376279128168
1,1200,0.3,robustness,et_full,10,evi_mean,0.5785630544698023
1,1200,0.3,robustness,et_full,11,lai_mean,0.4709535382230565
1,1200,0.3,robustness,et_full,12,tree_cover,0.3282184882286324
1,1200,0.3,robustness,et_full,13,albedo,0.7419730705849883
1,1200,0.3,robustness,et_full,14,lst_daytime,0.7532700927850192
1,1200,0.3,robustness,et_full,15,lst_nighttime,0.7087283449802702
1,1200,0.3,robustness,et_full,16,air_temp_mean,0.7504739347494007
1,1200,0.3,robustness,et_full,17,dew_point_temp,0.6919994741289994
1,1200,0.3,robustness,et_full,18,annual_precip,0.6839518672932794
1,1200,0.3,robustness,et_full,19,max_monthly_precip,0.6084881895828229
1,1200,0.3,robustness,et_full,20,soil_moisture,0.4398077713199591
1,1200,0.3,robustness,et_full,21,annual_runoff,0.6227725153458817
1,1200,0.3,robustness,et_full,22,annual_et,0.7120701226270763
1,1200,0.3,robustness,et_full,23,impervious_surface,0.04204587032179452
1,1200,0.3,robustness,et_full,24,nighttime_lights,0.2007494291339974
1,1200,0.3,robustness,et_full,25,population_density,0.12052776620273264
2,1200,0.3,robustness,rf_baseline,0,elevation,0.8228780718798585
2,1200,0.3,robustness,rf_baseline,1,slope,-0.04709115937585118
2,1200,0.3,robustness,rf_baseline,2,aspect,0.44603733992168915
2,1200,0.3,robustness,rf_baseline,3,flow_accumulation,0.6687122013061781
2,1200,0.3,robustness,rf_baseline,4,clay_fraction,0.36795031166968994
2,1200,0.3,robustness,rf_baseline,5,organic_carbon,0.13471702375921457
2,1200,0.3,robustness,rf_baseline,6,soil_ph,0.8765964414558544
2,1200,0.3,robustness,rf_baseline,7,water_capacity,0.5780039622318787
2,1200,0.3,robustness,rf_baseline,8,ndvi_mean,0.5236876610171286
2,1200,0.3,robustness,rf_baseline,9,ndvi_max,0.560091350160351
2,1200,0.3,robustness,rf_baseline,10,evi_mean,0.3229037333095266
2,1200,0.3,robustness,rf_baseline,11,lai_mean,0.42259874682638443
2,1200,0.3,robustness,rf_baseline,12,tree_cover,0.14570645003941118
2,1200,0.3,robustness,rf_baseline,13,albedo,0.2988962148148042
2,1200,0.3,robustness,rf_baseline,14,lst_daytime,0.5719940893836146
2,1200,0.3,robustness,rf_baseline,15,lst_nighttime,0.5540580609229273
2,1200,0.3,robustness,rf_baseline,16,air_temp_mean,0.578817985368006
2,1200,0.3,robustness,rf_baseline,17,dew_point_temp,0.5294408408871427
2,1200,0.3,robustness,rf_baseline,18,annual_precip,0.6945223865004243
2,1200,0.3,robustness,rf_baseline,19,max_monthly_precip,0.601835673357581
2,1200,0.3,robustness,rf_baseline,20,soil_moisture,0.3022203944948908
2,1200,0.3,robustness,rf_baseline,21,annual_runoff,0.6350391875694477
2,1200,0.3,robustness,rf_baseline,22,annual_et,0.5178019553110529
2,1200,0.3,robustness,rf_baseline,23,impervious_surface,0.6270478515731592
2,1200,0.3,robustness,rf_baseline,24,nighttime_lights,0.5342611666421149
2,1200,0.3,robustness,rf_baseline,25,population_density,0.5823323417953843
2,1200,0.3,robustness,et_full,0,elevation,0.8379829668856222
2,1200,0.3,robustness,et_full,1,slope,-0.030865459397328987
2,1200,0.3,robustness,et_full,2,aspect,0.49315747679237854
2,1200,0.3,robustness,et_full,3,flow_accumulation,0.6799609405279703
2,1200,0.3,robustness,et_full,4,clay_fraction,0.37458171233790627
2,1200,0.3,robustness,et_full,5,organic_carbon,0.14240205994341693
2,1200,0.3,robustness,et_full,6,soil_ph,0.8885417486696509
2,1200,0.3,robustness,et_full,7,water_capacity,0.5973027551956094
2,1200,0.3,robustness,et_full,8,ndvi_mean,0.5659286687257745
2,1200,0.3,robustness,et_full,9,ndvi_max,0.5867637899768239
2,1200,0.3,robustness,et_full,10,evi_mean,0.37655044074687494
2,1200,0.3,robustness,et_full,11,lai_mean,0.4536195755794291
2,1200,0.3,robustness,et_full,12,tree_cover,0.1961580015644956
2,1200,0.3,robustness,et_full,13,albedo,0.3449243268693287
2,1200,0.3,robustness,et_full,14,lst_daytime,0.5638935488633829
2,1200,0.3,robustness,et_full,15,lst_nighttime,0.5703646602936056
2,1200,0.3,robustness,et_full,16,air_temp_mean,0.5872365607597294
2,1200,0.3,robustness,et_full,17,dew_point_temp,0.5354350965425625
2,1200,0.3,robustness,et_full,18,annual_precip,0.7314808217765587
2,1200,0.3,robustness,et_full,19,max_monthly_precip,0.6398058027972311
2,1200,0.3,robustness,et_full,20,soil_moisture,0.3360822073237436
2,1200,0.3,robustness,et_full,21,annual_runoff,0.6598171967719062
2,1200,0.3,robustness,et_full,22,annual_et,0.5365347645552654
2,1200,0.3,robustness,et_full,23,impervious_surface,0.6598248161439488
2,1200,0.3,robustness,et_full,24,nighttime_lights,0.5441606716963718
2,1200,0.3,robustness,et_full,25,population_density,0.6362633677256839
3,1200,0.3,robustness,rf_baseline,0,elevation,0.7273297904276603
3,1200,0.3,robustness,rf_baseline,1,slope,-0.018299754751929687
3,1200,0.3,robustness,rf_baseline,2,aspect,0.7670177788486957
3,1200,0.3,robustness,rf_baseline,3,flow_accumulation,0.32517857040466813
3,1200,0.3,robustness,rf_baseline,4,clay_fraction,0.43471113825796737
3,1200,0.3,robustness,rf_baseline,5,organic_carbon,0.10053337894433212
3,1200,0.3,robustness,rf_baseline,6,soil_ph,0.179319556007961
3,1200,0.3,robustness,rf_baseline,7,water_capacity,0.34480587602961077
3,1200,0.3,robustness,rf_baseline,8,ndvi_mean,0.7153857333619429
3,1200,0.3,robustness,rf_baseline,9,ndvi_max,0.6783713597221741
3,1200,0.3,robustness,rf_baseline,10,evi_mean,0.471348478896194
3,1200,0.3,robustness,rf_baseline,11,lai_mean,0.16583854321701752
3,1200,0.3,robustness,rf_baseline,12,tree_cover,0.23379492493547926
3,1200,0.3,robustness,rf_baseline,13,albedo,0.16895492160924896
3,1200,0.3,robustness,rf_baseline,14,lst_daytime,0.7657785876185378
3,1200,0.3,robustness,rf_baseline,15,lst_nighttime,0.7627640876576941
3,1200,0.3,robustness,rf_baseline,16,air_temp_mean,0.7633917368136699
3,1200,0.3,robustness,rf_baseline,17,dew_point_temp,0.7512544797200089
3,1200,0.3,robustness,rf_baseline,18,annual_precip,0.7734597093001571
3,1200,0.3,robustness,rf_baseline,19,max_monthly_precip,0.7573564976740501
3,1200,0.3,robustness,rf_baseline,20,soil_moisture,0.36262671885562126
3,1200,0.3,robustness,rf_baseline,21,annual_runoff,0.6876304132080004
3,1200,0.3,robustness,rf_baseline,22,annual_et,0.8089903744377523
3,1200,0.3,robustness,rf_baseline,23,impervious_surface,-0.13911549474978102
3,1200,0.3,robustness,rf_baseline,24,nighttime_lights,0.17569214856557436
3,1200,0.3,robustness,rf_baseline,25,population_density,-0.01185561947829461
3,1200,0.3,robustness,et_full,0,elevation,0.7627015408856967
3,1200,0.3,robustness,et_full,1,slope,-0.018149223728369135
3,1200,0.3,robustness,et_full,2,aspect,0.7645692537506978
3,1200,0.3,robustness,et_full,3,flow_accumulation,0.40830505329526323
3,1200,0.3,robustness,et_full,4,clay_fraction,0.4667168874470925
3,1200,0.3,robustness,et_full,5,organic_carbon,0.13628137502095417
3,1200,0.3,robustness,et_full,6,soil_ph,0.2277663570978854
3,1200,0.3,robustness,et_full,7,water_capacity,0.3650220733688945
3,1200,0.3,robustness,et_full,8,ndvi_mean,0.743899220493563
3,1200,0.3,robustness,et_full,9,ndvi_max,0.6927791268010678
3,1200,0.3,robustness,et_full,10,evi_mean,0.48502976420375044
3,1200,0.3,robustness,et_full,11,lai_mean,0.18409189116884395
3,1200,0.3,robustness,et_full,12,tree_cover,0.2650700719155483
3,1200,0.3,robustness,et_full,13,albedo,0.1770323889360611
3,1200,0.3,robustness,et_full,14,lst_daytime,0.805229308113231
3,1200,0.3,robustness,et_full,15,lst_nighttime,0.7983213101123829
3,1200,0.3,robustness,et_full,16,air_temp_mean,0.7986543603960462
3,1200,0.3,robustness,et_full,17,dew_point_temp,0.7871664654277795
3,1200,0.3,robustness,et_full,18,annual_precip,0.7792350041055884
3,1200,0.3,robustness,et_full,19,max_monthly_precip,0.7684637745417017
3,1200,0.3,robustness,et_full,20,soil_moisture,0.400604090535971
3,1200,0.3,robustness,et_full,21,annual_runoff,0.6909239932506437
3,1200,0.3,robustness,et_full,22,annual_et,0.8229624546248047
3,1200,0.3,robustness,et_full,23,impervious_surface,0.04246621597446565
3,1200,0.3,robustness,et_full,24,nighttime_lights,0.25980624291376353
3,1200,0.3,robustness,et_full,25,population_density,0.1309472352723906
4,1200,0.3,robustness,rf_baseline,0,elevation,0.3702886659267939
4,1200,0.3,robustness,rf_baseline,1,slope,-0.040756002173826245
4,1200,0.3,robustness,rf_baseline,2,aspect,0.3487918361892456
4,1200,0.3,robustness,rf_baseline,3,flow_accumulation,0.8154150168631498
4,1200,0.3,robustness,rf_baseline,4,clay_fraction,0.3809665888039162
4,1200,0.3,robustness,rf_baseline,5,organic_carbon,0.07004833141420674
4,1200,0.3,robustness,rf_baseline,6,soil_ph,0.1652770401390059
4,1200,0.3,robustness,rf_baseline,7,water_capacity,0.494880952955274
4,1200,0.3,robustness,rf_baseline,8,ndvi_mean,0.7161648866341873
4,1200,0.3,robustness,rf_baseline,9,ndvi_max,0.6848809629747372
4,1200,0.3,robustness,rf_baseline,10,evi_mean,0.5916700821158498
4,1200,0.3,robustness,rf_baseline,11,lai_mean,0.41101921093940097
4,1200,0.3,robustness,rf_baseline,12,tree_cover,0.2253871779155373
4,1200,0.3,robustness,rf_baseline,13,albedo,0.6985902227606815
4,1200,0.3,robustness,rf_baseline,14,lst_daytime,0.7085824143464178
4,1200,0.3,robustness,rf_baseline,15,lst_nighttime,0.6999053844079968
4,1200,0.3,robustness,rf_baseline,16,air_temp_mean,0.720372144367005
4,1200,0.3,robustness,rf_baseline,17,dew_point_temp,0.7079868399080524
4,1200,0.3,robustness,rf_baseline,18,annual_precip,0.4777374944087921
4,1200,0.3,robustness,rf_baseline,19,max_monthly_precip,0.47597911612473
4,1200,0.3,robustness,rf_baseline,20,soil_moisture,0.2609898243093072
4,1200,0.3,robustness,rf_baseline,21,annual_runoff,0.39067614028003506
4,1200,0.3,robustness,rf_baseline,22,annual_et,0.7031258602354309
4,1200,0.3,robustness,rf_baseline,23,impervious_surface,0.35786818810339005
4,1200,0.3,robustness,rf_baseline,24,nighttime_lights,0.5448833375790147
4,1200,0.3,robustness,rf_baseline,25,population_density,0.3997265018364937
4,1200,0.3,robustness,et_full,0,elevation,0.38568074732668634
4,1200,0.3,robustness,et_full,1,slope,-0.017901001567916408
4,1200,0.3,robustness,et_full,2,aspect,0.38382868397642045
4,1200,0.3,robustness,et_full,3,flow_accumulation,0.8195806725815324
4,1200,0.3,robustness,et_full,4,clay_fraction,0.4099058557831702
4,1200,0.3,robustness,et_full,5,organic_carbon,0.07611619047763352
4,1200,0.3,robustness,et_full,6,soil_ph,0.1796318679432315
4,1200,0.3,robustness,et_full,7,water_capacity,0.5364503727045271
4,1200,0.3,robustness,et_full,8,ndvi_mean,0.7488821232216054
4,1200,0.3,robustness,et_full,9,ndvi_max,0.7010163121764783
4,1200,0.3,robustness,et_full,10,evi_mean,0.60890633531616
4,1200,0.3,robustness,et_full,11,lai_mean,0.45046021803958913
4,1200,0.3,robustness,et_full,12,tree_cover,0.26162295758622456
4,1200,0.3,robustness,et_full,13,albedo,0.6930004964852204
4,1200,0.3,robustness,et_full,14,lst_daytime,0.7079126322663648
4,1200,0.3,robustness,et_full,15,lst_nighttime,0.7254785351426234
4,1200,0.3,robustness,et_full,16,air_temp_mean,0.731918902861624
4,1200,0.3,robustness,et_full,17,dew_point_temp,0.708020052154454
4,1200,0.3,robustness,et_full,18,annual_precip,0.5097428783663798
4,1200,0.3,robustness,et_full,19,max_monthly_precip,0.5139085157970699
4,1200,0.3,robustness,et_full,20,soil_moisture,0.3230596500416827
4,1200,0.3,robustness,et_full,21,annual_runoff,0.44493079279747916
4,1200,0.3,robustness,et_full,22,annual_et,0.7147878690989471
4,1200,0.3,robustness,et_full,23,impervious_surface,0.41357798537035884
4,1200,0.3,robustness,et_full,24,nighttime_lights,0.560932591843758
4,1200,0.3,robustness,et_full,25,population_density,0.4751594275535953
5,1200,0.3,robustness,rf_baseline,0,elevation,0.74505179707813
5,1200,0.3,robustness,rf_baseline,1,slope,0.6714403265832318
5,1200,0.3,robustness,rf_baseline,2,aspect,0.7253865409784337
5,1200,0.3,robustness,rf_baseline,3,flow_accumulation,0.34580731431069955
5,1200,0.3,robustness,rf_baseline,4,clay_fraction,0.16567543552104746
5,1200,0.3,robustness,rf_baseline,5,organic_carbon,0.4941637867248253
5,1200,0.3,robustness,rf_baseline,6,soil_ph,0.12161449023118531
5,1200,0.3,robustness,rf_baseline,7,water_capacity,0.1480812974048933
5,1200,0.3,robustness,rf_baseline,8,ndvi_mean,0.6353264536069568
5,1200,0.3,robustness,rf_baseline,9,ndvi_max,0.6919182641095145
5,1200,0.3,robustness,rf_baseline,10,evi_mean,0.3931354752855001
5,1200,0.3,robustness,rf_baseline,11,lai_mean,0.14970401436384329
5,1200,0.3,robustness,rf_baseline,12,tree_cover,0.15218332843717486
5,1200,0.3,robustness,rf_baseline,13,albedo,0.6416327982150116
5,1200,0.3,robustness,rf_baseline,14,lst_daytime,0.35130012557224877
5,1200,0.3,robustness,rf_baseline,15,lst_nighttime,0.36245093278755014
5,1200,0.3,robustness,rf_baseline,16,air_temp_mean,0.31592086680673925
5,1200,0.3,robustness,rf_baseline,17,dew_point_temp,0.3264447281068944
5,1200,0.3,robustness,rf_baseline,18,annual_precip,0.8773114128676914
5,1200,0.3,robustness,rf_baseline,19,max_monthly_precip,0.8383332124681552
5,1200,0.3,robustness,rf_baseline,20,soil_moisture,0.1846757448570585
5,1200,0.3,robustness,rf_baseline,21,annual_runoff,0.768862929657602
5,1200,0.3,robustness,rf_baseline,22,annual_et,0.30791490986707915
5,1200,0.3,robustness,rf_baseline,23,impervious_surface,0.3900145441594214
5,1200,0.3,robustness,rf_baseline,24,nighttime_lights,0.39283165555196176
5,1200,0.3,robustness,rf_baseline,25,population_density,0.4494087076177785
5,1200,0.3,robustness,et_full,0,elevation,0.7614083678635952
5,1200,0.3,robustness,et_full,1,slope,0.6609605335648674
5,1200,0.3,robustness,et_full,2,aspect,0.7471074797706765
5,1200,0.3,robustness,et_full,3,flow_accumulation,0.3870945996776609
5,1200,0.3,robustness,et_full,4,clay_fraction,0.2137446682290266
5,1200,0.3,robustness,et_full,5,organic_carbon,0.5175001850695854
5,1200,0.3,robustness,et_full,6,soil_ph,0.13766477040929948
5,1200,0.3,robustness,et_full,7,water_capacity,0.15964689529192255
5,1200,0.3,robustness,et_full,8,ndvi_mean,0.6490578198812744
5,1200,0.3,robustness,et_full,9,ndvi_max,0.6970617510076123
5,1200,0.3,robustness,et_full,10,evi_mean,0.4327740995740612
5,1200,0.3,robustness,et_full,11,lai_mean,0.1509649088053534
5,1200,0.3,robustness,et_full,12,tree_cover,0.20113503630695162
5,1200,0.3,robustness,et_full,13,albedo,0.6415932794430041
5,1200,0.3,robustness,et_full,14,lst_daytime,0.3476891732264781
5,1200,0.3,robustness,et_full,15,lst_nighttime,0.36725881114131564
5,1200,0.3,robustness,et_full,16,air_temp_mean,0.3345333896951792
5,1200,0.3,robustness,et_full,17,dew_point_temp,0.33880315021897733
5,1200,0.3,robustness,et_full,18,annual_precip,0.882828700591871
5,1200,0.3,robustness,et_full,19,max_monthly_precip,0.8437640473518172
5,1200,0.3,robustness,et_full,20,soil_moisture,0.22940058840290067
5,1200,0.3,robustness,et_full,21,annual_runoff,0.7868206698455298
5,1200,0.3,robustness,et_full,22,annual_et,0.33259665474026456
5,1200,0.3,robustness,et_full,23,impervious_surface,0.43614947516957636
5,1200,0.3,robustness,et_full,24,nighttime_lights,0.44285031710806233
5,1200,0.3,robustness,et_full,25,population_density,0.5312661748301684
6,1200,0.3,robustness,rf_baseline,0,elevation,0.37664202087602894
6,1200,0.3,robustness,rf_baseline,1,slope,0.22718576335547847
6,1200,0.3,robustness,rf_baseline,2,aspect,0.3035389062506171
6,1200,0.3,robustness,rf_baseline,3,flow_accumulation,0.12460483231017372
6,1200,0.3,robustness,rf_baseline,4,clay_fraction,0.4883180900631565
6,1200,0.3,robustness,rf_baseline,5,organic_carbon,0.5114458798979469
6,1200,0.3,robustness,rf_baseline,6,soil_ph,0.40574316165803015
6,1200,0.3,robustness,rf_baseline,7,water_capacity,0.757781337301047
6,1200,0.3,robustness,rf_baseline,8,ndvi_mean,0.4561492932004181
6,1200,0.3,robustness,rf_baseline,9,ndvi_max,0.4374660751453211
6,1200,0.3,robustness,rf_baseline,10,evi_mean,0.3135605961595349
6,1200,0.3,robustness,rf_baseline,11,lai_mean,0.08221364358005923
6,1200,0.3,robustness,rf_baseline,12,tree_cover,0.2509991384587328
6,1200,0.3,robustness,rf_baseline,13,albedo,0.5060018782205098
6,1200,0.3,robustness,rf_baseline,14,lst_daytime,0.7352547186461076
6,1200,0.3,robustness,rf_baseline,15,lst_nighttime,0.7824897547737448
6,1200,0.3,robustness,rf_baseline,16,air_temp_mean,0.7797900827818276
6,1200,0.3,robustness,rf_baseline,17,dew_point_temp,0.808354770970496
6,1200,0.3,robustness,rf_baseline,18,annual_precip,0.5440596058657376
6,1200,0.3,robustness,rf_baseline,19,max_monthly_precip,0.49867066473089905
6,1200,0.3,robustness,rf_baseline,20,soil_moisture,0.7072265310352575
6,1200,0.3,robustness,rf_baseline,21,annual_runoff,0.6365955076546892
6,1200,0.3,robustness,rf_baseline,22,annual_et,0.7152636027261018
6,1200,0.3,robustness,rf_baseline,23,impervious_surface,0.47132636988086785
6,1200,0.3,robustness,rf_baseline,24,nighttime_lights,0.4282194573869278
6,1200,0.3,robustness,rf_baseline,25,population_density,0.44734926355688154
6,1200,0.3,robustness,et_full,0,elevation,0.355845666474244
6,1200,0.3,robustness,et_full,1,slope,0.22850948143560512
6,1200,0.3,robustness,et_full,2,aspect,0.32408646781879713
6,1200,0.3,robustness,et_full,3,flow_accumulation,0.14020425518409718
6,1200,0.3,robustness,et_full,4,clay_fraction,0.5430554500279203
6,1200,0.3,robustness,et_full,5,organic_carbon,0.5401839071202401
6,1200,0.3,robustness,et_full,6,soil_ph,0.44052238262148635
6,1200,0.3,robustness,et_full,7,water_capacity,0.7714733753392887
6,1200,0.3,robustness,et_full,8,ndvi_mean,0.4655649291695021
6,1200,0.3,robustness,et_full,9,ndvi_max,0.443658133123392
6,1200,0.3,robustness,et_full,10,evi_mean,0.31437454612391924
6,1200,0.3,robustness,et_full,11,lai_mean,0.11987655507932138
6,1200,0.3,robustness,et_full,12,tree_cover,0.22955505831615286
6,1200,0.3,robustness,et_full,13,albedo,0.5246919962347842
6,1200,0.3,robustness,et_full,14,lst_daytime,0.7631347081679722
6,1200,0.3,robustness,et_full,15,lst_nighttime,0.7872717872485513
6,1200,0.3,robustness,et_full,16,air_temp_mean,0.7830056652061808
6,1200,0.3,robustness,et_full,17,dew_point_temp,0.8237427600123841
6,1200,0.3,robustness,et_full,18,annual_precip,0.5684500394258643
6,1200,0.3,robustness,et_full,19,max_monthly_precip,0.505890357534847
6,1200,0.3,robustness,et_full,20,soil_moisture,0.7308892254253574
6,1200,0.3,robustness,et_full,21,annual_runoff,0.6460259751907531
6,1200,0.3,robustness,et_full,22,annual_et,0.7309195990143147
6,1200,0.3,robustness,et_full,23,impervious_surface,0.44256525781594336
6,1200,0.3,robustness,et_full,24,nighttime_lights,0.4347640339568074
6,1200,0.3,robustness,et_full,25,population_density,0.4506442419422426
7,1200,0.3,robustness,rf_baseline,0,elevation,0.6261237349490694
7,1200,0.3,robustness,rf_baseline,1,slope,0.5006188753890435
7,1200,0.3,robustness,rf_baseline,2,aspect,0.3560899036640355
7,1200,0.3,robustness,rf_baseline,3,flow_accumulation,0.5972512949209491
7,1200,0.3,robustness,rf_baseline,4,clay_fraction,0.7219318427867237
7,1200,0.3,robustness,rf_baseline,5,organic_carbon,0.3515386169111764
7,1200,0.3,robustness,rf_baseline,6,soil_ph,0.16475636065224453
7,1200,0.3,robustness,rf_baseline,7,water_capacity,0.40231133070697345
7,1200,0.3,robustness,rf_baseline,8,ndvi_mean,0.559973843052606
7,1200,0.3,robustness,rf_baseline,9,ndvi_max,0.4975646079029765
7,1200,0.3,robustness,rf_baseline,10,evi_mean,0.368670377763037
7,1200,0.3,robustness,rf_baseline,11,lai_mean,0.13788963813252897
7,1200,0.3,robustness,rf_baseline,12,tree_cover,0.15267626208701346
7,1200,0.3,robustness,rf_baseline,13,albedo,0.022084260250225696
7,1200,0.3,robustness,rf_baseline,14,lst_daytime,0.8396387367674351
7,1200,0.3,robustness,rf_baseline,15,lst_nighttime,0.7870008347997149
7,1200,0.3,robustness,rf_baseline,16,air_temp_mean,0.8114629101491447
7,1200,0.3,robustness,rf_baseline,17,dew_point_temp,0.7485864696987545
7,1200,0.3,robustness,rf_baseline,18,annual_precip,0.5524170802194207
7,1200,0.3,robustness,rf_baseline,19,max_monthly_precip,0.5133692555653495
7,1200,0.3,robustness,rf_baseline,20,soil_moisture,0.7532948645398589
7,1200,0.3,robustness,rf_baseline,21,annual_runoff,0.5979372435611976
7,1200,0.3,robustness,rf_baseline,22,annual_et,0.7623059365980959
7,1200,0.3,robustness,rf_baseline,23,impervious_surface,-0.013916022603916556
7,1200,0.3,robustness,rf_baseline,24,nighttime_lights,0.18183929413980948
7,1200,0.3,robustness,rf_baseline,25,population_density,0.020917592776379057
7,1200,0.3,robustness,et_full,0,elevation,0.6433474158764216
7,1200,0.3,robustness,et_full,1,slope,0.5162271337096896
7,1200,0.3,robustness,et_full,2,aspect,0.38489684182786477
7,1200,0.3,robustness,et_full,3,flow_accumulation,0.6159512132277338
7,1200,0.3,robustness,et_full,4,clay_fraction,0.7279846649906645
7,1200,0.3,robustness,et_full,5,organic_carbon,0.3682759552858891
7,1200,0.3,robustness,et_full,6,soil_ph,0.20174940586013246
7,1200,0.3,robustness,et_full,7,water_capacity,0.4229633950188122
7,1200,0.3,robustness,et_full,8,ndvi_mean,0.5728093082374106
7,1200,0.3,robustness,et_full,9,ndvi_max,0.5368259963262565
7,1200,0.3,robustness,et_full,10,evi_mean,0.40622272942408166
7,1200,0.3,robustness,et_full,11,lai_mean,0.14358980552699374
7,1200,0.3,robustness,et_full,12,tree_cover,0.20023146612604803
7,1200,0.3,robustness,et_full,13,albedo,0.07617161980964027
7,1200,0.3,robustness,et_full,14,lst_daytime,0.8467569266319962
7,1200,0.3,robustness,et_full,15,lst_nighttime,0.8073210545006138
7,1200,0.3,robustness,et_full,16,air_temp_mean,0.8162943365153799
7,1200,0.3,robustness,et_full,17,dew_point_temp,0.7609996292460925
7,1200,0.3,robustness,et_full,18,annual_precip,0.5926961058329763
7,1200,0.3,robustness,et_full,19,max_monthly_precip,0.5414294492867933
7,1200,0.3,robustness,et_full,20,soil_moisture,0.7559988046036772
7,1200,0.3,robustness,et_full,21,annual_runoff,0.6349268210960639
7,1200,0.3,robustness,et_full,22,annual_et,0.770725305452574
7,1200,0.3,robustness,et_full,23,impervious_surface,0.04747249126131625
7,1200,0.3,robustness,et_full,24,nighttime_lights,0.21858449052129758
7,1200,0.3,robustness,et_full,25,population_density,0.12213348160874227
0,1200,0.9,robustness,rf_baseline,0,elevation,0.44272102246020806
0,1200,0.9,robustness,rf_baseline,1,slope,0.42250259895453424
0,1200,0.9,robustness,rf_baseline,2,aspect,0.3109470171536829
0,1200,0.9,robustness,rf_baseline,3,flow_accumulation,0.13278113152014892
0,1200,0.9,robustness,rf_baseline,4,clay_fraction,0.4189096114621661
0,1200,0.9,robustness,rf_baseline,5,organic_carbon,0.34902122738894303
0,1200,0.9,robustness,rf_baseline,6,soil_ph,0.21818655892933847
0,1200,0.9,robustness,rf_baseline,7,water_capacity,0.34122757859810826
0,1200,0.9,robustness,rf_baseline,8,ndvi_mean,0.8794362635808864
0,1200,0.9,robustness,rf_baseline,9,ndvi_max,0.8127131393112375
0,1200,0.9,robustness,rf_baseline,10,evi_mean,0.633175799018208
0,1200,0.9,robustness,rf_baseline,11,lai_mean,0.412687486120786
0,1200,0.9,robustness,rf_baseline,12,tree_cover,0.467343058178752
0,1200,0.9,robustness,rf_baseline,13,albedo,0.14900530541834123
0,1200,0.9,robustness,rf_baseline,14,lst_daytime,0.6708181393915433
0,1200,0.9,robustness,rf_baseline,15,lst_nighttime,0.663137845358194
0,1200,0.9,robustness,rf_baseline,16,air_temp_mean,0.6689615094455118
0,1200,0.9,robustness,rf_baseline,17,dew_point_temp,0.5993680770437217
0,1200,0.9,robustness,rf_baseline,18,annual_precip,0.7404290750601821
0,1200,0.9,robustness,rf_baseline,19,max_monthly_precip,0.6248882545365009
0,1200,0.9,robustness,rf_baseline,20,soil_moisture,0.7693898053423225
0,1200,0.9,robustness,rf_baseline,21,annual_runoff,0.7662400174314739
0,1200,0.9,robustness,rf_baseline,22,annual_et,0.6274578309638676
0,1200,0.9,robustness,rf_baseline,23,impervious_surface,0.43593299985074785
0,1200,0.9,robustness,rf_baseline,24,nighttime_lights,0.5073378964821647
0,1200,0.9,robustness,rf_baseline,25,population_density,0.4700099137274981
0,1200,0.9,robustness,et_full,0,elevation,0.4702518865561476
0,1200,0.9,robustness,et_full,1,slope,0.45779507952626275
0,1200,0.9,robustness,et_full,2,aspect,0.3744537726225332
0,1200,0.9,robustness,et_full,3,flow_accumulation,0.13470182991962
0,1200,0.9,robustness,et_full,4,clay_fraction,0.4352727611403271
0,1200,0.9,robustness,et_full,5,organic_carbon,0.38571436857592345
0,1200,0.9,robustness,et_full,6,soil_ph,0.24292344362999752
0,1200,0.9,robustness,et_full,7,water_capacity,0.4062928553906493
0,1200,0.9,robustness,et_full,8,ndvi_mean,0.8894765111627503
0,1200,0.9,robustness,et_full,9,ndvi_max,0.8272650863687278
0,1200,0.9,robustness,et_full,10,evi_mean,0.648191393030116
0,1200,0.9,robustness,et_full,11,lai_mean,0.44145546898358423
0,1200,0.9,robustness,et_full,12,tree_cover,0.4777315203592053
0,1200,0.9,robustness,et_full,13,albedo,0.1605122265616351
0,1200,0.9,robustness,et_full,14,lst_daytime,0.6921962230279619
0,1200,0.9,robustness,et_full,15,lst_nighttime,0.6820137741664335
0,1200,0.9,robustness,et_full,16,air_temp_mean,0.6967850542308267
0,1200,0.9,robustness,et_full,17,dew_point_temp,0.6174076350945719
0,1200,0.9,robustness,et_full,18,annual_precip,0.7627345137010692
0,1200,0.9,robustness,et_full,19,max_monthly_precip,0.6554930506558774
0,1200,0.9,robustness,et_full,20,soil_moisture,0.7846087396243612
0,1200,0.9,robustness,et_full,21,annual_runoff,0.792121899802079
0,1200,0.9,robustness,et_full,22,annual_et,0.6497993650583083
0,1200,0.9,robustness,et_full,23,impervious_surface,0.4554545240895701
0,1200,0.9,robustness,et_full,24,nighttime_lights,0.5421760891457613
0,1200,0.9,robustness,et_full,25,population_density,0.5512043261869131
1,1200,0.9,robustness,rf_baseline,0,elevation,0.8469280865086963
1,1200,0.9,robustness,rf_baseline,1,slope,0.7519083400917591
1,1200,0.9,robustness,rf_baseline,2,aspect,0.46570308588290954
1,1200,0.9,robustness,rf_baseline,3,flow_accumulation,0.4112607841989614
1,1200,0.9,robustness,rf_baseline,4,clay_fraction,0.33815809372041317
1,1200,0.9,robustness,rf_baseline,5,organic_carbon,0.14160312490459215
1,1200,0.9,robustness,rf_baseline,6,soil_ph,0.7576965296636904
1,1200,0.9,robustness,rf_baseline,7,water_capacity,0.3825119764213727
1,1200,0.9,robustness,rf_baseline,8,ndvi_mean,0.8003625854165101
1,1200,0.9,robustness,rf_baseline,9,ndvi_max,0.7193777522185181
1,1200,0.9,robustness,rf_baseline,10,evi_mean,0.5399347498921483
1,1200,0.9,robustness,rf_baseline,11,lai_mean,0.43478957366856774
1,1200,0.9,robustness,rf_baseline,12,tree_cover,0.3168536320165575
1,1200,0.9,robustness,rf_baseline,13,albedo,0.7128371281077539
1,1200,0.9,robustness,rf_baseline,14,lst_daytime,0.7095666096634193
1,1200,0.9,robustness,rf_baseline,15,lst_nighttime,0.664096141585087
1,1200,0.9,robustness,rf_baseline,16,air_temp_mean,0.7122911843079405
1,1200,0.9,robustness,rf_baseline,17,dew_point_temp,0.6546110573532391
1,1200,0.9,robustness,rf_baseline,18,annual_precip,0.6425527335566965
1,1200,0.9,robustness,rf_baseline,19,max_monthly_precip,0.5618231640308982
1,1200,0.9,robustness,rf_baseline,20,soil_moisture,0.4013819601876124
1,1200,0.9,robustness,rf_baseline,21,annual_runoff,0.563249319181625
1,1200,0.9,robustness,rf_baseline,22,annual_et,0.6513034128698176
1,1200,0.9,robustness,rf_baseline,23,impervious_surface,-0.03791266378284219
1,1200,0.9,robustness,rf_baseline,24,nighttime_lights,0.13649898618799372
1,1200,0.9,robustness,rf_baseline,25,population_density,0.046244748669104885
1,1200,0.9,robustness,et_full,0,elevation,0.8590760370121172
1,1200,0.9,robustness,et_full,1,slope,0.7627546866110166
1,1200,0.9,robustness,et_full,2,aspect,0.4841870528333444
1,1200,0.9,robustness,et_full,3,flow_accumulation,0.4475864170759146
1,1200,0.9,robustness,et_full,4,clay_fraction,0.3974062770390888
1,1200,0.9,robustness,et_full,5,organic_carbon,0.16726175815311595
1,1200,0.9,robustness,et_full,6,soil_ph,0.7701291185079977
1,1200,0.9,robustness,et_full,7,water_capacity,0.4206095817838782
1,1200,0.9,robustness,et_full,8,ndvi_mean,0.8089257060099992
1,1200,0.9,robustness,et_full,9,ndvi_max,0.7321036576785402
1,1200,0.9,robustness,et_full,10,evi_mean,0.5661074712109448
1,1200,0.9,robustness,et_full,11,lai_mean,0.4546993357630904
1,1200,0.9,robustness,et_full,12,tree_cover,0.3295379900173473
1,1200,0.9,robustness,et_full,13,albedo,0.7318939481743274
1,1200,0.9,robustness,et_full,14,lst_daytime,0.7491547537310032
1,1200,0.9,robustness,et_full,15,lst_nighttime,0.7032774409708267
1,1200,0.9,robustness,et_full,16,air_temp_mean,0.7308588318968907
1,1200,0.9,robustness,et_full,17,dew_point_temp,0.669068826563026
1,1200,0.9,robustness,et_full,18,annual_precip,0.672769821255686
1,1200,0.9,robustness,et_full,19,max_monthly_precip,0.5947232395763153
1,1200,0.9,robustness,et_full,20,soil_moisture,0.4372046650424035
1,1200,0.9,robustness,et_full,21,annual_runoff,0.6012481882088101
1,1200,0.9,robustness,et_full,22,annual_et,0.703711279704901
1,1200,0.9,robustness,et_full,23,impervious_surface,0.04013392066159427
1,1200,0.9,robustness,et_full,24,nighttime_lights,0.14782543991679464
1,1200,0.9,robustness,et_full,25,population_density,0.11385172212440875
2,1200,0.9,robustness,rf_baseline,0,elevation,0.8223518886351985
2,1200,0.9,robustness,rf_baseline,1,slope,-0.05235688924736248
2,1200,0.9,robustness,rf_baseline,2,aspect,0.4418994418262867
2,1200,0.9,robustness,rf_baseline,3,flow_accumulation,0.6542848394394292
2,1200,0.9,robustness,rf_baseline,4,clay_fraction,0.3532759808723879
2,1200,0.9,robustness,rf_baseline,5,organic_carbon,0.16566496670517317
2,1200,0.9,robustness,rf_baseline,6,soil_ph,0.8643280118923189
2,1200,0.9,robustness,rf_baseline,7,water_capacity,0.5726855452453399
2,1200,0.9,robustness,rf_baseline,8,ndvi_mean,0.5246578185542469
2,1200,0.9,robustness,rf_baseline,9,ndvi_max,0.5540024410304527
2,1200,0.9,robustness,rf_baseline,10,evi_mean,0.3144685541646858
2,1200,0.9,robustness,rf_baseline,11,lai_mean,0.41635213197429666
2,1200,0.9,robustness,rf_baseline,12,tree_cover,0.16079334673017331
2,1200,0.9,robustness,rf_baseline,13,albedo,0.2883800222162526
2,1200,0.9,robustness,rf_baseline,14,lst_daytime,0.5511476293718738
2,1200,0.9,robustness,rf_baseline,15,lst_nighttime,0.5549327370186043
2,1200,0.9,robustness,rf_baseline,16,air_temp_mean,0.5712967340682122
2,1200,0.9,robustness,rf_baseline,17,dew_point_temp,0.5281811384072388
2,1200,0.9,robustness,rf_baseline,18,annual_precip,0.6876740708701709
2,1200,0.9,robustness,rf_baseline,19,max_monthly_precip,0.5843868030766116
2,1200,0.9,robustness,rf_baseline,20,soil_moisture,0.2911197292636917
2,1200,0.9,robustness,rf_baseline,21,annual_runoff,0.6186349839223215
2,1200,0.9,robustness,rf_baseline,22,annual_et,0.509098565129068
2,1200,0.9,robustness,rf_baseline,23,impervious_surface,0.6311053852079391
2,1200,0.9,robustness,rf_baseline,24,nighttime_lights,0.5252092764415975
2,1200,0.9,robustness,rf_baseline,25,population_density,0.5736682198232508
2,1200,0.9,robustness,et_full,0,elevation,0.8266784007687795
2,1200,0.9,robustness,et_full,1,slope,-0.008066820998511082
2,1200,0.9,robustness,et_full,2,aspect,0.4985160157063466
2,1200,0.9,robustness,et_full,3,flow_accumulation,0.6685331738317388
2,1200,0.9,robustness,et_full,4,clay_fraction,0.3677664664949343
2,1200,0.9,robustness,et_full,5,organic_carbon,0.16939036676738328
2,1200,0.9,robustness,et_full,6,soil_ph,0.8730600204397349
2,1200,0.9,robustness,et_full,7,water_capacity,0.5783102276788921
2,1200,0.9,robustness,et_full,8,ndvi_mean,0.5655226043642771
2,1200,0.9,robustness,et_full,9,ndvi_max,0.5838535674566248
2,1200,0.9,robustness,et_full,10,evi_mean,0.3667939132902759
2,1200,0.9,robustness,et_full,11,lai_mean,0.43721592652348296
2,1200,0.9,robustness,et_full,12,tree_cover,0.18754942629188232
2,1200,0.9,robustness,et_full,13,albedo,0.32949098712664615
2,1200,0.9,robustness,et_full,14,lst_daytime,0.5643690797681847
2,1200,0.9,robustness,et_full,15,lst_nighttime,0.5614163371065288
2,1200,0.9,robustness,et_full,16,air_temp_mean,0.584288507337063
2,1200,0.9,robustness,et_full,17,dew_point_temp,0.5168987459063359
2,1200,0.9,robustness,et_full,18,annual_precip,0.7241874083503475
2,1200,0.9,robustness,et_full,19,max_monthly_precip,0.6270831260992511
2,1200,0.9,robustness,et_full,20,soil_moisture,0.333258665038468
2,1200,0.9,robustness,et_full,21,annual_runoff,0.6561247871590099
2,1200,0.9,robustness,et_full,22,annual_et,0.540407653318717
2,1200,0.9,robustness,et_full,23,impervious_surface,0.6559508824744569
2,1200,0.9,robustness,et_full,24,nighttime_lights,0.5540986882680252
2,1200,0.9,robustness,et_full,25,population_density,0.6392257245042797
3,1200,0.9,robustness,rf_baseline,0,elevation,0.7384851570086377
3,1200,0.9,robustness,rf_baseline,1,slope,-0.00735031559017596
3,1200,0.9,robustness,rf_baseline,2,aspect,0.7546968367525281
3,1200,0.9,robustness,rf_baseline,3,flow_accumulation,0.3103554200415546
3,1200,0.9,robustness,rf_baseline,4,clay_fraction,0.4373590178445582
3,1200,0.9,robustness,rf_baseline,5,organic_carbon,0.08956848487508506
3,1200,0.9,robustness,rf_baseline,6,soil_ph,0.1673323540533973
3,1200,0.9,robustness,rf_baseline,7,water_capacity,0.36000678614757253
3,1200,0.9,robustness,rf_baseline,8,ndvi_mean,0.717099207843461
3,1200,0.9,robustness,rf_baseline,9,ndvi_max,0.680262870904152
3,1200,0.9,robustness,rf_baseline,10,evi_mean,0.46447572282130345
3,1200,0.9,robustness,rf_baseline,11,lai_mean,0.16740534012804342
3,1200,0.9,robustness,rf_baseline,12,tree_cover,0.22366688877547303
3,1200,0.9,robustness,rf_baseline,13,albedo,0.17968432875390583
3,1200,0.9,robustness,rf_baseline,14,lst_daytime,0.7550481904207683
3,1200,0.9,robustness,rf_baseline,15,lst_nighttime,0.7651247374515926
3,1200,0.9,robustness,rf_baseline,16,air_temp_mean,0.7587092933063626
3,1200,0.9,robustness,rf_baseline,17,dew_point_temp,0.7498904374565223
3,1200,0.9,robustness,rf_baseline,18,annual_precip,0.757846666708633
3,1200,0.9,robustness,rf_baseline,19,max_monthly_precip,0.7322926346154215
3,1200,0.9,robustness,rf_baseline,20,soil_moisture,0.3506367540432743
3,1200,0.9,robustness,rf_baseline,21,annual_runoff,0.6780551715665175
3,1200,0.9,robustness,rf_baseline,22,annual_et,0.7862721793785439
3,1200,0.9,robustness,rf_baseline,23,impervious_surface,-0.08841685890379991
3,1200,0.9,robustness,rf_baseline,24,nighttime_lights,0.14993790146834884
3,1200,0.9,robustness,rf_baseline,25,population_density,-0.022076073483017433
3,1200,0.9,robustness,et_full,0,elevation,0.7607573451325105
3,1200,0.9,robustness,et_full,1,slope,0.0026899787277081533
3,1200,0.9,robustness,et_full,2,aspect,0.7620262769404265
3,1200,0.9,robustness,et_full,3,flow_accumulation,0.386731934330245
3,1200,0.9,robustness,et_full,4,clay_fraction,0.4555544338351576
3,1200,0.9,robustness,et_full,5,organic_carbon,0.13376127900836943
3,1200,0.9,robustness,et_full,6,soil_ph,0.20733363684346773
3,1200,0.9,robustness,et_full,7,water_capacity,0.35776811954381305
3,1200,0.9,robustness,et_full,8,ndvi_mean,0.7303752907880311
3,1200,0.9,robustness,et_full,9,ndvi_max,0.6848161216128514
3,1200,0.9,robustness,et_full,10,evi_mean,0.46620387184311096
3,1200,0.9,robustness,et_full,11,lai_mean,0.18422111093001658
3,1200,0.9,robustness,et_full,12,tree_cover,0.25740489211162065
3,1200,0.9,robustness,et_full,13,albedo,0.18525114330079318
3,1200,0.9,robustness,et_full,14,lst_daytime,0.793514927395121
3,1200,0.9,robustness,et_full,15,lst_nighttime,0.788648776146655
3,1200,0.9,robustness,et_full,16,air_temp_mean,0.7852678035494246
3,1200,0.9,robustness,et_full,17,dew_point_temp,0.7766082672539295
3,1200,0.9,robustness,et_full,18,annual_precip,0.756557776105716
3,1200,0.9,robustness,et_full,19,max_monthly_precip,0.7513757897940692
3,1200,0.9,robustness,et_full,20,soil_moisture,0.3954559321001667
3,1200,0.9,robustness,et_full,21,annual_runoff,0.6807957930265204
3,1200,0.9,robustness,et_full,22,annual_et,0.8140265741809861
3,1200,0.9,robustness,et_full,23,impervious_surface,0.0311125594574031
3,1200,0.9,robustness,et_full,24,nighttime_lights,0.236454091155485
3,1200,0.9,robustness,et_full,25,population_density,0.14608218869055034
4,1200,0.9,robustness,rf_baseline,0,elevation,0.3613740854137115
4,1200,0.9,robustness,rf_baseline,1,slope,-0.034465214977372094
4,1200,0.9,robustness,rf_baseline,2,aspect,0.3475333161680987
4,1200,0.9,robustness,rf_baseline,3,flow_accumulation,0.7879184901572162
4,1200,0.9,robustness,rf_baseline,4,clay_fraction,0.34500583010421537
4,1200,0.9,robustness,rf_baseline,5,organic_carbon,0.09733248501028002
4,1200,0.9,robustness,rf_baseline,6,soil_ph,0.16075180337417228
4,1200,0.9,robustness,rf_baseline,7,water_capacity,0.5013802084469521
4,1200,0.9,robustness,rf_baseline,8,ndvi_mean,0.7281999106296102
4,1200,0.9,robustness,rf_baseline,9,ndvi_max,0.670845469429753
4,1200,0.9,robustness,rf_baseline,10,evi_mean,0.5990965519063572
4,1200,0.9,robustness,rf_baseline,11,lai_mean,0.3700272094802496
4,1200,0.9,robustness,rf_baseline,12,tree_cover,0.20399628299933004
4,1200,0.9,robustness,rf_baseline,13,albedo,0.6624854524391909
4,1200,0.9,robustness,rf_baseline,14,lst_daytime,0.6751778168882249
4,1200,0.9,robustness,rf_baseline,15,lst_nighttime,0.6899902510020827
4,1200,0.9,robustness,rf_baseline,16,air_temp_mean,0.6790605176007317
4,1200,0.9,robustness,rf_baseline,17,dew_point_temp,0.6739259828323199
4,1200,0.9,robustness,rf_baseline,18,annual_precip,0.46729791220877426
4,1200,0.9,robustness,rf_baseline,19,max_monthly_precip,0.46536852523392125
4,1200,0.9,robustness,rf_baseline,20,soil_moisture,0.28605879736602424
4,1200,0.9,robustness,rf_baseline,21,annual_runoff,0.3923731435914999
4,1200,0.9,robustness,rf_baseline,22,annual_et,0.6739611810675281
4,1200,0.9,robustness,rf_baseline,23,impervious_surface,0.3347118387272362
4,1200,0.9,robustness,rf_baseline,24,nighttime_lights,0.4844317496449856
4,1200,0.9,robustness,rf_baseline,25,population_density,0.3794086357905321
4,1200,0.9,robustness,et_full,0,elevation,0.3638745965780583
4,1200,0.9,robustness,et_full,1,slope,-0.04577101960005803
4,1200,0.9,robustness,et_full,2,aspect,0.3626824130913343
4,1200,0.9,robustness,et_full,3,flow_accumulation,0.7997092515595104
4,1200,0.9,robustness,et_full,4,clay_fraction,0.4059773152880194
4,1200,0.9,robustness,et_full,5,organic_carbon,0.09390696882510852
4,1200,0.9,robustness,et_full,6,soil_ph,0.17520873726904096
4,1200,0.9,robustness,et_full,7,water_capacity,0.510446693783222
4,1200,0.9,robustness,et_full,8,ndvi_mean,0.7424784855080799
4,1200,0.9,robustness,et_full,9,ndvi_max,0.6882455621306016
4,1200,0.9,robustness,et_full,10,evi_mean,0.5994994849891391
4,1200,0.9,robustness,et_full,11,lai_mean,0.4138400717050533
4,1200,0.9,robustness,et_full,12,tree_cover,0.24655292028905362
4,1200,0.9,robustness,et_full,13,albedo,0.6723003861658021
4,1200,0.9,robustness,et_full,14,lst_daytime,0.6783905462217994
4,1200,0.9,robustness,et_full,15,lst_nighttime,0.7036302160416968
4,1200,0.9,robustness,et_full,16,air_temp_mean,0.7038058914714589
4,1200,0.9,robustness,et_full,17,dew_point_temp,0.7012550060402032
4,1200,0.9,robustness,et_full,18,annual_precip,0.5032860220991575
4,1200,0.9,robustness,et_full,19,max_monthly_precip,0.5080674003858558
4,1200,0.9,robustness,et_full,20,soil_moisture,0.31810216386403756
4,1200,0.9,robustness,et_full,21,annual_runoff,0.43069983485253194
4,1200,0.9,robustness,et_full,22,annual_et,0.6867553086913765
4,1200,0.9,robustness,et_full,23,impervious_surface,0.38727798428497817
4,1200,0.9,robustness,et_full,24,nighttime_lights,0.5261264054701156
4,1200,0.9,robustness,et_full,25,population_density,0.44984417766581075
5,1200,0.9,robustness,rf_baseline,0,elevation,0.7293444681768201
5,1200,0.9,robustness,rf_baseline,1,slope,0.6383583311268104
5,1200,0.9,robustness,rf_baseline,2,aspect,0.7100818899586769
5,1200,0.9,robustness,rf_baseline,3,flow_accumulation,0.3302381545108204
5,1200,0.9,robustness,rf_baseline,4,clay_fraction,0.1940506896936952
5,1200,0.9,robustness,rf_baseline,5,organic_carbon,0.5043181837803649
5,1200,0.9,robustness,rf_baseline,6,soil_ph,0.11582824743568565
5,1200,0.9,robustness,rf_baseline,7,water_capacity,0.1676274522373573
5,1200,0.9,robustness,rf_baseline,8,ndvi_mean,0.6276290152594429
5,1200,0.9,robustness,rf_baseline,9,ndvi_max,0.6883681937507291
5,1200,0.9,robustness,rf_baseline,10,evi_mean,0.402976761830907
5,1200,0.9,robustness,rf_baseline,11,lai_mean,0.17920648704433606
5,1200,0.9,robustness,rf_baseline,12,tree_cover,0.17131610634786687
5,1200,0.9,robustness,rf_baseline,13,albedo,0.6092570829396468
5,1200,0.9,robustness,rf_baseline,14,lst_daytime,0.33328940596523826
5,1200,0.9,robustness,rf_baseline,15,lst_nighttime,0.3199234088909515
5,1200,0.9,robustness,rf_baseline,16,air_temp_mean,0.31231295433859707
5,1200,0.9,robustness,rf_baseline,17,dew_point_temp,0.3131244333144204
5,1200,0.9,robustness,rf_baseline,18,annual_precip,0.8605452577974493
5,1200,0.9,robustness,rf_baseline,19,max_monthly_precip,0.8318805111929375
5,1200,0.9,robustness,rf_baseline,20,soil_moisture,0.16546390012436718
5,1200,0.9,robustness,rf_baseline,21,annual_runoff,0.7548250685856114
5,1200,0.9,robustness,rf_baseline,22,annual_et,0.2869436296047728
5,1200,0.9,robustness,rf_baseline,23,impervious_surface,0.3699465267153176
5,1200,0.9,robustness,rf_baseline,24,nighttime_lights,0.35283285508675455
5,1200,0.9,robustness,rf_baseline,25,population_density,0.4732792326391242
5,1200,0.9,robustness,et_full,0,elevation,0.7444212615105076
5,1200,0.9,robustness,et_full,1,slope,0.6398987316190348
5,1200,0.9,robustness,et_full,2,aspect,0.7263891126382763
5,1200,0.9,robustness,et_full,3,flow_accumulation,0.3815195871151208
5,1200,0.9,robustness,et_full,4,clay_fraction,0.21223616791935784
5,1200,0.9,robustness,et_full,5,organic_carbon,0.48355140225979254
5,1200,0.9,robustness,et_full,6,soil_ph,0.15781702815004028
5,1200,0.9,robustness,et_full,7,water_capacity,0.16186309857797643
5,1200,0.9,robustness,et_full,8,ndvi_mean,0.6385237172371889
5,1200,0.9,robustness,et_full,9,ndvi_max,0.7026633503256228
5,1200,0.9,robustness,et_full,10,evi_mean,0.4256263009069332
5,1200,0.9,robustness,et_full,11,lai_mean,0.16835951715216146
5,1200,0.9,robustness,et_full,12,tree_cover,0.18879091905086864
5,1200,0.9,robustness,et_full,13,albedo,0.6167240991193942
5,1200,0.9,robustness,et_full,14,lst_daytime,0.36863890515646436
5,1200,0.9,robustness,et_full,15,lst_nighttime,0.36944860005653546
5,1200,0.9,robustness,et_full,16,air_temp_mean,0.35497050753861736
5,1200,0.9,robustness,et_full,17,dew_point_temp,0.3399382960816867
5,1200,0.9,robustness,et_full,18,annual_precip,0.8683542583109016
5,1200,0.9,robustness,et_full,19,max_monthly_precip,0.8342455081590157
5,1200,0.9,robustness,et_full,20,soil_moisture,0.20615906775033277
5,1200,0.9,robustness,et_full,21,annual_runoff,0.7784652200811412
5,1200,0.9,robustness,et_full,22,annual_et,0.31293432005234323
5,1200,0.9,robustness,et_full,23,impervious_surface,0.4362734506525253
5,1200,0.9,robustness,et_full,24,nighttime_lights,0.4427832774327566
5,1200,0.9,robustness,et_full,25,population_density,0.5310505453445866
6,1200,0.9,robustness,rf_baseline,0,elevation,0.35842121063053234
6,1200,0.9,robustness,rf_baseline,1,slope,0.19953472673478279
6,1200,0.9,robustness,rf_baseline,2,aspect,0.2558776434855995
6,1200,0.9,robustness,rf_baseline,3,flow_accumulation,0.11929048252539709
6,1200,0.9,robustness,rf_baseline,4,clay_fraction,0.5233434770511715
6,1200,0.9,robustness,rf_baseline,5,organic_carbon,0.5119625547501121
6,1200,0.9,robustness,rf_baseline,6,soil_ph,0.394311552572282
6,1200,0.9,robustness,rf_baseline,7,water_capacity,0.7476350278862973
6,1200,0.9,robustness,rf_baseline,8,ndvi_mean,0.4522841469446225
6,1200,0.9,robustness,rf_baseline,9,ndvi_max,0.44080452193854813
6,1200,0.9,robustness,rf_baseline,10,evi_mean,0.2810831237325987
6,1200,0.9,robustness,rf_baseline,11,lai_mean,0.08612615203734253
6,1200,0.9,robustness,rf_baseline,12,tree_cover,0.2467242650196747
6,1200,0.9,robustness,rf_baseline,13,albedo,0.5049258559211833
6,1200,0.9,robustness,rf_baseline,14,lst_daytime,0.7334771072547879
6,1200,0.9,robustness,rf_baseline,15,lst_nighttime,0.7745221015719946
6,1200,0.9,robustness,rf_baseline,16,air_temp_mean,0.7563482112677783
6,1200,0.9,robustness,rf_baseline,17,dew_point_temp,0.7799692901358324
6,1200,0.9,robustness,rf_baseline,18,annual_precip,0.5339545931271832
6,1200,0.9,robustness,rf_baseline,19,max_monthly_precip,0.4784503001670205
6,1200,0.9,robustness,rf_baseline,20,soil_moisture,0.6868430541347147
6,1200,0.9,robustness,rf_baseline,21,annual_runoff,0.5981967858015526
6,1200,0.9,robustness,rf_baseline,22,annual_et,0.706813686947906
6,1200,0.9,robustness,rf_baseline,23,impervious_surface,0.44240912260348986
6,1200,0.9,robustness,rf_baseline,24,nighttime_lights,0.39825388777486437
6,1200,0.9,robustness,rf_baseline,25,population_density,0.4032158861049172
6,1200,0.9,robustness,et_full,0,elevation,0.34792236560997336
6,1200,0.9,robustness,et_full,1,slope,0.2400464914923467
6,1200,0.9,robustness,et_full,2,aspect,0.29488826492877496
6,1200,0.9,robustness,et_full,3,flow_accumulation,0.14090810475678317
6,1200,0.9,robustness,et_full,4,clay_fraction,0.5446292999899118
6,1200,0.9,robustness,et_full,5,organic_carbon,0.5371638732029713
6,1200,0.9,robustness,et_full,6,soil_ph,0.4309490042592743
6,1200,0.9,robustness,et_full,7,water_capacity,0.7558941817079095
6,1200,0.9,robustness,et_full,8,ndvi_mean,0.4585882145394444
6,1200,0.9,robustness,et_full,9,ndvi_max,0.44600739934305333
6,1200,0.9,robustness,et_full,10,evi_mean,0.3046296329309687
6,1200,0.9,robustness,et_full,11,lai_mean,0.10763307583697912
6,1200,0.9,robustness,et_full,12,tree_cover,0.23046086907907337
6,1200,0.9,robustness,et_full,13,albedo,0.5212123358688869
6,1200,0.9,robustness,et_full,14,lst_daytime,0.753041630864909
6,1200,0.9,robustness,et_full,15,lst_nighttime,0.780655908965833
6,1200,0.9,robustness,et_full,16,air_temp_mean,0.7765072023210374
6,1200,0.9,robustness,et_full,17,dew_point_temp,0.8112521181816944
6,1200,0.9,robustness,et_full,18,annual_precip,0.5478622556382895
6,1200,0.9,robustness,et_full,19,max_monthly_precip,0.4935600850796199
6,1200,0.9,robustness,et_full,20,soil_moisture,0.7008749028422341
6,1200,0.9,robustness,et_full,21,annual_runoff,0.6200236916498001
6,1200,0.9,robustness,et_full,22,annual_et,0.7152892898187688
6,1200,0.9,robustness,et_full,23,impervious_surface,0.46291310801222185
6,1200,0.9,robustness,et_full,24,nighttime_lights,0.42234442967622976
6,1200,0.9,robustness,et_full,25,population_density,0.4458329030268928
7,1200,0.9,robustness,rf_baseline,0,elevation,0.6247781382349287
7,1200,0.9,robustness,rf_baseline,1,slope,0.4825643838035385
7,1200,0.9,robustness,rf_baseline,2,aspect,0.3077494730081314
7,1200,0.9,robustness,rf_baseline,3,flow_accumulation,0.5540017665565101
7,1200,0.9,robustness,rf_baseline,4,clay_fraction,0.697715022455907
7,1200,0.9,robustness,rf_baseline,5,organic_carbon,0.3415241103111686
7,1200,0.9,robustness,rf_baseline,6,soil_ph,0.19591450769443186
7,1200,0.9,robustness,rf_baseline,7,water_capacity,0.4090717305189939
7,1200,0.9,robustness,rf_baseline,8,ndvi_mean,0.4942420786730519
7,1200,0.9,robustness,rf_baseline,9,ndvi_max,0.4670854276968628
7,1200,0.9,robustness,rf_baseline,10,evi_mean,0.3733824627160923
7,1200,0.9,robustness,rf_baseline,11,lai_mean,0.1532194712526589
7,1200,0.9,robustness,rf_baseline,12,tree_cover,0.16821292287714007
7,1200,0.9,robustness,rf_baseline,13,albedo,-0.0031178377797191903
7,1200,0.9,robustness,rf_baseline,14,lst_daytime,0.828273963536703
7,1200,0.9,robustness,rf_baseline,15,lst_nighttime,0.7816723933148647
7,1200,0.9,robustness,rf_baseline,16,air_temp_mean,0.7990135749200945
7,1200,0.9,robustness,rf_baseline,17,dew_point_temp,0.7530201325569654
7,1200,0.9,robustness,rf_baseline,18,annual_precip,0.5228840867332574
7,1200,0.9,robustness,rf_baseline,19,max_monthly_precip,0.4828673293036526
7,1200,0.9,robustness,rf_baseline,20,soil_moisture,0.737955147010433
7,1200,0.9,robustness,rf_baseline,21,annual_runoff,0.582271467769884
7,1200,0.9,robustness,rf_baseline,22,annual_et,0.7365849392155883
7,1200,0.9,robustness,rf_baseline,23,impervious_surface,-0.009093451850753276
7,1200,0.9,robustness,rf_baseline,24,nighttime_lights,0.15963658067816344
7,1200,0.9,robustness,rf_baseline,25,population_density,0.04502441542369717
7,1200,0.9,robustness,et_full,0,elevation,0.6321706887264544
7,1200,0.9,robustness,et_full,1,slope,0.5008576052833723
7,1200,0.9,robustness,et_full,2,aspect,0.37122909926084624
7,1200,0.9,robustness,et_full,3,flow_accumulation,0.5887711154621917
7,1200,0.9,robustness,et_full,4,clay_fraction,0.7243777563941252
7,1200,0.9,robustness,et_full,5,organic_carbon,0.36780940497199166
7,1200,0.9,robustness,et_full,6,soil_ph,0.21114768289572505
7,1200,0.9,robustness,et_full,7,water_capacity,0.4009177476531105
7,1200,0.9,robustness,et_full,8,ndvi_mean,0.5572727883070656
7,1200,0.9,robustness,et_full,9,ndvi_max,0.5368144699701887
7,1200,0.9,robustness,et_full,10,evi_mean,0.3892217780306769
7,1200,0.9,robustness,et_full,11,lai_mean,0.13297937914144076
7,1200,0.9,robustness,et_full,12,tree_cover,0.17891725825810578
7,1200,0.9,robustness,et_full,13,albedo,0.09359243835507869
7,1200,0.9,robustness,et_full,14,lst_daytime,0.8361101011182285
7,1200,0.9,robustness,et_full,15,lst_nighttime,0.7975216620570517
7,1200,0.9,robustness,et_full,16,air_temp_mean,0.8071540294258626
7,1200,0.9,robustness,et_full,17,dew_point_temp,0.7539146105674307
7,1200,0.9,robustness,et_full,18,annual_precip,0.5754743772741888
7,1200,0.9,robustness,et_full,19,max_monthly_precip,0.5183052317461617
7,1200,0.9,robustness,et_full,20,soil_moisture,0.7477831737139237
7,1200,0.9,robustness,et_full,21,annual_runoff,0.6036610543453687
7,1200,0.9,robustness,et_full,22,annual_et,0.7562234468190288
7,1200,0.9,robustness,et_full,23,impervious_surface,0.05111954242941008
7,1200,0.9,robustness,et_full,24,nighttime_lights,0.214172959900082
7,1200,0.9,robustness,et_full,25,population_density,0.11579824253814308
